
==========
== CUDA ==
==========

CUDA Version 11.8.0

Container image Copyright (c) 2016-2023, NVIDIA CORPORATION & AFFILIATES. All rights reserved.

This container image and its contents are governed by the NVIDIA Deep Learning Container License.
By pulling and using the container, you accept the terms and conditions of this license:
https://developer.nvidia.com/ngc/nvidia-deep-learning-container-license

A copy of this license is made available in this container at /NGC-DL-CONTAINER-LICENSE for your convenience.

Tokenized dataset is ready in ./output_dir
Created artifacts/accum_128
Tokenized dataset is ready in ./output_dir
Loading 32 parquet shards...
Training samples: 1940063
Validation samples: 5000
Model pad token id: 2
Total params: 960,881,664

  0%|          | 0/15157 [00:00<?, ?it/s]
  0%|          | 1/15157 [00:04<17:17:29,  4.11s/it]
                                                    
{'loss': 11.2141, 'grad_norm': 2.796875, 'learning_rate': 0.0, 'epoch': 0.0}

  0%|          | 1/15157 [00:04<17:17:29,  4.11s/it]
  0%|          | 2/15157 [00:07<14:19:52,  3.40s/it]{'loss': 11.2113, 'grad_norm': 2.875, 'learning_rate': 1.1999999999999999e-05, 'epoch': 0.0}

                                                    

  0%|          | 2/15157 [00:07<14:19:52,  3.40s/it]
  0%|          | 3/15157 [00:09<13:24:34,  3.19s/it]
                                                    
{'loss': 11.1968, 'grad_norm': 2.78125, 'learning_rate': 2.3999999999999997e-05, 'epoch': 0.0}

  0%|          | 3/15157 [00:09<13:24:34,  3.19s/it]
  0%|          | 4/15157 [00:12<12:57:45,  3.08s/it]{'loss': 11.1, 'grad_norm': 2.984375, 'learning_rate': 3.5999999999999994e-05, 'epoch': 0.0}

                                                    

  0%|          | 4/15157 [00:12<12:57:45,  3.08s/it]
  0%|          | 5/15157 [00:15<12:43:52,  3.02s/it]
                                                    
{'loss': 10.9254, 'grad_norm': 3.15625, 'learning_rate': 4.7999999999999994e-05, 'epoch': 0.0}

  0%|          | 5/15157 [00:15<12:43:52,  3.02s/it]
  0%|          | 6/15157 [00:18<12:34:02,  2.99s/it]
                                                    
{'loss': 10.5702, 'grad_norm': 3.625, 'learning_rate': 5.9999999999999995e-05, 'epoch': 0.0}

  0%|          | 6/15157 [00:18<12:34:02,  2.99s/it]
  0%|          | 7/15157 [00:21<12:28:13,  2.96s/it]{'loss': 10.5897, 'grad_norm': 14.5, 'learning_rate': 7.199999999999999e-05, 'epoch': 0.0}

                                                    

  0%|          | 7/15157 [00:21<12:28:13,  2.96s/it]
  0%|          | 8/15157 [00:24<12:25:11,  2.95s/it]
                                                    
{'loss': 10.3463, 'grad_norm': 17.875, 'learning_rate': 8.4e-05, 'epoch': 0.0}

  0%|          | 8/15157 [00:24<12:25:11,  2.95s/it]
  0%|          | 9/15157 [00:27<12:23:30,  2.94s/it]
                                                    
{'loss': 10.118, 'grad_norm': 14.5625, 'learning_rate': 9.599999999999999e-05, 'epoch': 0.0}

  0%|          | 9/15157 [00:27<12:23:30,  2.94s/it]
  0%|          | 10/15157 [00:30<12:22:04,  2.94s/it]
                                                     
{'loss': 9.9002, 'grad_norm': 4.75, 'learning_rate': 0.00010799999999999998, 'epoch': 0.0}

  0%|          | 10/15157 [00:30<12:22:04,  2.94s/it]
  0%|          | 11/15157 [00:33<12:19:49,  2.93s/it]
                                                     
{'loss': 9.7725, 'grad_norm': 5.21875, 'learning_rate': 0.00011999999999999999, 'epoch': 0.0}

  0%|          | 11/15157 [00:33<12:19:49,  2.93s/it]
  0%|          | 12/15157 [00:36<12:18:32,  2.93s/it]
                                                     
{'loss': 9.3569, 'grad_norm': 3.21875, 'learning_rate': 0.00013199999999999998, 'epoch': 0.0}

  0%|          | 12/15157 [00:36<12:18:32,  2.93s/it]
  0%|          | 13/15157 [00:39<12:18:55,  2.93s/it]
                                                     

  0%|          | 13/15157 [00:39<12:18:55,  2.93s/it]{'loss': 9.1005, 'grad_norm': 8.9375, 'learning_rate': 0.00014399999999999998, 'epoch': 0.0}

  0%|          | 14/15157 [00:42<12:19:01,  2.93s/it]
                                                     
{'loss': 8.9345, 'grad_norm': 6.84375, 'learning_rate': 0.000156, 'epoch': 0.0}

  0%|          | 14/15157 [00:42<12:19:01,  2.93s/it]
  0%|          | 15/15157 [00:45<12:18:37,  2.93s/it]
                                                     
{'loss': 8.7543, 'grad_norm': 3.5625, 'learning_rate': 0.000168, 'epoch': 0.0}

  0%|          | 15/15157 [00:45<12:18:37,  2.93s/it]
  0%|          | 16/15157 [00:47<12:18:55,  2.93s/it]
                                                     
{'loss': 8.5512, 'grad_norm': 2.6875, 'learning_rate': 0.00017999999999999998, 'epoch': 0.0}

  0%|          | 16/15157 [00:47<12:18:55,  2.93s/it]
  0%|          | 17/15157 [00:50<12:17:59,  2.92s/it]
                                                     
{'loss': 8.438, 'grad_norm': 3.09375, 'learning_rate': 0.00019199999999999998, 'epoch': 0.0}

  0%|          | 17/15157 [00:50<12:17:59,  2.92s/it]
  0%|          | 18/15157 [00:53<12:18:56,  2.93s/it]
                                                     
{'loss': 8.3812, 'grad_norm': 2.953125, 'learning_rate': 0.000204, 'epoch': 0.0}

  0%|          | 18/15157 [00:53<12:18:56,  2.93s/it]
  0%|          | 19/15157 [00:56<12:19:07,  2.93s/it]{'loss': 8.1666, 'grad_norm': 1.875, 'learning_rate': 0.00021599999999999996, 'epoch': 0.0}

                                                     

  0%|          | 19/15157 [00:56<12:19:07,  2.93s/it]
  0%|          | 20/15157 [00:59<12:19:51,  2.93s/it]
                                                     
{'loss': 8.0555, 'grad_norm': 2.203125, 'learning_rate': 0.00022799999999999999, 'epoch': 0.0}

  0%|          | 20/15157 [00:59<12:19:51,  2.93s/it]
  0%|          | 21/15157 [01:02<12:20:34,  2.94s/it]{'loss': 8.087, 'grad_norm': 2.3125, 'learning_rate': 0.00023999999999999998, 'epoch': 0.0}

                                                     

  0%|          | 21/15157 [01:02<12:20:34,  2.94s/it]
  0%|          | 22/15157 [01:05<12:21:26,  2.94s/it]
                                                     
{'loss': 8.0752, 'grad_norm': 1.3515625, 'learning_rate': 0.00025199999999999995, 'epoch': 0.0}

  0%|          | 22/15157 [01:05<12:21:26,  2.94s/it]
  0%|          | 23/15157 [01:08<12:22:49,  2.94s/it]
                                                     
{'loss': 7.9664, 'grad_norm': 1.296875, 'learning_rate': 0.00026399999999999997, 'epoch': 0.0}

  0%|          | 23/15157 [01:08<12:22:49,  2.94s/it]
  0%|          | 24/15157 [01:11<12:21:28,  2.94s/it]
                                                     
{'loss': 7.8893, 'grad_norm': 1.3984375, 'learning_rate': 0.000276, 'epoch': 0.0}

  0%|          | 24/15157 [01:11<12:21:28,  2.94s/it]
  0%|          | 25/15157 [01:14<12:20:58,  2.94s/it]
                                                     
{'loss': 7.9496, 'grad_norm': 2.765625, 'learning_rate': 0.00028799999999999995, 'epoch': 0.0}

  0%|          | 25/15157 [01:14<12:20:58,  2.94s/it]
  0%|          | 26/15157 [01:17<12:20:55,  2.94s/it]
                                                     
{'loss': 8.0625, 'grad_norm': 1.765625, 'learning_rate': 0.0003, 'epoch': 0.0}

  0%|          | 26/15157 [01:17<12:20:55,  2.94s/it]
  0%|          | 27/15157 [01:20<12:21:01,  2.94s/it]
                                                     
{'loss': 8.0963, 'grad_norm': 3.203125, 'learning_rate': 0.000312, 'epoch': 0.0}

  0%|          | 27/15157 [01:20<12:21:01,  2.94s/it]
  0%|          | 28/15157 [01:23<12:20:39,  2.94s/it]
                                                     
{'loss': 8.023, 'grad_norm': 1.46875, 'learning_rate': 0.000324, 'epoch': 0.0}

  0%|          | 28/15157 [01:23<12:20:39,  2.94s/it]
  0%|          | 29/15157 [01:26<12:20:27,  2.94s/it]
                                                     
{'loss': 7.8942, 'grad_norm': 2.21875, 'learning_rate': 0.000336, 'epoch': 0.0}

  0%|          | 29/15157 [01:26<12:20:27,  2.94s/it]
  0%|          | 30/15157 [01:29<12:21:12,  2.94s/it]{'loss': 8.105, 'grad_norm': 2.078125, 'learning_rate': 0.00034799999999999995, 'epoch': 0.0}

                                                     

  0%|          | 30/15157 [01:29<12:21:12,  2.94s/it]
  0%|          | 31/15157 [01:32<12:21:17,  2.94s/it]
                                                     
{'loss': 7.946, 'grad_norm': 2.6875, 'learning_rate': 0.00035999999999999997, 'epoch': 0.0}

  0%|          | 31/15157 [01:32<12:21:17,  2.94s/it]
  0%|          | 32/15157 [01:34<12:21:53,  2.94s/it]
                                                     
{'loss': 7.8903, 'grad_norm': 2.046875, 'learning_rate': 0.000372, 'epoch': 0.0}

  0%|          | 32/15157 [01:34<12:21:53,  2.94s/it]
  0%|          | 33/15157 [01:37<12:21:30,  2.94s/it]
                                                     
{'loss': 7.9191, 'grad_norm': 1.640625, 'learning_rate': 0.00038399999999999996, 'epoch': 0.0}

  0%|          | 33/15157 [01:37<12:21:30,  2.94s/it]
  0%|          | 34/15157 [01:40<12:22:53,  2.95s/it]
                                                     
{'loss': 7.9197, 'grad_norm': 5.5625, 'learning_rate': 0.000396, 'epoch': 0.0}

  0%|          | 34/15157 [01:40<12:22:53,  2.95s/it]
  0%|          | 35/15157 [01:43<12:22:17,  2.95s/it]
                                                     
{'loss': 7.8219, 'grad_norm': 1.390625, 'learning_rate': 0.000408, 'epoch': 0.0}

  0%|          | 35/15157 [01:43<12:22:17,  2.95s/it]
  0%|          | 36/15157 [01:46<12:23:16,  2.95s/it]{'loss': 7.8501, 'grad_norm': 2.53125, 'learning_rate': 0.00041999999999999996, 'epoch': 0.0}

                                                     

  0%|          | 36/15157 [01:46<12:23:16,  2.95s/it]
  0%|          | 37/15157 [01:49<12:24:18,  2.95s/it]
                                                     
{'loss': 7.8942, 'grad_norm': 1.9140625, 'learning_rate': 0.00043199999999999993, 'epoch': 0.0}

  0%|          | 37/15157 [01:49<12:24:18,  2.95s/it]
  0%|          | 38/15157 [01:52<12:24:03,  2.95s/it]
                                                     
{'loss': 7.7956, 'grad_norm': 1.921875, 'learning_rate': 0.00044399999999999995, 'epoch': 0.0}

  0%|          | 38/15157 [01:52<12:24:03,  2.95s/it]
  0%|          | 39/15157 [01:55<12:24:33,  2.95s/it]
                                                     
{'loss': 7.7981, 'grad_norm': 1.8828125, 'learning_rate': 0.00045599999999999997, 'epoch': 0.0}

  0%|          | 39/15157 [01:55<12:24:33,  2.95s/it]
  0%|          | 40/15157 [01:58<12:24:59,  2.96s/it]
                                                     
{'loss': 7.7291, 'grad_norm': 2.6875, 'learning_rate': 0.000468, 'epoch': 0.0}

  0%|          | 40/15157 [01:58<12:24:59,  2.96s/it]
  0%|          | 41/15157 [02:01<12:23:00,  2.95s/it]
                                                     
{'loss': 7.6944, 'grad_norm': 1.4609375, 'learning_rate': 0.00047999999999999996, 'epoch': 0.0}

  0%|          | 41/15157 [02:01<12:23:00,  2.95s/it]
  0%|          | 42/15157 [02:04<12:24:41,  2.96s/it]{'loss': 7.8052, 'grad_norm': 1.6484375, 'learning_rate': 0.0004919999999999999, 'epoch': 0.0}

                                                     

  0%|          | 42/15157 [02:04<12:24:41,  2.96s/it]
  0%|          | 43/15157 [02:07<12:26:03,  2.96s/it]{'loss': 7.7329, 'grad_norm': 1.1015625, 'learning_rate': 0.0005039999999999999, 'epoch': 0.0}

                                                     

  0%|          | 43/15157 [02:07<12:26:03,  2.96s/it]
  0%|          | 44/15157 [02:10<12:27:35,  2.97s/it]
                                                     
{'loss': 7.7077, 'grad_norm': 1.6640625, 'learning_rate': 0.000516, 'epoch': 0.0}

  0%|          | 44/15157 [02:10<12:27:35,  2.97s/it]
  0%|          | 45/15157 [02:13<12:28:20,  2.97s/it]
                                                     
{'loss': 7.6342, 'grad_norm': 0.9921875, 'learning_rate': 0.0005279999999999999, 'epoch': 0.0}

  0%|          | 45/15157 [02:13<12:28:20,  2.97s/it]
  0%|          | 46/15157 [02:16<12:27:52,  2.97s/it]
                                                     
{'loss': 7.7343, 'grad_norm': 4.21875, 'learning_rate': 0.00054, 'epoch': 0.0}

  0%|          | 46/15157 [02:16<12:27:52,  2.97s/it]
  0%|          | 47/15157 [02:19<12:27:46,  2.97s/it]{'loss': 7.7333, 'grad_norm': 2.265625, 'learning_rate': 0.000552, 'epoch': 0.0}

                                                     

  0%|          | 47/15157 [02:19<12:27:46,  2.97s/it]
  0%|          | 48/15157 [02:22<12:28:09,  2.97s/it]
                                                     
{'loss': 7.6114, 'grad_norm': 1.0625, 'learning_rate': 0.0005639999999999999, 'epoch': 0.0}

  0%|          | 48/15157 [02:22<12:28:09,  2.97s/it]
  0%|          | 49/15157 [02:25<12:26:46,  2.97s/it]
                                                     
{'loss': 7.3508, 'grad_norm': 1.3203125, 'learning_rate': 0.0005759999999999999, 'epoch': 0.0}

  0%|          | 49/15157 [02:25<12:26:46,  2.97s/it]
  0%|          | 50/15157 [02:28<12:27:25,  2.97s/it]
                                                     
{'loss': 7.5836, 'grad_norm': 1.390625, 'learning_rate': 0.000588, 'epoch': 0.0}

  0%|          | 50/15157 [02:28<12:27:25,  2.97s/it]
  0%|          | 51/15157 [02:31<12:26:54,  2.97s/it]
                                                     
{'loss': 7.4783, 'grad_norm': 2.359375, 'learning_rate': 0.0006, 'epoch': 0.0}

  0%|          | 51/15157 [02:31<12:26:54,  2.97s/it]
  0%|          | 52/15157 [02:34<12:25:54,  2.96s/it]{'loss': 7.3525, 'grad_norm': 1.5546875, 'learning_rate': 0.0005999999935131397, 'epoch': 0.0}

                                                     

  0%|          | 52/15157 [02:34<12:25:54,  2.96s/it]
  0%|          | 53/15157 [02:37<12:24:21,  2.96s/it]
                                                     
{'loss': 7.3764, 'grad_norm': 2.203125, 'learning_rate': 0.0005999999740525591, 'epoch': 0.0}

  0%|          | 53/15157 [02:37<12:24:21,  2.96s/it]
  0%|          | 54/15157 [02:40<12:25:42,  2.96s/it]
                                                     
{'loss': 7.3384, 'grad_norm': 1.4609375, 'learning_rate': 0.000599999941618259, 'epoch': 0.0}

  0%|          | 54/15157 [02:40<12:25:42,  2.96s/it]
  0%|          | 55/15157 [02:43<12:25:56,  2.96s/it]
                                                     
{'loss': 7.3367, 'grad_norm': 1.203125, 'learning_rate': 0.0005999998962102409, 'epoch': 0.0}

  0%|          | 55/15157 [02:43<12:25:56,  2.96s/it]
  0%|          | 56/15157 [02:46<12:25:34,  2.96s/it]
                                                     
{'loss': 7.0871, 'grad_norm': 1.265625, 'learning_rate': 0.0005999998378285067, 'epoch': 0.0}

  0%|          | 56/15157 [02:46<12:25:34,  2.96s/it]
  0%|          | 57/15157 [02:49<12:26:00,  2.96s/it]{'loss': 7.1706, 'grad_norm': 1.53125, 'learning_rate': 0.000599999766473059, 'epoch': 0.0}

                                                     

  0%|          | 57/15157 [02:49<12:26:00,  2.96s/it]
  0%|          | 58/15157 [02:51<12:25:03,  2.96s/it]
                                                     
{'loss': 7.0368, 'grad_norm': 1.3203125, 'learning_rate': 0.0005999996821439008, 'epoch': 0.0}

  0%|          | 58/15157 [02:51<12:25:03,  2.96s/it]
  0%|          | 59/15157 [02:54<12:26:47,  2.97s/it]
                                                     
{'loss': 7.126, 'grad_norm': 1.1640625, 'learning_rate': 0.0005999995848410357, 'epoch': 0.0}

  0%|          | 59/15157 [02:54<12:26:47,  2.97s/it]
  0%|          | 60/15157 [02:57<12:26:30,  2.97s/it]
                                                     
{'loss': 7.1352, 'grad_norm': 1.234375, 'learning_rate': 0.000599999474564468, 'epoch': 0.0}

  0%|          | 60/15157 [02:57<12:26:30,  2.97s/it]
  0%|          | 61/15157 [03:00<12:26:52,  2.97s/it]
                                                     
{'loss': 7.0129, 'grad_norm': 1.546875, 'learning_rate': 0.0005999993513142024, 'epoch': 0.0}

  0%|          | 61/15157 [03:00<12:26:52,  2.97s/it]
  0%|          | 62/15157 [03:03<12:25:55,  2.96s/it]
                                                     
{'loss': 6.7703, 'grad_norm': 1.5390625, 'learning_rate': 0.0005999992150902443, 'epoch': 0.0}

  0%|          | 62/15157 [03:03<12:25:55,  2.96s/it]
  0%|          | 63/15157 [03:06<12:24:41,  2.96s/it]
                                                     
{'loss': 6.8861, 'grad_norm': 0.90234375, 'learning_rate': 0.0005999990658925996, 'epoch': 0.0}

  0%|          | 63/15157 [03:06<12:24:41,  2.96s/it]
  0%|          | 64/15157 [03:09<12:25:14,  2.96s/it]{'loss': 6.8928, 'grad_norm': 1.53125, 'learning_rate': 0.0005999989037212747, 'epoch': 0.0}

                                                     

  0%|          | 64/15157 [03:09<12:25:14,  2.96s/it]
  0%|          | 65/15157 [03:12<12:24:01,  2.96s/it]
                                                     
{'loss': 6.7941, 'grad_norm': 1.53125, 'learning_rate': 0.0005999987285762766, 'epoch': 0.0}

  0%|          | 65/15157 [03:12<12:24:01,  2.96s/it]
  0%|          | 66/15157 [03:15<12:25:12,  2.96s/it]{'loss': 6.6862, 'grad_norm': 0.9296875, 'learning_rate': 0.0005999985404576129, 'epoch': 0.0}

                                                     

  0%|          | 66/15157 [03:15<12:25:12,  2.96s/it]
  0%|          | 67/15157 [03:18<12:24:34,  2.96s/it]
                                                     
{'loss': 6.821, 'grad_norm': 1.46875, 'learning_rate': 0.0005999983393652918, 'epoch': 0.0}

  0%|          | 67/15157 [03:18<12:24:34,  2.96s/it]
  0%|          | 68/15157 [03:21<12:21:53,  2.95s/it]
                                                     
{'loss': 6.6391, 'grad_norm': 0.83984375, 'learning_rate': 0.0005999981252993219, 'epoch': 0.0}

  0%|          | 68/15157 [03:21<12:21:53,  2.95s/it]
  0%|          | 69/15157 [03:24<12:22:47,  2.95s/it]
                                                     
{'loss': 6.667, 'grad_norm': 0.81640625, 'learning_rate': 0.0005999978982597125, 'epoch': 0.0}

  0%|          | 69/15157 [03:24<12:22:47,  2.95s/it]
  0%|          | 70/15157 [03:27<12:23:05,  2.96s/it]
                                                     
{'loss': 6.6177, 'grad_norm': 1.078125, 'learning_rate': 0.0005999976582464734, 'epoch': 0.0}

  0%|          | 70/15157 [03:27<12:23:05,  2.96s/it]
  0%|          | 71/15157 [03:30<12:22:54,  2.95s/it]
                                                     
{'loss': 6.5877, 'grad_norm': 0.921875, 'learning_rate': 0.000599997405259615, 'epoch': 0.0}

  0%|          | 71/15157 [03:30<12:22:54,  2.95s/it]
  0%|          | 72/15157 [03:33<12:23:10,  2.96s/it]{'loss': 6.5881, 'grad_norm': 0.98828125, 'learning_rate': 0.0005999971392991483, 'epoch': 0.0}

                                                     

  0%|          | 72/15157 [03:33<12:23:10,  2.96s/it]
  0%|          | 73/15157 [03:36<12:23:40,  2.96s/it]
                                                     
{'loss': 6.6182, 'grad_norm': 1.0390625, 'learning_rate': 0.0005999968603650846, 'epoch': 0.0}

  0%|          | 73/15157 [03:36<12:23:40,  2.96s/it]
  0%|          | 74/15157 [03:39<12:23:45,  2.96s/it]
                                                     
{'loss': 6.4774, 'grad_norm': 1.15625, 'learning_rate': 0.0005999965684574362, 'epoch': 0.0}

  0%|          | 74/15157 [03:39<12:23:45,  2.96s/it]
  0%|          | 75/15157 [03:42<12:23:28,  2.96s/it]
                                                     
{'loss': 6.4155, 'grad_norm': 1.0703125, 'learning_rate': 0.0005999962635762155, 'epoch': 0.0}

  0%|          | 75/15157 [03:42<12:23:28,  2.96s/it]
  1%|          | 76/15157 [03:45<12:23:25,  2.96s/it]
                                                     
{'loss': 6.3708, 'grad_norm': 0.953125, 'learning_rate': 0.0005999959457214359, 'epoch': 0.01}

  1%|          | 76/15157 [03:45<12:23:25,  2.96s/it]
  1%|          | 77/15157 [03:48<12:22:49,  2.96s/it]
                                                     
{'loss': 6.288, 'grad_norm': 1.3671875, 'learning_rate': 0.0005999956148931111, 'epoch': 0.01}

  1%|          | 77/15157 [03:48<12:22:49,  2.96s/it]
  1%|          | 78/15157 [03:51<12:23:23,  2.96s/it]
                                                     
{'loss': 6.4099, 'grad_norm': 0.83984375, 'learning_rate': 0.0005999952710912552, 'epoch': 0.01}

  1%|          | 78/15157 [03:51<12:23:23,  2.96s/it]
  1%|          | 79/15157 [03:54<12:23:05,  2.96s/it]
                                                     
{'loss': 6.5863, 'grad_norm': 1.03125, 'learning_rate': 0.0005999949143158834, 'epoch': 0.01}

  1%|          | 79/15157 [03:54<12:23:05,  2.96s/it]
  1%|          | 80/15157 [03:57<12:23:21,  2.96s/it]
                                                     
{'loss': 6.2953, 'grad_norm': 0.69140625, 'learning_rate': 0.0005999945445670109, 'epoch': 0.01}

  1%|          | 80/15157 [03:57<12:23:21,  2.96s/it]
  1%|          | 81/15157 [04:00<12:23:51,  2.96s/it]
                                                     
{'loss': 6.2736, 'grad_norm': 1.0234375, 'learning_rate': 0.0005999941618446536, 'epoch': 0.01}

  1%|          | 81/15157 [04:00<12:23:51,  2.96s/it]
  1%|          | 82/15157 [04:02<12:24:28,  2.96s/it]
                                                     
{'loss': 6.403, 'grad_norm': 0.9921875, 'learning_rate': 0.0005999937661488285, 'epoch': 0.01}

  1%|          | 82/15157 [04:03<12:24:28,  2.96s/it]
  1%|          | 83/15157 [04:05<12:23:35,  2.96s/it]
                                                     
{'loss': 6.1482, 'grad_norm': 0.7734375, 'learning_rate': 0.0005999933574795521, 'epoch': 0.01}

  1%|          | 83/15157 [04:05<12:23:35,  2.96s/it]
  1%|          | 84/15157 [04:08<12:23:05,  2.96s/it]
                                                     
{'loss': 6.326, 'grad_norm': 0.95703125, 'learning_rate': 0.0005999929358368424, 'epoch': 0.01}

  1%|          | 84/15157 [04:08<12:23:05,  2.96s/it]
  1%|          | 85/15157 [04:11<12:22:45,  2.96s/it]
                                                     
{'loss': 6.1702, 'grad_norm': 1.1015625, 'learning_rate': 0.0005999925012207177, 'epoch': 0.01}

  1%|          | 85/15157 [04:11<12:22:45,  2.96s/it]
  1%|          | 86/15157 [04:14<12:24:03,  2.96s/it]
                                                     
{'loss': 6.3505, 'grad_norm': 1.0390625, 'learning_rate': 0.0005999920536311969, 'epoch': 0.01}

  1%|          | 86/15157 [04:14<12:24:03,  2.96s/it]
  1%|          | 87/15157 [04:17<12:23:48,  2.96s/it]
                                                     
{'loss': 6.2754, 'grad_norm': 1.5078125, 'learning_rate': 0.0005999915930682989, 'epoch': 0.01}

  1%|          | 87/15157 [04:17<12:23:48,  2.96s/it]
  1%|          | 88/15157 [04:20<12:23:33,  2.96s/it]{'loss': 6.179, 'grad_norm': 1.015625, 'learning_rate': 0.000599991119532044, 'epoch': 0.01}

                                                     

  1%|          | 88/15157 [04:20<12:23:33,  2.96s/it]
  1%|          | 89/15157 [04:23<12:23:24,  2.96s/it]
                                                     
{'loss': 6.0892, 'grad_norm': 1.2578125, 'learning_rate': 0.0005999906330224525, 'epoch': 0.01}

  1%|          | 89/15157 [04:23<12:23:24,  2.96s/it]
  1%|          | 90/15157 [04:26<12:23:57,  2.96s/it]
                                                     
{'loss': 6.1114, 'grad_norm': 0.90234375, 'learning_rate': 0.0005999901335395455, 'epoch': 0.01}

  1%|          | 90/15157 [04:26<12:23:57,  2.96s/it]
  1%|          | 91/15157 [04:29<12:23:40,  2.96s/it]
                                                     
{'loss': 6.1901, 'grad_norm': 0.75, 'learning_rate': 0.0005999896210833448, 'epoch': 0.01}

  1%|          | 91/15157 [04:29<12:23:40,  2.96s/it]
  1%|          | 92/15157 [04:32<12:24:09,  2.96s/it]
                                                     
{'loss': 6.1184, 'grad_norm': 1.0390625, 'learning_rate': 0.0005999890956538722, 'epoch': 0.01}

  1%|          | 92/15157 [04:32<12:24:09,  2.96s/it]
  1%|          | 93/15157 [04:35<12:24:17,  2.96s/it]{'loss': 5.9362, 'grad_norm': 0.83984375, 'learning_rate': 0.0005999885572511506, 'epoch': 0.01}

                                                     

  1%|          | 93/15157 [04:35<12:24:17,  2.96s/it]
  1%|          | 94/15157 [04:38<12:24:35,  2.97s/it]
                                                     
{'loss': 5.9651, 'grad_norm': 1.078125, 'learning_rate': 0.0005999880058752032, 'epoch': 0.01}

  1%|          | 94/15157 [04:38<12:24:35,  2.97s/it]
  1%|          | 95/15157 [04:41<12:23:53,  2.96s/it]{'loss': 5.9187, 'grad_norm': 0.62890625, 'learning_rate': 0.000599987441526054, 'epoch': 0.01}

                                                     

  1%|          | 95/15157 [04:41<12:23:53,  2.96s/it]
  1%|          | 96/15157 [04:44<12:23:03,  2.96s/it]
                                                     
{'loss': 5.912, 'grad_norm': 0.88671875, 'learning_rate': 0.0005999868642037272, 'epoch': 0.01}

  1%|          | 96/15157 [04:44<12:23:03,  2.96s/it]
  1%|          | 97/15157 [04:47<12:21:35,  2.95s/it]
                                                     
{'loss': 5.9064, 'grad_norm': 0.68359375, 'learning_rate': 0.000599986273908248, 'epoch': 0.01}

  1%|          | 97/15157 [04:47<12:21:35,  2.95s/it]
  1%|          | 98/15157 [04:50<12:20:43,  2.95s/it]
                                                     
{'loss': 5.7932, 'grad_norm': 0.71875, 'learning_rate': 0.0005999856706396418, 'epoch': 0.01}

  1%|          | 98/15157 [04:50<12:20:43,  2.95s/it]
  1%|          | 99/15157 [04:53<12:22:28,  2.96s/it]
                                                     
{'loss': 5.8904, 'grad_norm': 0.73828125, 'learning_rate': 0.0005999850543979348, 'epoch': 0.01}

  1%|          | 99/15157 [04:53<12:22:28,  2.96s/it]
  1%|          | 100/15157 [04:56<12:23:11,  2.96s/it]
                                                      
{'loss': 5.9113, 'grad_norm': 0.578125, 'learning_rate': 0.0005999844251831534, 'epoch': 0.01}

  1%|          | 100/15157 [04:56<12:23:11,  2.96s/it]

  0%|          | 0/157 [00:00<?, ?it/s][A

  1%|▏         | 2/157 [00:00<00:19,  7.80it/s][A

  2%|▏         | 3/157 [00:00<00:28,  5.44it/s][A

  3%|▎         | 4/157 [00:00<00:32,  4.70it/s][A

  3%|▎         | 5/157 [00:01<00:34,  4.35it/s][A

  4%|▍         | 6/157 [00:01<00:36,  4.17it/s][A

  4%|▍         | 7/157 [00:01<00:36,  4.07it/s][A

  5%|▌         | 8/157 [00:01<00:37,  4.00it/s][A

  6%|▌         | 9/157 [00:02<00:37,  3.96it/s][A

  6%|▋         | 10/157 [00:02<00:37,  3.92it/s][A

  7%|▋         | 11/157 [00:02<00:37,  3.88it/s][A

  8%|▊         | 12/157 [00:02<00:37,  3.87it/s][A

  8%|▊         | 13/157 [00:03<00:37,  3.85it/s][A

  9%|▉         | 14/157 [00:03<00:36,  3.88it/s][A

 10%|▉         | 15/157 [00:03<00:36,  3.86it/s][A

 10%|█         | 16/157 [00:03<00:36,  3.84it/s][A

 11%|█         | 17/157 [00:04<00:36,  3.84it/s][A

 11%|█▏        | 18/157 [00:04<00:36,  3.83it/s][A

 12%|█▏        | 19/157 [00:04<00:36,  3.83it/s][A

 13%|█▎        | 20/157 [00:04<00:35,  3.86it/s][A

 13%|█▎        | 21/157 [00:05<00:35,  3.85it/s][A

 14%|█▍        | 22/157 [00:05<00:35,  3.85it/s][A

 15%|█▍        | 23/157 [00:05<00:34,  3.85it/s][A

 15%|█▌        | 24/157 [00:05<00:34,  3.85it/s][A

 16%|█▌        | 25/157 [00:06<00:34,  3.84it/s][A

 17%|█▋        | 26/157 [00:06<00:34,  3.84it/s][A

 17%|█▋        | 27/157 [00:06<00:33,  3.84it/s][A

 18%|█▊        | 28/157 [00:07<00:33,  3.83it/s][A

 18%|█▊        | 29/157 [00:07<00:33,  3.84it/s][A

 19%|█▉        | 30/157 [00:07<00:33,  3.84it/s][A

 20%|█▉        | 31/157 [00:07<00:32,  3.83it/s][A

 20%|██        | 32/157 [00:08<00:32,  3.84it/s][A

 21%|██        | 33/157 [00:08<00:32,  3.83it/s][A

 22%|██▏       | 34/157 [00:08<00:32,  3.83it/s][A

 22%|██▏       | 35/157 [00:08<00:31,  3.82it/s][A

 23%|██▎       | 36/157 [00:09<00:31,  3.81it/s][A

 24%|██▎       | 37/157 [00:09<00:31,  3.81it/s][A

 24%|██▍       | 38/157 [00:09<00:31,  3.81it/s][A

 25%|██▍       | 39/157 [00:09<00:30,  3.81it/s][A

 25%|██▌       | 40/157 [00:10<00:30,  3.82it/s][A

 26%|██▌       | 41/157 [00:10<00:30,  3.82it/s][A

 27%|██▋       | 42/157 [00:10<00:30,  3.82it/s][A

 27%|██▋       | 43/157 [00:10<00:29,  3.82it/s][A

 28%|██▊       | 44/157 [00:11<00:29,  3.82it/s][A

 29%|██▊       | 45/157 [00:11<00:29,  3.85it/s][A

 29%|██▉       | 46/157 [00:11<00:28,  3.84it/s][A

 30%|██▉       | 47/157 [00:11<00:28,  3.83it/s][A

 31%|███       | 48/157 [00:12<00:28,  3.86it/s][A

 31%|███       | 49/157 [00:12<00:27,  3.88it/s][A

 32%|███▏      | 50/157 [00:12<00:27,  3.90it/s][A

 32%|███▏      | 51/157 [00:13<00:27,  3.91it/s][A

 33%|███▎      | 52/157 [00:13<00:27,  3.88it/s][A

 34%|███▍      | 53/157 [00:13<00:26,  3.86it/s][A

 34%|███▍      | 54/157 [00:13<00:26,  3.85it/s][A

 35%|███▌      | 55/157 [00:14<00:26,  3.84it/s][A

 36%|███▌      | 56/157 [00:14<00:26,  3.84it/s][A

 36%|███▋      | 57/157 [00:14<00:25,  3.86it/s][A

 37%|███▋      | 58/157 [00:14<00:25,  3.86it/s][A

 38%|███▊      | 59/157 [00:15<00:25,  3.85it/s][A

 38%|███▊      | 60/157 [00:15<00:25,  3.85it/s][A

 39%|███▉      | 61/157 [00:15<00:24,  3.85it/s][A

 39%|███▉      | 62/157 [00:15<00:24,  3.84it/s][A

 40%|████      | 63/157 [00:16<00:24,  3.83it/s][A

 41%|████      | 64/157 [00:16<00:24,  3.83it/s][A

 41%|████▏     | 65/157 [00:16<00:23,  3.83it/s][A

 42%|████▏     | 66/157 [00:16<00:23,  3.84it/s][A

 43%|████▎     | 67/157 [00:17<00:23,  3.84it/s][A

 43%|████▎     | 68/157 [00:17<00:23,  3.87it/s][A

 44%|████▍     | 69/157 [00:17<00:22,  3.85it/s][A

 45%|████▍     | 70/157 [00:17<00:22,  3.84it/s][A

 45%|████▌     | 71/157 [00:18<00:22,  3.83it/s][A

 46%|████▌     | 72/157 [00:18<00:22,  3.82it/s][A

 46%|████▋     | 73/157 [00:18<00:21,  3.85it/s][A

 47%|████▋     | 74/157 [00:18<00:21,  3.87it/s][A

 48%|████▊     | 75/157 [00:19<00:21,  3.89it/s][A

 48%|████▊     | 76/157 [00:19<00:20,  3.89it/s][A

 49%|████▉     | 77/157 [00:19<00:20,  3.92it/s][A

 50%|████▉     | 78/157 [00:20<00:20,  3.92it/s][A

 50%|█████     | 79/157 [00:20<00:19,  3.92it/s][A

 51%|█████     | 80/157 [00:20<00:19,  3.93it/s][A

 52%|█████▏    | 81/157 [00:20<00:19,  3.93it/s][A

 52%|█████▏    | 82/157 [00:21<00:19,  3.94it/s][A

 53%|█████▎    | 83/157 [00:21<00:18,  3.93it/s][A

 54%|█████▎    | 84/157 [00:21<00:18,  3.93it/s][A

 54%|█████▍    | 85/157 [00:21<00:18,  3.89it/s][A

 55%|█████▍    | 86/157 [00:22<00:18,  3.88it/s][A

 55%|█████▌    | 87/157 [00:22<00:17,  3.90it/s][A

 56%|█████▌    | 88/157 [00:22<00:17,  3.88it/s][A

 57%|█████▋    | 89/157 [00:22<00:17,  3.86it/s][A

 57%|█████▋    | 90/157 [00:23<00:17,  3.86it/s][A

 58%|█████▊    | 91/157 [00:23<00:17,  3.85it/s][A

 59%|█████▊    | 92/157 [00:23<00:16,  3.86it/s][A

 59%|█████▉    | 93/157 [00:23<00:16,  3.86it/s][A

 60%|█████▉    | 94/157 [00:24<00:16,  3.86it/s][A

 61%|██████    | 95/157 [00:24<00:15,  3.88it/s][A

 61%|██████    | 96/157 [00:24<00:15,  3.91it/s][A

 62%|██████▏   | 97/157 [00:24<00:15,  3.91it/s][A

 62%|██████▏   | 98/157 [00:25<00:15,  3.92it/s][A

 63%|██████▎   | 99/157 [00:25<00:14,  3.94it/s][A

 64%|██████▎   | 100/157 [00:25<00:14,  3.97it/s][A

 64%|██████▍   | 101/157 [00:25<00:14,  3.97it/s][A

 65%|██████▍   | 102/157 [00:26<00:13,  3.97it/s][A

 66%|██████▌   | 103/157 [00:26<00:13,  3.99it/s][A

 66%|██████▌   | 104/157 [00:26<00:13,  3.99it/s][A

 67%|██████▋   | 105/157 [00:26<00:12,  4.01it/s][A

 68%|██████▊   | 106/157 [00:27<00:12,  3.98it/s][A

 68%|██████▊   | 107/157 [00:27<00:12,  3.98it/s][A

 69%|██████▉   | 108/157 [00:27<00:12,  3.97it/s][A

 69%|██████▉   | 109/157 [00:27<00:12,  3.96it/s][A

 70%|███████   | 110/157 [00:28<00:11,  3.97it/s][A

 71%|███████   | 111/157 [00:28<00:11,  3.99it/s][A

 71%|███████▏  | 112/157 [00:28<00:11,  4.00it/s][A

 72%|███████▏  | 113/157 [00:28<00:10,  4.02it/s][A

 73%|███████▎  | 114/157 [00:29<00:10,  4.03it/s][A

 73%|███████▎  | 115/157 [00:29<00:10,  4.02it/s][A

 74%|███████▍  | 116/157 [00:29<00:10,  4.02it/s][A

 75%|███████▍  | 117/157 [00:29<00:09,  4.02it/s][A

 75%|███████▌  | 118/157 [00:30<00:09,  4.03it/s][A

 76%|███████▌  | 119/157 [00:30<00:09,  4.04it/s][A

 76%|███████▋  | 120/157 [00:30<00:09,  4.04it/s][A

 77%|███████▋  | 121/157 [00:30<00:08,  4.04it/s][A

 78%|███████▊  | 122/157 [00:31<00:08,  4.04it/s][A

 78%|███████▊  | 123/157 [00:31<00:08,  4.05it/s][A

 79%|███████▉  | 124/157 [00:31<00:08,  4.05it/s][A

 80%|███████▉  | 125/157 [00:31<00:07,  4.07it/s][A

 80%|████████  | 126/157 [00:32<00:07,  4.07it/s][A

 81%|████████  | 127/157 [00:32<00:07,  4.08it/s][A

 82%|████████▏ | 128/157 [00:32<00:07,  4.06it/s][A

 82%|████████▏ | 129/157 [00:32<00:06,  4.02it/s][A

 83%|████████▎ | 130/157 [00:33<00:06,  3.99it/s][A

 83%|████████▎ | 131/157 [00:33<00:06,  3.94it/s][A

 84%|████████▍ | 132/157 [00:33<00:06,  3.89it/s][A

 85%|████████▍ | 133/157 [00:33<00:06,  3.88it/s][A

 85%|████████▌ | 134/157 [00:34<00:05,  3.86it/s][A

 86%|████████▌ | 135/157 [00:34<00:05,  3.85it/s][A

 87%|████████▋ | 136/157 [00:34<00:05,  3.85it/s][A

 87%|████████▋ | 137/157 [00:34<00:05,  3.85it/s][A

 88%|████████▊ | 138/157 [00:35<00:04,  3.87it/s][A

 89%|████████▊ | 139/157 [00:35<00:04,  3.87it/s][A

 89%|████████▉ | 140/157 [00:35<00:04,  3.86it/s][A

 90%|████████▉ | 141/157 [00:35<00:04,  3.85it/s][A

 90%|█████████ | 142/157 [00:36<00:03,  3.85it/s][A

 91%|█████████ | 143/157 [00:36<00:03,  3.87it/s][A

 92%|█████████▏| 144/157 [00:36<00:03,  3.88it/s][A

 92%|█████████▏| 145/157 [00:37<00:03,  3.88it/s][A

 93%|█████████▎| 146/157 [00:37<00:02,  3.87it/s][A

 94%|█████████▎| 147/157 [00:37<00:02,  3.86it/s][A

 94%|█████████▍| 148/157 [00:37<00:02,  3.84it/s][A

 95%|█████████▍| 149/157 [00:38<00:02,  3.83it/s][A

 96%|█████████▌| 150/157 [00:38<00:01,  3.83it/s][A

 96%|█████████▌| 151/157 [00:38<00:01,  3.84it/s][A

 97%|█████████▋| 152/157 [00:38<00:01,  3.85it/s][A

 97%|█████████▋| 153/157 [00:39<00:01,  3.85it/s][A

 98%|█████████▊| 154/157 [00:39<00:00,  3.85it/s][A

 99%|█████████▊| 155/157 [00:39<00:00,  3.84it/s][A

 99%|█████████▉| 156/157 [00:39<00:00,  3.84it/s][A

100%|██████████| 157/157 [00:40<00:00,  4.13it/s][A{'eval_loss': 6.369131088256836, 'eval_runtime': 40.4531, 'eval_samples_per_second': 123.6, 'eval_steps_per_second': 3.881, 'epoch': 0.01}

                                                      

                                                 
[A
  1%|          | 100/15157 [05:36<12:23:11,  2.96s/it]

100%|██████████| 157/157 [00:40<00:00,  4.13it/s][A

                                                 [A
  1%|          | 101/15157 [05:41<65:56:42, 15.77s/it]{'loss': 5.8067, 'grad_norm': 0.6875, 'learning_rate': 0.000599983782995325, 'epoch': 0.01}

                                                      

  1%|          | 101/15157 [05:41<65:56:42, 15.77s/it]
  1%|          | 102/15157 [05:44<49:51:02, 11.92s/it]
                                                      
{'loss': 5.7533, 'grad_norm': 0.5859375, 'learning_rate': 0.0005999831278344774, 'epoch': 0.01}

  1%|          | 102/15157 [05:44<49:51:02, 11.92s/it]
  1%|          | 103/15157 [05:47<38:37:33,  9.24s/it]
                                                      
{'loss': 5.7578, 'grad_norm': 0.6171875, 'learning_rate': 0.0005999824597006389, 'epoch': 0.01}

  1%|          | 103/15157 [05:47<38:37:33,  9.24s/it]
  1%|          | 104/15157 [05:50<30:43:15,  7.35s/it]
                                                      
{'loss': 5.6972, 'grad_norm': 0.76953125, 'learning_rate': 0.0005999817785938382, 'epoch': 0.01}

  1%|          | 104/15157 [05:50<30:43:15,  7.35s/it]
  1%|          | 105/15157 [05:53<25:12:38,  6.03s/it]
                                                      
{'loss': 5.7994, 'grad_norm': 0.6171875, 'learning_rate': 0.000599981084514105, 'epoch': 0.01}

  1%|          | 105/15157 [05:53<25:12:38,  6.03s/it]
  1%|          | 106/15157 [05:56<21:21:55,  5.11s/it]
                                                      
{'loss': 5.8248, 'grad_norm': 0.73828125, 'learning_rate': 0.0005999803774614693, 'epoch': 0.01}

  1%|          | 106/15157 [05:56<21:21:55,  5.11s/it]
  1%|          | 107/15157 [05:59<18:42:31,  4.48s/it]
                                                      
{'loss': 5.9176, 'grad_norm': 0.90234375, 'learning_rate': 0.0005999796574359615, 'epoch': 0.01}

  1%|          | 107/15157 [05:59<18:42:31,  4.48s/it]
  1%|          | 108/15157 [06:02<16:49:18,  4.02s/it]
                                                      
{'loss': 5.6687, 'grad_norm': 0.7109375, 'learning_rate': 0.000599978924437613, 'epoch': 0.01}

  1%|          | 108/15157 [06:02<16:49:18,  4.02s/it]
  1%|          | 109/15157 [06:05<15:29:54,  3.71s/it]
                                                      
{'loss': 5.63, 'grad_norm': 0.9453125, 'learning_rate': 0.0005999781784664552, 'epoch': 0.01}

  1%|          | 109/15157 [06:05<15:29:54,  3.71s/it]
  1%|          | 110/15157 [06:08<14:33:25,  3.48s/it]
                                                      
{'loss': 5.7245, 'grad_norm': 0.71484375, 'learning_rate': 0.0005999774195225205, 'epoch': 0.01}

  1%|          | 110/15157 [06:08<14:33:25,  3.48s/it]
  1%|          | 111/15157 [06:11<13:54:43,  3.33s/it]
                                                      
{'loss': 5.5726, 'grad_norm': 0.91015625, 'learning_rate': 0.0005999766476058418, 'epoch': 0.01}

  1%|          | 111/15157 [06:11<13:54:43,  3.33s/it]
  1%|          | 112/15157 [06:14<13:26:56,  3.22s/it]
                                                      
{'loss': 5.6034, 'grad_norm': 0.7109375, 'learning_rate': 0.0005999758627164524, 'epoch': 0.01}

  1%|          | 112/15157 [06:14<13:26:56,  3.22s/it]
  1%|          | 113/15157 [06:17<13:07:54,  3.14s/it]{'loss': 5.5037, 'grad_norm': 1.109375, 'learning_rate': 0.0005999750648543863, 'epoch': 0.01}

                                                      

  1%|          | 113/15157 [06:17<13:07:54,  3.14s/it]
  1%|          | 114/15157 [06:20<12:54:17,  3.09s/it]
                                                      
{'loss': 5.6958, 'grad_norm': 0.73828125, 'learning_rate': 0.0005999742540196779, 'epoch': 0.01}

  1%|          | 114/15157 [06:20<12:54:17,  3.09s/it]
  1%|          | 115/15157 [06:23<12:44:28,  3.05s/it]
                                                      
{'loss': 5.7584, 'grad_norm': 0.71875, 'learning_rate': 0.0005999734302123623, 'epoch': 0.01}

  1%|          | 115/15157 [06:23<12:44:28,  3.05s/it]
  1%|          | 116/15157 [06:26<12:37:20,  3.02s/it]
                                                      
{'loss': 5.6618, 'grad_norm': 0.8203125, 'learning_rate': 0.0005999725934324753, 'epoch': 0.01}

  1%|          | 116/15157 [06:26<12:37:20,  3.02s/it]
  1%|          | 117/15157 [06:29<12:34:49,  3.01s/it]
                                                      
{'loss': 5.5759, 'grad_norm': 0.6328125, 'learning_rate': 0.0005999717436800528, 'epoch': 0.01}

  1%|          | 117/15157 [06:29<12:34:49,  3.01s/it]
  1%|          | 118/15157 [06:32<12:46:19,  3.06s/it]
                                                      
{'loss': 5.5752, 'grad_norm': 0.703125, 'learning_rate': 0.0005999708809551317, 'epoch': 0.01}

  1%|          | 118/15157 [06:32<12:46:19,  3.06s/it]
  1%|          | 119/15157 [06:35<12:38:53,  3.03s/it]
                                                      
{'loss': 5.5477, 'grad_norm': 0.671875, 'learning_rate': 0.0005999700052577493, 'epoch': 0.01}

  1%|          | 119/15157 [06:35<12:38:53,  3.03s/it]
  1%|          | 120/15157 [06:38<12:34:09,  3.01s/it]
                                                      

  1%|          | 120/15157 [06:38<12:34:09,  3.01s/it]{'loss': 5.722, 'grad_norm': 0.73046875, 'learning_rate': 0.0005999691165879434, 'epoch': 0.01}

  1%|          | 121/15157 [06:41<12:31:04,  3.00s/it]
                                                      
{'loss': 5.6045, 'grad_norm': 0.69140625, 'learning_rate': 0.0005999682149457527, 'epoch': 0.01}

  1%|          | 121/15157 [06:41<12:31:04,  3.00s/it]
  1%|          | 122/15157 [06:44<12:26:27,  2.98s/it]
                                                      
{'loss': 5.4093, 'grad_norm': 0.7734375, 'learning_rate': 0.0005999673003312158, 'epoch': 0.01}

  1%|          | 122/15157 [06:44<12:26:27,  2.98s/it]
  1%|          | 123/15157 [06:47<12:23:40,  2.97s/it]
                                                      
{'loss': 5.3464, 'grad_norm': 0.54296875, 'learning_rate': 0.0005999663727443725, 'epoch': 0.01}

  1%|          | 123/15157 [06:47<12:23:40,  2.97s/it]
  1%|          | 124/15157 [06:50<12:22:26,  2.96s/it]
                                                      
{'loss': 5.2396, 'grad_norm': 0.84765625, 'learning_rate': 0.0005999654321852629, 'epoch': 0.01}

  1%|          | 124/15157 [06:50<12:22:26,  2.96s/it]
  1%|          | 125/15157 [06:53<12:21:49,  2.96s/it]
                                                      
{'loss': 5.5304, 'grad_norm': 0.75390625, 'learning_rate': 0.0005999644786539275, 'epoch': 0.01}

  1%|          | 125/15157 [06:53<12:21:49,  2.96s/it]
  1%|          | 126/15157 [06:56<12:23:31,  2.97s/it]{'loss': 5.4196, 'grad_norm': 0.68359375, 'learning_rate': 0.0005999635121504078, 'epoch': 0.01}

                                                      

  1%|          | 126/15157 [06:56<12:23:31,  2.97s/it]
  1%|          | 127/15157 [06:59<12:23:19,  2.97s/it]{'loss': 5.4015, 'grad_norm': 0.59375, 'learning_rate': 0.0005999625326747455, 'epoch': 0.01}

                                                      

  1%|          | 127/15157 [06:59<12:23:19,  2.97s/it]
  1%|          | 128/15157 [07:02<12:23:44,  2.97s/it]
                                                      
{'loss': 5.3525, 'grad_norm': 0.578125, 'learning_rate': 0.0005999615402269827, 'epoch': 0.01}

  1%|          | 128/15157 [07:02<12:23:44,  2.97s/it]
  1%|          | 129/15157 [07:05<12:23:22,  2.97s/it]
                                                      
{'loss': 5.3213, 'grad_norm': 0.6875, 'learning_rate': 0.0005999605348071628, 'epoch': 0.01}

  1%|          | 129/15157 [07:05<12:23:22,  2.97s/it]
  1%|          | 130/15157 [07:08<12:22:33,  2.96s/it]
                                                      
{'loss': 5.2412, 'grad_norm': 0.6015625, 'learning_rate': 0.0005999595164153289, 'epoch': 0.01}

  1%|          | 130/15157 [07:08<12:22:33,  2.96s/it]
  1%|          | 131/15157 [07:11<12:23:02,  2.97s/it]{'loss': 5.5649, 'grad_norm': 0.74609375, 'learning_rate': 0.000599958485051525, 'epoch': 0.01}

                                                      

  1%|          | 131/15157 [07:11<12:23:02,  2.97s/it]
  1%|          | 132/15157 [07:13<12:23:23,  2.97s/it]
                                                      
{'loss': 5.376, 'grad_norm': 0.671875, 'learning_rate': 0.0005999574407157961, 'epoch': 0.01}

  1%|          | 132/15157 [07:13<12:23:23,  2.97s/it]
  1%|          | 133/15157 [07:16<12:23:25,  2.97s/it]
                                                      
{'loss': 5.5411, 'grad_norm': 0.72265625, 'learning_rate': 0.0005999563834081872, 'epoch': 0.01}

  1%|          | 133/15157 [07:16<12:23:25,  2.97s/it]
  1%|          | 134/15157 [07:19<12:22:00,  2.96s/it]{'loss': 5.1805, 'grad_norm': 0.52734375, 'learning_rate': 0.0005999553131287436, 'epoch': 0.01}

                                                      

  1%|          | 134/15157 [07:19<12:22:00,  2.96s/it]
  1%|          | 135/15157 [07:22<12:21:59,  2.96s/it]
                                                      
{'loss': 5.3944, 'grad_norm': 0.71484375, 'learning_rate': 0.0005999542298775123, 'epoch': 0.01}

  1%|          | 135/15157 [07:22<12:21:59,  2.96s/it]
  1%|          | 136/15157 [07:25<12:23:33,  2.97s/it]
                                                      
{'loss': 5.3218, 'grad_norm': 0.54296875, 'learning_rate': 0.0005999531336545396, 'epoch': 0.01}

  1%|          | 136/15157 [07:25<12:23:33,  2.97s/it]
  1%|          | 137/15157 [07:28<12:24:25,  2.97s/it]{'loss': 5.3563, 'grad_norm': 0.60546875, 'learning_rate': 0.0005999520244598731, 'epoch': 0.01}

                                                      

  1%|          | 137/15157 [07:28<12:24:25,  2.97s/it]
  1%|          | 138/15157 [07:31<12:24:20,  2.97s/it]
                                                      
{'loss': 5.4043, 'grad_norm': 0.6328125, 'learning_rate': 0.0005999509022935607, 'epoch': 0.01}

  1%|          | 138/15157 [07:31<12:24:20,  2.97s/it]
  1%|          | 139/15157 [07:34<12:25:08,  2.98s/it]
                                                      
{'loss': 5.3411, 'grad_norm': 0.6875, 'learning_rate': 0.0005999497671556512, 'epoch': 0.01}

  1%|          | 139/15157 [07:34<12:25:08,  2.98s/it]
  1%|          | 140/15157 [07:37<12:24:50,  2.98s/it]
                                                      
{'loss': 5.1443, 'grad_norm': 0.64453125, 'learning_rate': 0.0005999486190461932, 'epoch': 0.01}

  1%|          | 140/15157 [07:37<12:24:50,  2.98s/it]
  1%|          | 141/15157 [07:40<12:24:29,  2.97s/it]
                                                      
{'loss': 5.1149, 'grad_norm': 0.76953125, 'learning_rate': 0.0005999474579652368, 'epoch': 0.01}

  1%|          | 141/15157 [07:40<12:24:29,  2.97s/it]
  1%|          | 142/15157 [07:43<12:24:55,  2.98s/it]
                                                      
{'loss': 5.3251, 'grad_norm': 0.5234375, 'learning_rate': 0.000599946283912832, 'epoch': 0.01}

  1%|          | 142/15157 [07:43<12:24:55,  2.98s/it]
  1%|          | 143/15157 [07:46<12:23:56,  2.97s/it]
                                                      
{'loss': 5.2511, 'grad_norm': 0.7109375, 'learning_rate': 0.0005999450968890296, 'epoch': 0.01}

  1%|          | 143/15157 [07:46<12:23:56,  2.97s/it]
  1%|          | 144/15157 [07:49<12:23:57,  2.97s/it]
                                                      
{'loss': 5.0855, 'grad_norm': 0.546875, 'learning_rate': 0.000599943896893881, 'epoch': 0.01}

  1%|          | 144/15157 [07:49<12:23:57,  2.97s/it]
  1%|          | 145/15157 [07:52<12:25:17,  2.98s/it]
                                                      
{'loss': 5.2726, 'grad_norm': 0.6171875, 'learning_rate': 0.000599942683927438, 'epoch': 0.01}

  1%|          | 145/15157 [07:52<12:25:17,  2.98s/it]
  1%|          | 146/15157 [07:55<12:23:03,  2.97s/it]{'loss': 5.0333, 'grad_norm': 0.5234375, 'learning_rate': 0.0005999414579897531, 'epoch': 0.01}

                                                      

  1%|          | 146/15157 [07:55<12:23:03,  2.97s/it]
  1%|          | 147/15157 [07:58<12:22:17,  2.97s/it]
                                                      
{'loss': 5.2653, 'grad_norm': 0.54296875, 'learning_rate': 0.0005999402190808793, 'epoch': 0.01}

  1%|          | 147/15157 [07:58<12:22:17,  2.97s/it]
  1%|          | 148/15157 [08:01<12:21:51,  2.97s/it]{'loss': 5.169, 'grad_norm': 0.59765625, 'learning_rate': 0.0005999389672008702, 'epoch': 0.01}

                                                      

  1%|          | 148/15157 [08:01<12:21:51,  2.97s/it]
  1%|          | 149/15157 [08:04<12:22:08,  2.97s/it]
                                                      
{'loss': 5.327, 'grad_norm': 0.52734375, 'learning_rate': 0.0005999377023497799, 'epoch': 0.01}

  1%|          | 149/15157 [08:04<12:22:08,  2.97s/it]
  1%|          | 150/15157 [08:07<12:22:51,  2.97s/it]{'loss': 5.1674, 'grad_norm': 0.55859375, 'learning_rate': 0.0005999364245276633, 'epoch': 0.01}

                                                      

  1%|          | 150/15157 [08:07<12:22:51,  2.97s/it]
  1%|          | 151/15157 [08:10<12:23:24,  2.97s/it]
                                                      
{'loss': 5.1876, 'grad_norm': 0.51953125, 'learning_rate': 0.0005999351337345752, 'epoch': 0.01}

  1%|          | 151/15157 [08:10<12:23:24,  2.97s/it]
  1%|          | 152/15157 [08:13<12:21:26,  2.96s/it]{'loss': 5.1239, 'grad_norm': 0.55859375, 'learning_rate': 0.000599933829970572, 'epoch': 0.01}

                                                      

  1%|          | 152/15157 [08:13<12:21:26,  2.96s/it]
  1%|          | 153/15157 [08:16<12:22:45,  2.97s/it]
                                                      
{'loss': 5.1934, 'grad_norm': 0.5078125, 'learning_rate': 0.0005999325132357095, 'epoch': 0.01}

  1%|          | 153/15157 [08:16<12:22:45,  2.97s/it]
  1%|          | 154/15157 [08:19<12:21:49,  2.97s/it]{'loss': 4.9321, 'grad_norm': 0.5703125, 'learning_rate': 0.0005999311835300451, 'epoch': 0.01}

                                                      

  1%|          | 154/15157 [08:19<12:21:49,  2.97s/it]
  1%|          | 155/15157 [08:22<12:21:01,  2.96s/it]
                                                      
{'loss': 4.9394, 'grad_norm': 0.48046875, 'learning_rate': 0.0005999298408536361, 'epoch': 0.01}

  1%|          | 155/15157 [08:22<12:21:01,  2.96s/it]
  1%|          | 156/15157 [08:25<12:21:36,  2.97s/it]
                                                      
{'loss': 5.1625, 'grad_norm': 0.55859375, 'learning_rate': 0.0005999284852065406, 'epoch': 0.01}

  1%|          | 156/15157 [08:25<12:21:36,  2.97s/it]
  1%|          | 157/15157 [08:28<12:22:22,  2.97s/it]
                                                      
{'loss': 5.2823, 'grad_norm': 0.50390625, 'learning_rate': 0.0005999271165888173, 'epoch': 0.01}

  1%|          | 157/15157 [08:28<12:22:22,  2.97s/it]
  1%|          | 158/15157 [08:31<12:21:39,  2.97s/it]
                                                      
{'loss': 5.1221, 'grad_norm': 0.67578125, 'learning_rate': 0.0005999257350005252, 'epoch': 0.01}

  1%|          | 158/15157 [08:31<12:21:39,  2.97s/it]
  1%|          | 159/15157 [08:34<12:22:02,  2.97s/it]
                                                      
{'loss': 5.2048, 'grad_norm': 0.89453125, 'learning_rate': 0.0005999243404417242, 'epoch': 0.01}

  1%|          | 159/15157 [08:34<12:22:02,  2.97s/it]
  1%|          | 160/15157 [08:37<12:21:47,  2.97s/it]
                                                      
{'loss': 5.0318, 'grad_norm': 0.6484375, 'learning_rate': 0.0005999229329124747, 'epoch': 0.01}

  1%|          | 160/15157 [08:37<12:21:47,  2.97s/it]
  1%|          | 161/15157 [08:40<12:21:49,  2.97s/it]
                                                      
{'loss': 4.9306, 'grad_norm': 0.53515625, 'learning_rate': 0.0005999215124128373, 'epoch': 0.01}

  1%|          | 161/15157 [08:40<12:21:49,  2.97s/it]
  1%|          | 162/15157 [08:43<12:20:30,  2.96s/it]
                                                      
{'loss': 5.0003, 'grad_norm': 0.546875, 'learning_rate': 0.0005999200789428737, 'epoch': 0.01}

  1%|          | 162/15157 [08:43<12:20:30,  2.96s/it]
  1%|          | 163/15157 [08:46<12:21:16,  2.97s/it]{'loss': 5.1798, 'grad_norm': 0.5390625, 'learning_rate': 0.0005999186325026457, 'epoch': 0.01}

                                                      

  1%|          | 163/15157 [08:46<12:21:16,  2.97s/it]
  1%|          | 164/15157 [08:48<12:19:59,  2.96s/it]
                                                      
{'loss': 5.0388, 'grad_norm': 0.59765625, 'learning_rate': 0.0005999171730922158, 'epoch': 0.01}

  1%|          | 164/15157 [08:49<12:19:59,  2.96s/it]
  1%|          | 165/15157 [08:51<12:21:26,  2.97s/it]
                                                      
{'loss': 4.8941, 'grad_norm': 0.5859375, 'learning_rate': 0.0005999157007116475, 'epoch': 0.01}

  1%|          | 165/15157 [08:51<12:21:26,  2.97s/it]
  1%|          | 166/15157 [08:54<12:21:08,  2.97s/it]
                                                      
{'loss': 4.9478, 'grad_norm': 0.53515625, 'learning_rate': 0.000599914215361004, 'epoch': 0.01}

  1%|          | 166/15157 [08:54<12:21:08,  2.97s/it]
  1%|          | 167/15157 [08:57<12:20:06,  2.96s/it]{'loss': 4.87, 'grad_norm': 0.53515625, 'learning_rate': 0.0005999127170403497, 'epoch': 0.01}

                                                      

  1%|          | 167/15157 [08:57<12:20:06,  2.96s/it]
  1%|          | 168/15157 [09:00<12:20:23,  2.96s/it]{'loss': 4.7209, 'grad_norm': 0.5390625, 'learning_rate': 0.0005999112057497496, 'epoch': 0.01}

                                                      

  1%|          | 168/15157 [09:00<12:20:23,  2.96s/it]
  1%|          | 169/15157 [09:03<12:20:48,  2.97s/it]
                                                      
{'loss': 4.9823, 'grad_norm': 0.546875, 'learning_rate': 0.0005999096814892688, 'epoch': 0.01}

  1%|          | 169/15157 [09:03<12:20:48,  2.97s/it]
  1%|          | 170/15157 [09:06<12:20:41,  2.97s/it]
                                                      
{'loss': 5.0568, 'grad_norm': 0.515625, 'learning_rate': 0.0005999081442589733, 'epoch': 0.01}

  1%|          | 170/15157 [09:06<12:20:41,  2.97s/it]
  1%|          | 171/15157 [09:09<12:22:11,  2.97s/it]
                                                      
{'loss': 5.0487, 'grad_norm': 0.52734375, 'learning_rate': 0.0005999065940589296, 'epoch': 0.01}

  1%|          | 171/15157 [09:09<12:22:11,  2.97s/it]
  1%|          | 172/15157 [09:12<12:20:21,  2.96s/it]
                                                      
{'loss': 4.8139, 'grad_norm': 0.53125, 'learning_rate': 0.0005999050308892048, 'epoch': 0.01}

  1%|          | 172/15157 [09:12<12:20:21,  2.96s/it]
  1%|          | 173/15157 [09:15<12:20:12,  2.96s/it]{'loss': 5.0214, 'grad_norm': 0.51953125, 'learning_rate': 0.0005999034547498663, 'epoch': 0.01}

                                                      

  1%|          | 173/15157 [09:15<12:20:12,  2.96s/it]
  1%|          | 174/15157 [09:18<12:20:15,  2.96s/it]
                                                      
{'loss': 5.0238, 'grad_norm': 0.51953125, 'learning_rate': 0.0005999018656409824, 'epoch': 0.01}

  1%|          | 174/15157 [09:18<12:20:15,  2.96s/it]
  1%|          | 175/15157 [09:21<12:18:09,  2.96s/it]
                                                      
{'loss': 5.0388, 'grad_norm': 0.53125, 'learning_rate': 0.0005999002635626219, 'epoch': 0.01}

  1%|          | 175/15157 [09:21<12:18:09,  2.96s/it]
  1%|          | 176/15157 [09:24<12:19:49,  2.96s/it]
                                                      
{'loss': 5.0532, 'grad_norm': 0.49609375, 'learning_rate': 0.000599898648514854, 'epoch': 0.01}

  1%|          | 176/15157 [09:24<12:19:49,  2.96s/it]
  1%|          | 177/15157 [09:27<12:20:05,  2.96s/it]
                                                      
{'loss': 4.9361, 'grad_norm': 0.45703125, 'learning_rate': 0.0005998970204977485, 'epoch': 0.01}

  1%|          | 177/15157 [09:27<12:20:05,  2.96s/it]
  1%|          | 178/15157 [09:30<12:20:52,  2.97s/it]
                                                      
{'loss': 4.9456, 'grad_norm': 0.490234375, 'learning_rate': 0.0005998953795113758, 'epoch': 0.01}

  1%|          | 178/15157 [09:30<12:20:52,  2.97s/it]
  1%|          | 179/15157 [09:33<12:20:56,  2.97s/it]
                                                      
{'loss': 4.7459, 'grad_norm': 0.46875, 'learning_rate': 0.0005998937255558071, 'epoch': 0.01}

  1%|          | 179/15157 [09:33<12:20:56,  2.97s/it]
  1%|          | 180/15157 [09:36<12:20:49,  2.97s/it]
                                                      
{'loss': 4.8695, 'grad_norm': 0.48046875, 'learning_rate': 0.0005998920586311135, 'epoch': 0.01}

  1%|          | 180/15157 [09:36<12:20:49,  2.97s/it]
  1%|          | 181/15157 [09:39<12:21:28,  2.97s/it]
                                                      
{'loss': 4.8984, 'grad_norm': 0.5078125, 'learning_rate': 0.0005998903787373675, 'epoch': 0.01}

  1%|          | 181/15157 [09:39<12:21:28,  2.97s/it]
  1%|          | 182/15157 [09:42<12:20:34,  2.97s/it]
                                                      
{'loss': 4.8648, 'grad_norm': 0.435546875, 'learning_rate': 0.0005998886858746415, 'epoch': 0.01}

  1%|          | 182/15157 [09:42<12:20:34,  2.97s/it]
  1%|          | 183/15157 [09:45<12:18:34,  2.96s/it]
                                                      
{'loss': 4.7574, 'grad_norm': 0.55078125, 'learning_rate': 0.0005998869800430088, 'epoch': 0.01}

  1%|          | 183/15157 [09:45<12:18:34,  2.96s/it]
  1%|          | 184/15157 [09:48<12:19:17,  2.96s/it]
                                                      
{'loss': 4.818, 'grad_norm': 0.482421875, 'learning_rate': 0.0005998852612425431, 'epoch': 0.01}

  1%|          | 184/15157 [09:48<12:19:17,  2.96s/it]
  1%|          | 185/15157 [09:51<12:17:58,  2.96s/it]
                                                      
{'loss': 4.7662, 'grad_norm': 0.55078125, 'learning_rate': 0.0005998835294733188, 'epoch': 0.01}

  1%|          | 185/15157 [09:51<12:17:58,  2.96s/it]
  1%|          | 186/15157 [09:54<12:18:09,  2.96s/it]
                                                      
{'loss': 4.6175, 'grad_norm': 0.5078125, 'learning_rate': 0.0005998817847354108, 'epoch': 0.01}

  1%|          | 186/15157 [09:54<12:18:09,  2.96s/it]
  1%|          | 187/15157 [09:57<12:18:35,  2.96s/it]{'loss': 4.856, 'grad_norm': 0.5390625, 'learning_rate': 0.0005998800270288944, 'epoch': 0.01}

                                                      

  1%|          | 187/15157 [09:57<12:18:35,  2.96s/it]
  1%|          | 188/15157 [10:00<12:18:17,  2.96s/it]
                                                      
{'loss': 4.6322, 'grad_norm': 0.56640625, 'learning_rate': 0.0005998782563538459, 'epoch': 0.01}

  1%|          | 188/15157 [10:00<12:18:17,  2.96s/it]
  1%|          | 189/15157 [10:03<12:18:57,  2.96s/it]
                                                      
{'loss': 4.6724, 'grad_norm': 0.466796875, 'learning_rate': 0.0005998764727103416, 'epoch': 0.01}

  1%|          | 189/15157 [10:03<12:18:57,  2.96s/it]
  1%|▏         | 190/15157 [10:06<12:18:48,  2.96s/it]{'loss': 5.0312, 'grad_norm': 0.51171875, 'learning_rate': 0.0005998746760984589, 'epoch': 0.01}

                                                      

  1%|▏         | 190/15157 [10:06<12:18:48,  2.96s/it]
  1%|▏         | 191/15157 [10:09<12:19:51,  2.97s/it]
                                                      
{'loss': 4.6918, 'grad_norm': 0.5, 'learning_rate': 0.0005998728665182752, 'epoch': 0.01}

  1%|▏         | 191/15157 [10:09<12:19:51,  2.97s/it]
  1%|▏         | 192/15157 [10:11<12:19:40,  2.97s/it]{'loss': 4.8833, 'grad_norm': 0.46875, 'learning_rate': 0.000599871043969869, 'epoch': 0.01}

                                                      

  1%|▏         | 192/15157 [10:12<12:19:40,  2.97s/it]
  1%|▏         | 193/15157 [10:14<12:18:36,  2.96s/it]
                                                      
{'loss': 4.7271, 'grad_norm': 0.5078125, 'learning_rate': 0.000599869208453319, 'epoch': 0.01}

  1%|▏         | 193/15157 [10:14<12:18:36,  2.96s/it]
  1%|▏         | 194/15157 [10:17<12:18:24,  2.96s/it]
                                                      
{'loss': 4.6934, 'grad_norm': 0.5078125, 'learning_rate': 0.0005998673599687045, 'epoch': 0.01}

  1%|▏         | 194/15157 [10:17<12:18:24,  2.96s/it]
  1%|▏         | 195/15157 [10:20<12:17:46,  2.96s/it]
                                                      
{'loss': 4.69, 'grad_norm': 0.45703125, 'learning_rate': 0.0005998654985161056, 'epoch': 0.01}

  1%|▏         | 195/15157 [10:20<12:17:46,  2.96s/it]
  1%|▏         | 196/15157 [10:23<12:18:13,  2.96s/it]
                                                      
{'loss': 4.8696, 'grad_norm': 0.51953125, 'learning_rate': 0.0005998636240956027, 'epoch': 0.01}

  1%|▏         | 196/15157 [10:23<12:18:13,  2.96s/it]
  1%|▏         | 197/15157 [10:26<12:18:50,  2.96s/it]
                                                      
{'loss': 4.9408, 'grad_norm': 0.466796875, 'learning_rate': 0.000599861736707277, 'epoch': 0.01}

  1%|▏         | 197/15157 [10:26<12:18:50,  2.96s/it]
  1%|▏         | 198/15157 [10:29<12:19:52,  2.97s/it]
                                                      
{'loss': 4.811, 'grad_norm': 0.4765625, 'learning_rate': 0.00059985983635121, 'epoch': 0.01}

  1%|▏         | 198/15157 [10:29<12:19:52,  2.97s/it]
  1%|▏         | 199/15157 [10:32<12:19:20,  2.97s/it]{'loss': 4.8165, 'grad_norm': 0.5546875, 'learning_rate': 0.0005998579230274838, 'epoch': 0.01}

                                                      

  1%|▏         | 199/15157 [10:32<12:19:20,  2.97s/it]
  1%|▏         | 200/15157 [10:35<12:19:08,  2.97s/it]{'loss': 4.7814, 'grad_norm': 0.412109375, 'learning_rate': 0.0005998559967361813, 'epoch': 0.01}

                                                      

  1%|▏         | 200/15157 [10:35<12:19:08,  2.97s/it]

  0%|          | 0/157 [00:00<?, ?it/s][A

  1%|▏         | 2/157 [00:00<00:20,  7.63it/s][A

  2%|▏         | 3/157 [00:00<00:28,  5.40it/s][A

  3%|▎         | 4/157 [00:00<00:32,  4.69it/s][A

  3%|▎         | 5/157 [00:01<00:35,  4.34it/s][A

  4%|▍         | 6/157 [00:01<00:36,  4.17it/s][A

  4%|▍         | 7/157 [00:01<00:36,  4.07it/s][A

  5%|▌         | 8/157 [00:01<00:37,  4.00it/s][A

  6%|▌         | 9/157 [00:02<00:37,  3.96it/s][A

  6%|▋         | 10/157 [00:02<00:37,  3.91it/s][A

  7%|▋         | 11/157 [00:02<00:37,  3.89it/s][A

  8%|▊         | 12/157 [00:02<00:37,  3.87it/s][A

  8%|▊         | 13/157 [00:03<00:37,  3.85it/s][A

  9%|▉         | 14/157 [00:03<00:36,  3.87it/s][A

 10%|▉         | 15/157 [00:03<00:36,  3.85it/s][A

 10%|█         | 16/157 [00:03<00:36,  3.84it/s][A

 11%|█         | 17/157 [00:04<00:36,  3.84it/s][A

 11%|█▏        | 18/157 [00:04<00:36,  3.83it/s][A

 12%|█▏        | 19/157 [00:04<00:36,  3.83it/s][A

 13%|█▎        | 20/157 [00:04<00:35,  3.86it/s][A

 13%|█▎        | 21/157 [00:05<00:35,  3.85it/s][A

 14%|█▍        | 22/157 [00:05<00:35,  3.85it/s][A

 15%|█▍        | 23/157 [00:05<00:34,  3.84it/s][A

 15%|█▌        | 24/157 [00:05<00:34,  3.85it/s][A

 16%|█▌        | 25/157 [00:06<00:34,  3.84it/s][A

 17%|█▋        | 26/157 [00:06<00:34,  3.85it/s][A

 17%|█▋        | 27/157 [00:06<00:33,  3.84it/s][A

 18%|█▊        | 28/157 [00:07<00:33,  3.83it/s][A

 18%|█▊        | 29/157 [00:07<00:33,  3.83it/s][A

 19%|█▉        | 30/157 [00:07<00:33,  3.84it/s][A

 20%|█▉        | 31/157 [00:07<00:32,  3.84it/s][A

 20%|██        | 32/157 [00:08<00:32,  3.84it/s][A

 21%|██        | 33/157 [00:08<00:32,  3.84it/s][A

 22%|██▏       | 34/157 [00:08<00:32,  3.83it/s][A

 22%|██▏       | 35/157 [00:08<00:31,  3.82it/s][A

 23%|██▎       | 36/157 [00:09<00:31,  3.82it/s][A

 24%|██▎       | 37/157 [00:09<00:31,  3.82it/s][A

 24%|██▍       | 38/157 [00:09<00:31,  3.81it/s][A

 25%|██▍       | 39/157 [00:09<00:30,  3.81it/s][A

 25%|██▌       | 40/157 [00:10<00:30,  3.82it/s][A

 26%|██▌       | 41/157 [00:10<00:30,  3.83it/s][A

 27%|██▋       | 42/157 [00:10<00:30,  3.82it/s][A

 27%|██▋       | 43/157 [00:10<00:29,  3.82it/s][A

 28%|██▊       | 44/157 [00:11<00:29,  3.81it/s][A

 29%|██▊       | 45/157 [00:11<00:29,  3.85it/s][A

 29%|██▉       | 46/157 [00:11<00:28,  3.84it/s][A

 30%|██▉       | 47/157 [00:11<00:28,  3.84it/s][A

 31%|███       | 48/157 [00:12<00:28,  3.87it/s][A

 31%|███       | 49/157 [00:12<00:27,  3.89it/s][A

 32%|███▏      | 50/157 [00:12<00:27,  3.90it/s][A

 32%|███▏      | 51/157 [00:13<00:27,  3.92it/s][A

 33%|███▎      | 52/157 [00:13<00:27,  3.88it/s][A

 34%|███▍      | 53/157 [00:13<00:26,  3.86it/s][A

 34%|███▍      | 54/157 [00:13<00:26,  3.86it/s][A

 35%|███▌      | 55/157 [00:14<00:26,  3.85it/s][A

 36%|███▌      | 56/157 [00:14<00:26,  3.85it/s][A

 36%|███▋      | 57/157 [00:14<00:25,  3.87it/s][A

 37%|███▋      | 58/157 [00:14<00:25,  3.86it/s][A

 38%|███▊      | 59/157 [00:15<00:25,  3.85it/s][A

 38%|███▊      | 60/157 [00:15<00:25,  3.86it/s][A

 39%|███▉      | 61/157 [00:15<00:24,  3.86it/s][A

 39%|███▉      | 62/157 [00:15<00:24,  3.85it/s][A

 40%|████      | 63/157 [00:16<00:24,  3.84it/s][A

 41%|████      | 64/157 [00:16<00:24,  3.84it/s][A

 41%|████▏     | 65/157 [00:16<00:23,  3.84it/s][A

 42%|████▏     | 66/157 [00:16<00:23,  3.84it/s][A

 43%|████▎     | 67/157 [00:17<00:23,  3.83it/s][A

 43%|████▎     | 68/157 [00:17<00:23,  3.87it/s][A

 44%|████▍     | 69/157 [00:17<00:22,  3.85it/s][A

 45%|████▍     | 70/157 [00:17<00:22,  3.85it/s][A

 45%|████▌     | 71/157 [00:18<00:22,  3.83it/s][A

 46%|████▌     | 72/157 [00:18<00:22,  3.83it/s][A

 46%|████▋     | 73/157 [00:18<00:21,  3.85it/s][A

 47%|████▋     | 74/157 [00:18<00:21,  3.87it/s][A

 48%|████▊     | 75/157 [00:19<00:21,  3.89it/s][A

 48%|████▊     | 76/157 [00:19<00:20,  3.89it/s][A

 49%|████▉     | 77/157 [00:19<00:20,  3.90it/s][A

 50%|████▉     | 78/157 [00:20<00:20,  3.92it/s][A

 50%|█████     | 79/157 [00:20<00:19,  3.92it/s][A

 51%|█████     | 80/157 [00:20<00:19,  3.93it/s][A

 52%|█████▏    | 81/157 [00:20<00:19,  3.92it/s][A

 52%|█████▏    | 82/157 [00:21<00:19,  3.93it/s][A

 53%|█████▎    | 83/157 [00:21<00:18,  3.94it/s][A

 54%|█████▎    | 84/157 [00:21<00:18,  3.93it/s][A

 54%|█████▍    | 85/157 [00:21<00:18,  3.90it/s][A

 55%|█████▍    | 86/157 [00:22<00:18,  3.89it/s][A

 55%|█████▌    | 87/157 [00:22<00:17,  3.90it/s][A

 56%|█████▌    | 88/157 [00:22<00:17,  3.89it/s][A

 57%|█████▋    | 89/157 [00:22<00:17,  3.88it/s][A

 57%|█████▋    | 90/157 [00:23<00:17,  3.87it/s][A

 58%|█████▊    | 91/157 [00:23<00:17,  3.86it/s][A

 59%|█████▊    | 92/157 [00:23<00:16,  3.86it/s][A

 59%|█████▉    | 93/157 [00:23<00:16,  3.86it/s][A

 60%|█████▉    | 94/157 [00:24<00:16,  3.87it/s][A

 61%|██████    | 95/157 [00:24<00:15,  3.89it/s][A

 61%|██████    | 96/157 [00:24<00:15,  3.91it/s][A

 62%|██████▏   | 97/157 [00:24<00:15,  3.91it/s][A

 62%|██████▏   | 98/157 [00:25<00:15,  3.92it/s][A

 63%|██████▎   | 99/157 [00:25<00:14,  3.95it/s][A

 64%|██████▎   | 100/157 [00:25<00:14,  3.97it/s][A

 64%|██████▍   | 101/157 [00:25<00:14,  3.97it/s][A

 65%|██████▍   | 102/157 [00:26<00:13,  3.98it/s][A

 66%|██████▌   | 103/157 [00:26<00:13,  3.99it/s][A

 66%|██████▌   | 104/157 [00:26<00:13,  4.00it/s][A

 67%|██████▋   | 105/157 [00:26<00:12,  4.01it/s][A

 68%|██████▊   | 106/157 [00:27<00:12,  3.98it/s][A

 68%|██████▊   | 107/157 [00:27<00:12,  3.98it/s][A

 69%|██████▉   | 108/157 [00:27<00:12,  3.97it/s][A

 69%|██████▉   | 109/157 [00:27<00:12,  3.96it/s][A

 70%|███████   | 110/157 [00:28<00:11,  3.97it/s][A

 71%|███████   | 111/157 [00:28<00:11,  3.99it/s][A

 71%|███████▏  | 112/157 [00:28<00:11,  4.00it/s][A

 72%|███████▏  | 113/157 [00:28<00:10,  4.02it/s][A

 73%|███████▎  | 114/157 [00:29<00:10,  4.03it/s][A

 73%|███████▎  | 115/157 [00:29<00:10,  4.02it/s][A

 74%|███████▍  | 116/157 [00:29<00:10,  4.02it/s][A

 75%|███████▍  | 117/157 [00:29<00:09,  4.02it/s][A

 75%|███████▌  | 118/157 [00:30<00:09,  4.04it/s][A

 76%|███████▌  | 119/157 [00:30<00:09,  4.04it/s][A

 76%|███████▋  | 120/157 [00:30<00:09,  4.05it/s][A

 77%|███████▋  | 121/157 [00:30<00:08,  4.05it/s][A

 78%|███████▊  | 122/157 [00:31<00:08,  4.06it/s][A

 78%|███████▊  | 123/157 [00:31<00:08,  4.06it/s][A

 79%|███████▉  | 124/157 [00:31<00:08,  4.07it/s][A

 80%|███████▉  | 125/157 [00:31<00:07,  4.07it/s][A

 80%|████████  | 126/157 [00:32<00:07,  4.08it/s][A

 81%|████████  | 127/157 [00:32<00:07,  4.08it/s][A

 82%|████████▏ | 128/157 [00:32<00:07,  4.06it/s][A

 82%|████████▏ | 129/157 [00:32<00:06,  4.02it/s][A

 83%|████████▎ | 130/157 [00:33<00:06,  3.99it/s][A

 83%|████████▎ | 131/157 [00:33<00:06,  3.94it/s][A

 84%|████████▍ | 132/157 [00:33<00:06,  3.90it/s][A

 85%|████████▍ | 133/157 [00:33<00:06,  3.89it/s][A

 85%|████████▌ | 134/157 [00:34<00:05,  3.87it/s][A

 86%|████████▌ | 135/157 [00:34<00:05,  3.86it/s][A

 87%|████████▋ | 136/157 [00:34<00:05,  3.85it/s][A

 87%|████████▋ | 137/157 [00:34<00:05,  3.85it/s][A

 88%|████████▊ | 138/157 [00:35<00:04,  3.87it/s][A

 89%|████████▊ | 139/157 [00:35<00:04,  3.88it/s][A

 89%|████████▉ | 140/157 [00:35<00:04,  3.87it/s][A

 90%|████████▉ | 141/157 [00:35<00:04,  3.85it/s][A

 90%|█████████ | 142/157 [00:36<00:03,  3.86it/s][A

 91%|█████████ | 143/157 [00:36<00:03,  3.86it/s][A

 92%|█████████▏| 144/157 [00:36<00:03,  3.88it/s][A

 92%|█████████▏| 145/157 [00:36<00:03,  3.88it/s][A

 93%|█████████▎| 146/157 [00:37<00:02,  3.88it/s][A

 94%|█████████▎| 147/157 [00:37<00:02,  3.87it/s][A

 94%|█████████▍| 148/157 [00:37<00:02,  3.85it/s][A

 95%|█████████▍| 149/157 [00:38<00:02,  3.84it/s][A

 96%|█████████▌| 150/157 [00:38<00:01,  3.84it/s][A

 96%|█████████▌| 151/157 [00:38<00:01,  3.85it/s][A

 97%|█████████▋| 152/157 [00:38<00:01,  3.86it/s][A

 97%|█████████▋| 153/157 [00:39<00:01,  3.86it/s][A

 98%|█████████▊| 154/157 [00:39<00:00,  3.85it/s][A

 99%|█████████▊| 155/157 [00:39<00:00,  3.85it/s][A

 99%|█████████▉| 156/157 [00:39<00:00,  3.84it/s][A

100%|██████████| 157/157 [00:40<00:00,  4.13it/s][A
                                                      

                                                 
[A{'eval_loss': 5.317806720733643, 'eval_runtime': 40.4168, 'eval_samples_per_second': 123.711, 'eval_steps_per_second': 3.885, 'epoch': 0.01}

  1%|▏         | 200/15157 [11:16<12:19:08,  2.97s/it]

100%|██████████| 157/157 [00:40<00:00,  4.13it/s][A

                                                 [A
  1%|▏         | 201/15157 [11:21<65:20:49, 15.73s/it]
                                                      
{'loss': 4.9379, 'grad_norm': 0.44140625, 'learning_rate': 0.0005998540574773857, 'epoch': 0.01}

  1%|▏         | 201/15157 [11:21<65:20:49, 15.73s/it]
  1%|▏         | 202/15157 [11:24<49:24:21, 11.89s/it]
                                                      
{'loss': 4.7173, 'grad_norm': 0.42578125, 'learning_rate': 0.000599852105251181, 'epoch': 0.01}

  1%|▏         | 202/15157 [11:24<49:24:21, 11.89s/it]
  1%|▏         | 203/15157 [11:27<38:16:31,  9.21s/it]
                                                      
{'loss': 4.7374, 'grad_norm': 0.404296875, 'learning_rate': 0.0005998501400576515, 'epoch': 0.01}

  1%|▏         | 203/15157 [11:27<38:16:31,  9.21s/it]
  1%|▏         | 204/15157 [11:30<30:27:53,  7.33s/it]
                                                      
{'loss': 4.7216, 'grad_norm': 0.50390625, 'learning_rate': 0.0005998481618968822, 'epoch': 0.01}

  1%|▏         | 204/15157 [11:30<30:27:53,  7.33s/it]
  1%|▏         | 205/15157 [11:33<25:00:47,  6.02s/it]{'loss': 4.8537, 'grad_norm': 0.443359375, 'learning_rate': 0.0005998461707689587, 'epoch': 0.01}

                                                      

  1%|▏         | 205/15157 [11:33<25:00:47,  6.02s/it]
  1%|▏         | 206/15157 [11:35<21:12:43,  5.11s/it]{'loss': 4.6393, 'grad_norm': 0.419921875, 'learning_rate': 0.0005998441666739671, 'epoch': 0.01}

                                                      

  1%|▏         | 206/15157 [11:36<21:12:43,  5.11s/it]
  1%|▏         | 207/15157 [11:38<18:31:59,  4.46s/it]
                                                      
{'loss': 4.7367, 'grad_norm': 0.44140625, 'learning_rate': 0.0005998421496119941, 'epoch': 0.01}

  1%|▏         | 207/15157 [11:38<18:31:59,  4.46s/it]
  1%|▏         | 208/15157 [11:41<16:37:48,  4.00s/it]
                                                      
{'loss': 4.4145, 'grad_norm': 0.404296875, 'learning_rate': 0.0005998401195831267, 'epoch': 0.01}

  1%|▏         | 208/15157 [11:41<16:37:48,  4.00s/it]
  1%|▏         | 209/15157 [11:44<15:20:38,  3.70s/it]
                                                      
{'loss': 4.7448, 'grad_norm': 0.46875, 'learning_rate': 0.000599838076587453, 'epoch': 0.01}

  1%|▏         | 209/15157 [11:44<15:20:38,  3.70s/it]
  1%|▏         | 210/15157 [11:47<14:24:30,  3.47s/it]
                                                      
{'loss': 4.5474, 'grad_norm': 0.462890625, 'learning_rate': 0.0005998360206250612, 'epoch': 0.01}

  1%|▏         | 210/15157 [11:47<14:24:30,  3.47s/it]
  1%|▏         | 211/15157 [11:50<13:45:57,  3.32s/it]
                                                      
{'loss': 4.6558, 'grad_norm': 0.451171875, 'learning_rate': 0.0005998339516960401, 'epoch': 0.01}

  1%|▏         | 211/15157 [11:50<13:45:57,  3.32s/it]
  1%|▏         | 212/15157 [11:53<13:18:37,  3.21s/it]
                                                      
{'loss': 4.6083, 'grad_norm': 0.455078125, 'learning_rate': 0.0005998318698004795, 'epoch': 0.01}

  1%|▏         | 212/15157 [11:53<13:18:37,  3.21s/it]
  1%|▏         | 213/15157 [11:56<12:59:35,  3.13s/it]
                                                      
{'loss': 4.5459, 'grad_norm': 0.443359375, 'learning_rate': 0.0005998297749384692, 'epoch': 0.01}

  1%|▏         | 213/15157 [11:56<12:59:35,  3.13s/it]
  1%|▏         | 214/15157 [11:59<12:47:32,  3.08s/it]
                                                      
{'loss': 4.6767, 'grad_norm': 0.44921875, 'learning_rate': 0.0005998276671100997, 'epoch': 0.01}

  1%|▏         | 214/15157 [11:59<12:47:32,  3.08s/it]
  1%|▏         | 215/15157 [12:02<12:37:52,  3.04s/it]
                                                      
{'loss': 4.6208, 'grad_norm': 0.546875, 'learning_rate': 0.0005998255463154624, 'epoch': 0.01}

  1%|▏         | 215/15157 [12:02<12:37:52,  3.04s/it]
  1%|▏         | 216/15157 [12:05<12:31:46,  3.02s/it]
                                                      
{'loss': 4.5878, 'grad_norm': 0.423828125, 'learning_rate': 0.0005998234125546488, 'epoch': 0.01}

  1%|▏         | 216/15157 [12:05<12:31:46,  3.02s/it]
  1%|▏         | 217/15157 [12:08<12:26:27,  3.00s/it]
                                                      
{'loss': 4.5192, 'grad_norm': 0.52734375, 'learning_rate': 0.0005998212658277514, 'epoch': 0.01}

  1%|▏         | 217/15157 [12:08<12:26:27,  3.00s/it]
  1%|▏         | 218/15157 [12:11<12:22:57,  2.98s/it]{'loss': 4.5462, 'grad_norm': 0.4375, 'learning_rate': 0.0005998191061348628, 'epoch': 0.01}

                                                      

  1%|▏         | 218/15157 [12:11<12:22:57,  2.98s/it]
  1%|▏         | 219/15157 [12:14<12:20:54,  2.98s/it]
                                                      
{'loss': 4.5053, 'grad_norm': 0.546875, 'learning_rate': 0.0005998169334760765, 'epoch': 0.01}

  1%|▏         | 219/15157 [12:14<12:20:54,  2.98s/it]
  1%|▏         | 220/15157 [12:17<12:19:58,  2.97s/it]
                                                      
{'loss': 4.6329, 'grad_norm': 0.44140625, 'learning_rate': 0.0005998147478514865, 'epoch': 0.01}

  1%|▏         | 220/15157 [12:17<12:19:58,  2.97s/it]
  1%|▏         | 221/15157 [12:20<12:17:23,  2.96s/it]
                                                      
{'loss': 4.7767, 'grad_norm': 0.462890625, 'learning_rate': 0.0005998125492611872, 'epoch': 0.01}

  1%|▏         | 221/15157 [12:20<12:17:23,  2.96s/it]
  1%|▏         | 222/15157 [12:23<12:16:44,  2.96s/it]
                                                      
{'loss': 4.6398, 'grad_norm': 0.419921875, 'learning_rate': 0.0005998103377052739, 'epoch': 0.01}

  1%|▏         | 222/15157 [12:23<12:16:44,  2.96s/it]
  1%|▏         | 223/15157 [12:26<12:16:09,  2.96s/it]
                                                      
{'loss': 4.5374, 'grad_norm': 0.453125, 'learning_rate': 0.0005998081131838421, 'epoch': 0.01}

  1%|▏         | 223/15157 [12:26<12:16:09,  2.96s/it]
  1%|▏         | 224/15157 [12:29<12:13:58,  2.95s/it]{'loss': 4.6594, 'grad_norm': 0.462890625, 'learning_rate': 0.000599805875696988, 'epoch': 0.01}

                                                      

  1%|▏         | 224/15157 [12:29<12:13:58,  2.95s/it]
  1%|▏         | 225/15157 [12:32<12:14:39,  2.95s/it]{'loss': 4.4691, 'grad_norm': 0.447265625, 'learning_rate': 0.0005998036252448083, 'epoch': 0.01}

                                                      

  1%|▏         | 225/15157 [12:32<12:14:39,  2.95s/it]
  1%|▏         | 226/15157 [12:35<12:15:17,  2.95s/it]
                                                      
{'loss': 4.4165, 'grad_norm': 0.427734375, 'learning_rate': 0.0005998013618274005, 'epoch': 0.01}

  1%|▏         | 226/15157 [12:35<12:15:17,  2.95s/it]
  1%|▏         | 227/15157 [12:38<12:15:02,  2.95s/it]{'loss': 4.403, 'grad_norm': 0.453125, 'learning_rate': 0.0005997990854448623, 'epoch': 0.01}

                                                      

  1%|▏         | 227/15157 [12:38<12:15:02,  2.95s/it]
  2%|▏         | 228/15157 [12:40<12:14:53,  2.95s/it]
                                                      
{'loss': 4.5391, 'grad_norm': 0.4609375, 'learning_rate': 0.0005997967960972921, 'epoch': 0.02}

  2%|▏         | 228/15157 [12:40<12:14:53,  2.95s/it]
  2%|▏         | 229/15157 [12:43<12:15:09,  2.95s/it]
                                                      
{'loss': 4.6935, 'grad_norm': 0.4453125, 'learning_rate': 0.0005997944937847893, 'epoch': 0.02}

  2%|▏         | 229/15157 [12:43<12:15:09,  2.95s/it]
  2%|▏         | 230/15157 [12:46<12:15:04,  2.95s/it]
                                                      
{'loss': 4.3077, 'grad_norm': 0.4765625, 'learning_rate': 0.000599792178507453, 'epoch': 0.02}

  2%|▏         | 230/15157 [12:46<12:15:04,  2.95s/it]
  2%|▏         | 231/15157 [12:49<12:15:09,  2.96s/it]{'loss': 4.5454, 'grad_norm': 0.546875, 'learning_rate': 0.0005997898502653835, 'epoch': 0.02}

                                                      

  2%|▏         | 231/15157 [12:49<12:15:09,  2.96s/it]
  2%|▏         | 232/15157 [12:52<12:15:00,  2.95s/it]
                                                      
{'loss': 4.8087, 'grad_norm': 0.484375, 'learning_rate': 0.0005997875090586816, 'epoch': 0.02}

  2%|▏         | 232/15157 [12:52<12:15:00,  2.95s/it]
  2%|▏         | 233/15157 [12:55<12:15:47,  2.96s/it]
                                                      
{'loss': 4.6034, 'grad_norm': 0.48828125, 'learning_rate': 0.0005997851548874484, 'epoch': 0.02}

  2%|▏         | 233/15157 [12:55<12:15:47,  2.96s/it]
  2%|▏         | 234/15157 [12:58<12:15:48,  2.96s/it]{'loss': 4.4379, 'grad_norm': 0.50390625, 'learning_rate': 0.0005997827877517857, 'epoch': 0.02}

                                                      

  2%|▏         | 234/15157 [12:58<12:15:48,  2.96s/it]
  2%|▏         | 235/15157 [13:01<12:14:28,  2.95s/it]
                                                      
{'loss': 4.5706, 'grad_norm': 0.53515625, 'learning_rate': 0.000599780407651796, 'epoch': 0.02}

  2%|▏         | 235/15157 [13:01<12:14:28,  2.95s/it]
  2%|▏         | 236/15157 [13:04<12:14:50,  2.95s/it]
                                                      
{'loss': 4.466, 'grad_norm': 0.49609375, 'learning_rate': 0.0005997780145875821, 'epoch': 0.02}

  2%|▏         | 236/15157 [13:04<12:14:50,  2.95s/it]
  2%|▏         | 237/15157 [13:07<12:14:58,  2.96s/it]{'loss': 4.3789, 'grad_norm': 0.46875, 'learning_rate': 0.0005997756085592476, 'epoch': 0.02}

                                                      

  2%|▏         | 237/15157 [13:07<12:14:58,  2.96s/it]
  2%|▏         | 238/15157 [13:10<12:14:35,  2.95s/it]
                                                      
{'loss': 4.5416, 'grad_norm': 0.44921875, 'learning_rate': 0.0005997731895668964, 'epoch': 0.02}

  2%|▏         | 238/15157 [13:10<12:14:35,  2.95s/it]
  2%|▏         | 239/15157 [13:13<12:14:52,  2.96s/it]
                                                      
{'loss': 4.6199, 'grad_norm': 0.42578125, 'learning_rate': 0.0005997707576106333, 'epoch': 0.02}

  2%|▏         | 239/15157 [13:13<12:14:52,  2.96s/it]
  2%|▏         | 240/15157 [13:16<12:16:28,  2.96s/it]
                                                      
{'loss': 4.6917, 'grad_norm': 0.494140625, 'learning_rate': 0.0005997683126905633, 'epoch': 0.02}

  2%|▏         | 240/15157 [13:16<12:16:28,  2.96s/it]
  2%|▏         | 241/15157 [13:19<12:16:18,  2.96s/it]
                                                      
{'loss': 4.6687, 'grad_norm': 0.458984375, 'learning_rate': 0.0005997658548067923, 'epoch': 0.02}

  2%|▏         | 241/15157 [13:19<12:16:18,  2.96s/it]
  2%|▏         | 242/15157 [13:22<12:16:04,  2.96s/it]
                                                      
{'loss': 4.4964, 'grad_norm': 0.458984375, 'learning_rate': 0.0005997633839594263, 'epoch': 0.02}

  2%|▏         | 242/15157 [13:22<12:16:04,  2.96s/it]
  2%|▏         | 243/15157 [13:25<12:16:50,  2.96s/it]{'loss': 4.6366, 'grad_norm': 0.51171875, 'learning_rate': 0.0005997609001485726, 'epoch': 0.02}

                                                      

  2%|▏         | 243/15157 [13:25<12:16:50,  2.96s/it]
  2%|▏         | 244/15157 [13:28<12:17:09,  2.97s/it]
                                                      
{'loss': 4.3735, 'grad_norm': 0.435546875, 'learning_rate': 0.0005997584033743383, 'epoch': 0.02}

  2%|▏         | 244/15157 [13:28<12:17:09,  2.97s/it]
  2%|▏         | 245/15157 [13:31<12:17:10,  2.97s/it]
                                                      
{'loss': 4.3669, 'grad_norm': 0.43359375, 'learning_rate': 0.0005997558936368314, 'epoch': 0.02}

  2%|▏         | 245/15157 [13:31<12:17:10,  2.97s/it]
  2%|▏         | 246/15157 [13:34<12:16:05,  2.96s/it]{'loss': 4.3679, 'grad_norm': 0.41015625, 'learning_rate': 0.0005997533709361605, 'epoch': 0.02}

                                                      

  2%|▏         | 246/15157 [13:34<12:16:05,  2.96s/it]
  2%|▏         | 247/15157 [13:37<12:16:51,  2.97s/it]
                                                      
{'loss': 4.66, 'grad_norm': 0.4453125, 'learning_rate': 0.0005997508352724347, 'epoch': 0.02}

  2%|▏         | 247/15157 [13:37<12:16:51,  2.97s/it]
  2%|▏         | 248/15157 [13:40<12:17:17,  2.97s/it]
                                                      
{'loss': 4.5195, 'grad_norm': 0.40234375, 'learning_rate': 0.0005997482866457635, 'epoch': 0.02}

  2%|▏         | 248/15157 [13:40<12:17:17,  2.97s/it]
  2%|▏         | 249/15157 [13:43<12:16:52,  2.97s/it]
                                                      
{'loss': 4.3241, 'grad_norm': 0.4765625, 'learning_rate': 0.0005997457250562575, 'epoch': 0.02}

  2%|▏         | 249/15157 [13:43<12:16:52,  2.97s/it]
  2%|▏         | 250/15157 [13:46<12:16:35,  2.96s/it]
                                                      
{'loss': 4.3881, 'grad_norm': 0.4609375, 'learning_rate': 0.000599743150504027, 'epoch': 0.02}

  2%|▏         | 250/15157 [13:46<12:16:35,  2.96s/it]
  2%|▏         | 251/15157 [13:49<12:15:15,  2.96s/it]
                                                      
{'loss': 4.3646, 'grad_norm': 0.484375, 'learning_rate': 0.0005997405629891837, 'epoch': 0.02}

  2%|▏         | 251/15157 [13:49<12:15:15,  2.96s/it]
  2%|▏         | 252/15157 [13:52<12:14:58,  2.96s/it]
                                                      
{'loss': 4.5307, 'grad_norm': 0.4296875, 'learning_rate': 0.0005997379625118393, 'epoch': 0.02}

  2%|▏         | 252/15157 [13:52<12:14:58,  2.96s/it]
  2%|▏         | 253/15157 [13:55<12:26:49,  3.01s/it]
                                                      
{'loss': 4.368, 'grad_norm': 0.45703125, 'learning_rate': 0.0005997353490721063, 'epoch': 0.02}

  2%|▏         | 253/15157 [13:55<12:26:49,  3.01s/it]
  2%|▏         | 254/15157 [13:58<12:23:26,  2.99s/it]
                                                      
{'loss': 4.4619, 'grad_norm': 0.458984375, 'learning_rate': 0.0005997327226700979, 'epoch': 0.02}

  2%|▏         | 254/15157 [13:58<12:23:26,  2.99s/it]
  2%|▏         | 255/15157 [14:01<12:20:07,  2.98s/it]
                                                      
{'loss': 4.22, 'grad_norm': 0.4765625, 'learning_rate': 0.0005997300833059273, 'epoch': 0.02}

  2%|▏         | 255/15157 [14:01<12:20:07,  2.98s/it]
  2%|▏         | 256/15157 [14:04<12:18:27,  2.97s/it]
                                                      
{'loss': 4.4827, 'grad_norm': 0.4765625, 'learning_rate': 0.0005997274309797089, 'epoch': 0.02}

  2%|▏         | 256/15157 [14:04<12:18:27,  2.97s/it]
  2%|▏         | 257/15157 [14:06<12:15:42,  2.96s/it]
                                                      
{'loss': 4.5015, 'grad_norm': 0.5078125, 'learning_rate': 0.0005997247656915575, 'epoch': 0.02}

  2%|▏         | 257/15157 [14:06<12:15:42,  2.96s/it]
  2%|▏         | 258/15157 [14:09<12:15:59,  2.96s/it]{'loss': 4.5157, 'grad_norm': 0.443359375, 'learning_rate': 0.0005997220874415882, 'epoch': 0.02}

                                                      

  2%|▏         | 258/15157 [14:09<12:15:59,  2.96s/it]
  2%|▏         | 259/15157 [14:12<12:16:18,  2.97s/it]
                                                      
{'loss': 4.4577, 'grad_norm': 0.515625, 'learning_rate': 0.0005997193962299168, 'epoch': 0.02}

  2%|▏         | 259/15157 [14:12<12:16:18,  2.97s/it]
  2%|▏         | 260/15157 [14:15<12:16:08,  2.96s/it]
                                                      
{'loss': 4.4141, 'grad_norm': 0.515625, 'learning_rate': 0.0005997166920566597, 'epoch': 0.02}

  2%|▏         | 260/15157 [14:15<12:16:08,  2.96s/it]
  2%|▏         | 261/15157 [14:18<12:16:14,  2.97s/it]{'loss': 4.392, 'grad_norm': 0.51953125, 'learning_rate': 0.000599713974921934, 'epoch': 0.02}

                                                      

  2%|▏         | 261/15157 [14:18<12:16:14,  2.97s/it]
  2%|▏         | 262/15157 [14:21<12:16:44,  2.97s/it]{'loss': 4.4371, 'grad_norm': 0.5078125, 'learning_rate': 0.000599711244825857, 'epoch': 0.02}

                                                      

  2%|▏         | 262/15157 [14:21<12:16:44,  2.97s/it]
  2%|▏         | 263/15157 [14:24<12:17:15,  2.97s/it]
                                                      
{'loss': 4.4701, 'grad_norm': 0.498046875, 'learning_rate': 0.0005997085017685469, 'epoch': 0.02}

  2%|▏         | 263/15157 [14:24<12:17:15,  2.97s/it]
  2%|▏         | 264/15157 [14:27<12:15:34,  2.96s/it]
                                                      
{'loss': 4.4394, 'grad_norm': 0.5234375, 'learning_rate': 0.0005997057457501222, 'epoch': 0.02}

  2%|▏         | 264/15157 [14:27<12:15:34,  2.96s/it]
  2%|▏         | 265/15157 [14:30<12:14:23,  2.96s/it]
                                                      
{'loss': 4.3524, 'grad_norm': 0.498046875, 'learning_rate': 0.0005997029767707022, 'epoch': 0.02}

  2%|▏         | 265/15157 [14:30<12:14:23,  2.96s/it]
  2%|▏         | 266/15157 [14:33<12:14:32,  2.96s/it]
                                                      
{'loss': 4.5448, 'grad_norm': 0.46484375, 'learning_rate': 0.0005997001948304066, 'epoch': 0.02}

  2%|▏         | 266/15157 [14:33<12:14:32,  2.96s/it]
  2%|▏         | 267/15157 [14:36<12:14:39,  2.96s/it]
                                                      
{'loss': 4.398, 'grad_norm': 0.46484375, 'learning_rate': 0.0005996973999293557, 'epoch': 0.02}

  2%|▏         | 267/15157 [14:36<12:14:39,  2.96s/it]
  2%|▏         | 268/15157 [14:39<12:14:41,  2.96s/it]
                                                      
{'loss': 4.4769, 'grad_norm': 0.42578125, 'learning_rate': 0.0005996945920676704, 'epoch': 0.02}

  2%|▏         | 268/15157 [14:39<12:14:41,  2.96s/it]
  2%|▏         | 269/15157 [14:42<12:12:59,  2.95s/it]
                                                      
{'loss': 4.2569, 'grad_norm': 0.4609375, 'learning_rate': 0.0005996917712454722, 'epoch': 0.02}

  2%|▏         | 269/15157 [14:42<12:12:59,  2.95s/it]
  2%|▏         | 270/15157 [14:45<12:13:53,  2.96s/it]{'loss': 4.4454, 'grad_norm': 0.46484375, 'learning_rate': 0.000599688937462883, 'epoch': 0.02}

                                                      

  2%|▏         | 270/15157 [14:45<12:13:53,  2.96s/it]
  2%|▏         | 271/15157 [14:48<12:13:46,  2.96s/it]
                                                      
{'loss': 4.2195, 'grad_norm': 0.419921875, 'learning_rate': 0.0005996860907200252, 'epoch': 0.02}

  2%|▏         | 271/15157 [14:48<12:13:46,  2.96s/it]
  2%|▏         | 272/15157 [14:51<12:13:56,  2.96s/it]{'loss': 4.1957, 'grad_norm': 0.4609375, 'learning_rate': 0.0005996832310170221, 'epoch': 0.02}

                                                      

  2%|▏         | 272/15157 [14:51<12:13:56,  2.96s/it]
  2%|▏         | 273/15157 [14:54<12:14:55,  2.96s/it]{'loss': 4.5582, 'grad_norm': 0.423828125, 'learning_rate': 0.0005996803583539974, 'epoch': 0.02}

                                                      

  2%|▏         | 273/15157 [14:54<12:14:55,  2.96s/it]
  2%|▏         | 274/15157 [14:57<12:15:32,  2.97s/it]
                                                      
{'loss': 4.3663, 'grad_norm': 0.4375, 'learning_rate': 0.0005996774727310752, 'epoch': 0.02}

  2%|▏         | 274/15157 [14:57<12:15:32,  2.97s/it]Training stopped after 900.27 seconds

  2%|▏         | 275/15157 [15:00<12:15:32,  2.97s/it]
                                                      
{'loss': 4.3639, 'grad_norm': 0.416015625, 'learning_rate': 0.0005996745741483803, 'epoch': 0.02}

  2%|▏         | 275/15157 [15:00<12:15:32,  2.97s/it]

  0%|          | 0/157 [00:00<?, ?it/s][A

  1%|▏         | 2/157 [00:00<00:20,  7.66it/s][A

  2%|▏         | 3/157 [00:00<00:28,  5.40it/s][A

  3%|▎         | 4/157 [00:00<00:32,  4.69it/s][A

  3%|▎         | 5/157 [00:01<00:34,  4.35it/s][A

  4%|▍         | 6/157 [00:01<00:36,  4.16it/s][A

  4%|▍         | 7/157 [00:01<00:36,  4.06it/s][A

  5%|▌         | 8/157 [00:01<00:37,  3.99it/s][A

  6%|▌         | 9/157 [00:02<00:37,  3.95it/s][A

  6%|▋         | 10/157 [00:02<00:37,  3.92it/s][A

  7%|▋         | 11/157 [00:02<00:37,  3.89it/s][A

  8%|▊         | 12/157 [00:02<00:37,  3.87it/s][A

  8%|▊         | 13/157 [00:03<00:37,  3.85it/s][A

  9%|▉         | 14/157 [00:03<00:36,  3.88it/s][A

 10%|▉         | 15/157 [00:03<00:36,  3.86it/s][A

 10%|█         | 16/157 [00:03<00:36,  3.85it/s][A

 11%|█         | 17/157 [00:04<00:36,  3.84it/s][A

 11%|█▏        | 18/157 [00:04<00:36,  3.83it/s][A

 12%|█▏        | 19/157 [00:04<00:36,  3.83it/s][A

 13%|█▎        | 20/157 [00:04<00:35,  3.86it/s][A

 13%|█▎        | 21/157 [00:05<00:35,  3.84it/s][A

 14%|█▍        | 22/157 [00:05<00:35,  3.85it/s][A

 15%|█▍        | 23/157 [00:05<00:34,  3.85it/s][A

 15%|█▌        | 24/157 [00:05<00:34,  3.85it/s][A

 16%|█▌        | 25/157 [00:06<00:34,  3.84it/s][A

 17%|█▋        | 26/157 [00:06<00:34,  3.84it/s][A

 17%|█▋        | 27/157 [00:06<00:33,  3.84it/s][A

 18%|█▊        | 28/157 [00:07<00:33,  3.83it/s][A

 18%|█▊        | 29/157 [00:07<00:33,  3.83it/s][A

 19%|█▉        | 30/157 [00:07<00:33,  3.83it/s][A

 20%|█▉        | 31/157 [00:07<00:32,  3.84it/s][A

 20%|██        | 32/157 [00:08<00:32,  3.84it/s][A

 21%|██        | 33/157 [00:08<00:32,  3.84it/s][A

 22%|██▏       | 34/157 [00:08<00:32,  3.83it/s][A

 22%|██▏       | 35/157 [00:08<00:31,  3.83it/s][A

 23%|██▎       | 36/157 [00:09<00:31,  3.82it/s][A

 24%|██▎       | 37/157 [00:09<00:31,  3.82it/s][A

 24%|██▍       | 38/157 [00:09<00:31,  3.82it/s][A

 25%|██▍       | 39/157 [00:09<00:30,  3.81it/s][A

 25%|██▌       | 40/157 [00:10<00:30,  3.82it/s][A

 26%|██▌       | 41/157 [00:10<00:30,  3.82it/s][A

 27%|██▋       | 42/157 [00:10<00:30,  3.82it/s][A

 27%|██▋       | 43/157 [00:10<00:29,  3.82it/s][A

 28%|██▊       | 44/157 [00:11<00:29,  3.82it/s][A

 29%|██▊       | 45/157 [00:11<00:29,  3.85it/s][A

 29%|██▉       | 46/157 [00:11<00:28,  3.84it/s][A

 30%|██▉       | 47/157 [00:11<00:28,  3.83it/s][A

 31%|███       | 48/157 [00:12<00:28,  3.87it/s][A

 31%|███       | 49/157 [00:12<00:27,  3.89it/s][A

 32%|███▏      | 50/157 [00:12<00:27,  3.90it/s][A

 32%|███▏      | 51/157 [00:13<00:27,  3.92it/s][A

 33%|███▎      | 52/157 [00:13<00:27,  3.89it/s][A

 34%|███▍      | 53/157 [00:13<00:26,  3.86it/s][A

 34%|███▍      | 54/157 [00:13<00:26,  3.86it/s][A

 35%|███▌      | 55/157 [00:14<00:26,  3.86it/s][A

 36%|███▌      | 56/157 [00:14<00:26,  3.85it/s][A

 36%|███▋      | 57/157 [00:14<00:25,  3.86it/s][A

 37%|███▋      | 58/157 [00:14<00:25,  3.86it/s][A

 38%|███▊      | 59/157 [00:15<00:25,  3.84it/s][A

 38%|███▊      | 60/157 [00:15<00:25,  3.85it/s][A

 39%|███▉      | 61/157 [00:15<00:24,  3.86it/s][A

 39%|███▉      | 62/157 [00:15<00:24,  3.85it/s][A

 40%|████      | 63/157 [00:16<00:24,  3.84it/s][A

 41%|████      | 64/157 [00:16<00:24,  3.84it/s][A

 41%|████▏     | 65/157 [00:16<00:23,  3.84it/s][A

 42%|████▏     | 66/157 [00:16<00:23,  3.84it/s][A

 43%|████▎     | 67/157 [00:17<00:23,  3.84it/s][A

 43%|████▎     | 68/157 [00:17<00:22,  3.87it/s][A

 44%|████▍     | 69/157 [00:17<00:22,  3.86it/s][A

 45%|████▍     | 70/157 [00:17<00:22,  3.85it/s][A

 45%|████▌     | 71/157 [00:18<00:22,  3.84it/s][A

 46%|████▌     | 72/157 [00:18<00:22,  3.82it/s][A

 46%|████▋     | 73/157 [00:18<00:21,  3.84it/s][A

 47%|████▋     | 74/157 [00:18<00:21,  3.87it/s][A

 48%|████▊     | 75/157 [00:19<00:21,  3.89it/s][A

 48%|████▊     | 76/157 [00:19<00:20,  3.89it/s][A

 49%|████▉     | 77/157 [00:19<00:20,  3.91it/s][A

 50%|████▉     | 78/157 [00:20<00:20,  3.92it/s][A

 50%|█████     | 79/157 [00:20<00:19,  3.92it/s][A

 51%|█████     | 80/157 [00:20<00:19,  3.93it/s][A

 52%|█████▏    | 81/157 [00:20<00:19,  3.93it/s][A

 52%|█████▏    | 82/157 [00:21<00:19,  3.93it/s][A

 53%|█████▎    | 83/157 [00:21<00:18,  3.94it/s][A

 54%|█████▎    | 84/157 [00:21<00:18,  3.94it/s][A

 54%|█████▍    | 85/157 [00:21<00:18,  3.90it/s][A

 55%|█████▍    | 86/157 [00:22<00:18,  3.89it/s][A

 55%|█████▌    | 87/157 [00:22<00:17,  3.90it/s][A

 56%|█████▌    | 88/157 [00:22<00:17,  3.89it/s][A

 57%|█████▋    | 89/157 [00:22<00:17,  3.87it/s][A

 57%|█████▋    | 90/157 [00:23<00:17,  3.86it/s][A

 58%|█████▊    | 91/157 [00:23<00:17,  3.86it/s][A

 59%|█████▊    | 92/157 [00:23<00:16,  3.86it/s][A

 59%|█████▉    | 93/157 [00:23<00:16,  3.86it/s][A

 60%|█████▉    | 94/157 [00:24<00:16,  3.87it/s][A

 61%|██████    | 95/157 [00:24<00:15,  3.89it/s][A

 61%|██████    | 96/157 [00:24<00:15,  3.91it/s][A

 62%|██████▏   | 97/157 [00:24<00:15,  3.91it/s][A

 62%|██████▏   | 98/157 [00:25<00:15,  3.92it/s][A

 63%|██████▎   | 99/157 [00:25<00:14,  3.95it/s][A

 64%|██████▎   | 100/157 [00:25<00:14,  3.97it/s][A

 64%|██████▍   | 101/157 [00:25<00:14,  3.97it/s][A

 65%|██████▍   | 102/157 [00:26<00:13,  3.97it/s][A

 66%|██████▌   | 103/157 [00:26<00:13,  3.99it/s][A

 66%|██████▌   | 104/157 [00:26<00:13,  4.00it/s][A

 67%|██████▋   | 105/157 [00:26<00:12,  4.02it/s][A

 68%|██████▊   | 106/157 [00:27<00:12,  3.98it/s][A

 68%|██████▊   | 107/157 [00:27<00:12,  3.98it/s][A

 69%|██████▉   | 108/157 [00:27<00:12,  3.98it/s][A

 69%|██████▉   | 109/157 [00:27<00:12,  3.96it/s][A

 70%|███████   | 110/157 [00:28<00:11,  3.97it/s][A

 71%|███████   | 111/157 [00:28<00:11,  4.00it/s][A

 71%|███████▏  | 112/157 [00:28<00:11,  4.01it/s][A

 72%|███████▏  | 113/157 [00:28<00:10,  4.03it/s][A

 73%|███████▎  | 114/157 [00:29<00:10,  4.03it/s][A

 73%|███████▎  | 115/157 [00:29<00:10,  4.02it/s][A

 74%|███████▍  | 116/157 [00:29<00:10,  4.02it/s][A

 75%|███████▍  | 117/157 [00:29<00:09,  4.03it/s][A

 75%|███████▌  | 118/157 [00:30<00:09,  4.04it/s][A

 76%|███████▌  | 119/157 [00:30<00:09,  4.04it/s][A

 76%|███████▋  | 120/157 [00:30<00:09,  4.05it/s][A

 77%|███████▋  | 121/157 [00:30<00:08,  4.06it/s][A

 78%|███████▊  | 122/157 [00:31<00:08,  4.05it/s][A

 78%|███████▊  | 123/157 [00:31<00:08,  4.05it/s][A

 79%|███████▉  | 124/157 [00:31<00:08,  4.06it/s][A

 80%|███████▉  | 125/157 [00:31<00:07,  4.07it/s][A

 80%|████████  | 126/157 [00:32<00:07,  4.08it/s][A

 81%|████████  | 127/157 [00:32<00:07,  4.08it/s][A

 82%|████████▏ | 128/157 [00:32<00:07,  4.06it/s][A

 82%|████████▏ | 129/157 [00:32<00:06,  4.02it/s][A

 83%|████████▎ | 130/157 [00:33<00:06,  3.99it/s][A

 83%|████████▎ | 131/157 [00:33<00:06,  3.94it/s][A

 84%|████████▍ | 132/157 [00:33<00:06,  3.90it/s][A

 85%|████████▍ | 133/157 [00:33<00:06,  3.88it/s][A

 85%|████████▌ | 134/157 [00:34<00:05,  3.86it/s][A

 86%|████████▌ | 135/157 [00:34<00:05,  3.85it/s][A

 87%|████████▋ | 136/157 [00:34<00:05,  3.84it/s][A

 87%|████████▋ | 137/157 [00:34<00:05,  3.84it/s][A

 88%|████████▊ | 138/157 [00:35<00:04,  3.86it/s][A

 89%|████████▊ | 139/157 [00:35<00:04,  3.88it/s][A

 89%|████████▉ | 140/157 [00:35<00:04,  3.86it/s][A

 90%|████████▉ | 141/157 [00:35<00:04,  3.84it/s][A

 90%|█████████ | 142/157 [00:36<00:03,  3.85it/s][A

 91%|█████████ | 143/157 [00:36<00:03,  3.86it/s][A

 92%|█████████▏| 144/157 [00:36<00:03,  3.88it/s][A

 92%|█████████▏| 145/157 [00:36<00:03,  3.87it/s][A

 93%|█████████▎| 146/157 [00:37<00:02,  3.86it/s][A

 94%|█████████▎| 147/157 [00:37<00:02,  3.85it/s][A

 94%|█████████▍| 148/157 [00:37<00:02,  3.84it/s][A

 95%|█████████▍| 149/157 [00:38<00:02,  3.84it/s][A

 96%|█████████▌| 150/157 [00:38<00:01,  3.83it/s][A

 96%|█████████▌| 151/157 [00:38<00:01,  3.84it/s][A

 97%|█████████▋| 152/157 [00:38<00:01,  3.85it/s][A

 97%|█████████▋| 153/157 [00:39<00:01,  3.85it/s][A

 98%|█████████▊| 154/157 [00:39<00:00,  3.85it/s][A

 99%|█████████▊| 155/157 [00:39<00:00,  3.84it/s][A

 99%|█████████▉| 156/157 [00:39<00:00,  3.83it/s][A

100%|██████████| 157/157 [00:40<00:00,  4.20it/s][A{'eval_loss': 4.989439487457275, 'eval_runtime': 40.4218, 'eval_samples_per_second': 123.696, 'eval_steps_per_second': 3.884, 'epoch': 0.02}

                                                      

                                                 
[A
  2%|▏         | 275/15157 [15:40<12:15:32,  2.97s/it]

100%|██████████| 157/157 [00:40<00:00,  4.20it/s][A

                                                 [A{'train_runtime': 943.5294, 'train_samples_per_second': 2056.177, 'train_steps_per_second': 16.064, 'train_loss': 5.8735331240567294, 'epoch': 0.02}

                                                      

  2%|▏         | 275/15157 [15:43<12:15:32,  2.97s/it]
  2%|▏         | 275/15157 [15:43<14:11:10,  3.43s/it]
Running final evaluation on the test split...

  0%|          | 0/157 [00:00<?, ?it/s]
  1%|▏         | 2/157 [00:00<00:20,  7.71it/s]
  2%|▏         | 3/157 [00:00<00:28,  5.42it/s]
  3%|▎         | 4/157 [00:00<00:32,  4.70it/s]
  3%|▎         | 5/157 [00:01<00:34,  4.36it/s]
  4%|▍         | 6/157 [00:01<00:36,  4.17it/s]
  4%|▍         | 7/157 [00:01<00:36,  4.08it/s]
  5%|▌         | 8/157 [00:01<00:37,  4.02it/s]
  6%|▌         | 9/157 [00:02<00:37,  3.97it/s]
  6%|▋         | 10/157 [00:02<00:37,  3.93it/s]
  7%|▋         | 11/157 [00:02<00:37,  3.90it/s]
  8%|▊         | 12/157 [00:02<00:37,  3.88it/s]
  8%|▊         | 13/157 [00:03<00:37,  3.87it/s]
  9%|▉         | 14/157 [00:03<00:36,  3.89it/s]
 10%|▉         | 15/157 [00:03<00:36,  3.87it/s]
 10%|█         | 16/157 [00:03<00:36,  3.87it/s]
 11%|█         | 17/157 [00:04<00:36,  3.86it/s]
 11%|█▏        | 18/157 [00:04<00:36,  3.85it/s]
 12%|█▏        | 19/157 [00:04<00:35,  3.84it/s]
 13%|█▎        | 20/157 [00:04<00:35,  3.87it/s]
 13%|█▎        | 21/157 [00:05<00:35,  3.86it/s]
 14%|█▍        | 22/157 [00:05<00:34,  3.87it/s]
 15%|█▍        | 23/157 [00:05<00:34,  3.86it/s]
 15%|█▌        | 24/157 [00:05<00:34,  3.86it/s]
 16%|█▌        | 25/157 [00:06<00:34,  3.85it/s]
 17%|█▋        | 26/157 [00:06<00:34,  3.85it/s]
 17%|█▋        | 27/157 [00:06<00:33,  3.84it/s]
 18%|█▊        | 28/157 [00:07<00:33,  3.84it/s]
 18%|█▊        | 29/157 [00:07<00:33,  3.84it/s]
 19%|█▉        | 30/157 [00:07<00:32,  3.85it/s]
 20%|█▉        | 31/157 [00:07<00:32,  3.85it/s]
 20%|██        | 32/157 [00:08<00:32,  3.85it/s]
 21%|██        | 33/157 [00:08<00:32,  3.84it/s]
 22%|██▏       | 34/157 [00:08<00:31,  3.84it/s]
 22%|██▏       | 35/157 [00:08<00:31,  3.84it/s]
 23%|██▎       | 36/157 [00:09<00:31,  3.83it/s]
 24%|██▎       | 37/157 [00:09<00:31,  3.83it/s]
 24%|██▍       | 38/157 [00:09<00:31,  3.83it/s]
 25%|██▍       | 39/157 [00:09<00:30,  3.83it/s]
 25%|██▌       | 40/157 [00:10<00:30,  3.84it/s]
 26%|██▌       | 41/157 [00:10<00:30,  3.84it/s]
 27%|██▋       | 42/157 [00:10<00:29,  3.84it/s]
 27%|██▋       | 43/157 [00:10<00:29,  3.83it/s]
 28%|██▊       | 44/157 [00:11<00:29,  3.83it/s]
 29%|██▊       | 45/157 [00:11<00:29,  3.86it/s]
 29%|██▉       | 46/157 [00:11<00:28,  3.84it/s]
 30%|██▉       | 47/157 [00:11<00:28,  3.84it/s]
 31%|███       | 48/157 [00:12<00:28,  3.87it/s]
 31%|███       | 49/157 [00:12<00:27,  3.89it/s]
 32%|███▏      | 50/157 [00:12<00:27,  3.91it/s]
 32%|███▏      | 51/157 [00:12<00:27,  3.92it/s]
 33%|███▎      | 52/157 [00:13<00:26,  3.89it/s]
 34%|███▍      | 53/157 [00:13<00:26,  3.88it/s]
 34%|███▍      | 54/157 [00:13<00:26,  3.87it/s]
 35%|███▌      | 55/157 [00:14<00:26,  3.86it/s]
 36%|███▌      | 56/157 [00:14<00:26,  3.86it/s]
 36%|███▋      | 57/157 [00:14<00:25,  3.87it/s]
 37%|███▋      | 58/157 [00:14<00:25,  3.87it/s]
 38%|███▊      | 59/157 [00:15<00:25,  3.86it/s]
 38%|███▊      | 60/157 [00:15<00:25,  3.87it/s]
 39%|███▉      | 61/157 [00:15<00:24,  3.87it/s]
 39%|███▉      | 62/157 [00:15<00:24,  3.86it/s]
 40%|████      | 63/157 [00:16<00:24,  3.85it/s]
 41%|████      | 64/157 [00:16<00:24,  3.85it/s]
 41%|████▏     | 65/157 [00:16<00:23,  3.85it/s]
 42%|████▏     | 66/157 [00:16<00:23,  3.85it/s]
 43%|████▎     | 67/157 [00:17<00:23,  3.85it/s]
 43%|████▎     | 68/157 [00:17<00:22,  3.88it/s]
 44%|████▍     | 69/157 [00:17<00:22,  3.86it/s]
 45%|████▍     | 70/157 [00:17<00:22,  3.86it/s]
 45%|████▌     | 71/157 [00:18<00:22,  3.85it/s]
 46%|████▌     | 72/157 [00:18<00:22,  3.85it/s]
 46%|████▋     | 73/157 [00:18<00:21,  3.87it/s]
 47%|████▋     | 74/157 [00:18<00:21,  3.89it/s]
 48%|████▊     | 75/157 [00:19<00:20,  3.91it/s]
 48%|████▊     | 76/157 [00:19<00:20,  3.90it/s]
 49%|████▉     | 77/157 [00:19<00:20,  3.92it/s]
 50%|████▉     | 78/157 [00:19<00:20,  3.93it/s]
 50%|█████     | 79/157 [00:20<00:19,  3.94it/s]
 51%|█████     | 80/157 [00:20<00:19,  3.94it/s]
 52%|█████▏    | 81/157 [00:20<00:19,  3.94it/s]
 52%|█████▏    | 82/157 [00:20<00:19,  3.94it/s]
 53%|█████▎    | 83/157 [00:21<00:18,  3.94it/s]
 54%|█████▎    | 84/157 [00:21<00:18,  3.95it/s]
 54%|█████▍    | 85/157 [00:21<00:18,  3.90it/s]
 55%|█████▍    | 86/157 [00:21<00:18,  3.90it/s]
 55%|█████▌    | 87/157 [00:22<00:17,  3.92it/s]
 56%|█████▌    | 88/157 [00:22<00:17,  3.91it/s]
 57%|█████▋    | 89/157 [00:22<00:17,  3.89it/s]
 57%|█████▋    | 90/157 [00:23<00:17,  3.88it/s]
 58%|█████▊    | 91/157 [00:23<00:17,  3.88it/s]
 59%|█████▊    | 92/157 [00:23<00:16,  3.87it/s]
 59%|█████▉    | 93/157 [00:23<00:16,  3.88it/s]
 60%|█████▉    | 94/157 [00:24<00:16,  3.88it/s]
 61%|██████    | 95/157 [00:24<00:15,  3.89it/s]
 61%|██████    | 96/157 [00:24<00:15,  3.91it/s]
 62%|██████▏   | 97/157 [00:24<00:15,  3.91it/s]
 62%|██████▏   | 98/157 [00:25<00:15,  3.93it/s]
 63%|██████▎   | 99/157 [00:25<00:14,  3.95it/s]
 64%|██████▎   | 100/157 [00:25<00:14,  3.97it/s]
 64%|██████▍   | 101/157 [00:25<00:14,  3.97it/s]
 65%|██████▍   | 102/157 [00:26<00:13,  3.98it/s]
 66%|██████▌   | 103/157 [00:26<00:13,  3.99it/s]
 66%|██████▌   | 104/157 [00:26<00:13,  4.00it/s]
 67%|██████▋   | 105/157 [00:26<00:12,  4.01it/s]
 68%|██████▊   | 106/157 [00:27<00:12,  3.99it/s]
 68%|██████▊   | 107/157 [00:27<00:12,  3.98it/s]
 69%|██████▉   | 108/157 [00:27<00:12,  3.98it/s]
 69%|██████▉   | 109/157 [00:27<00:12,  3.96it/s]
 70%|███████   | 110/157 [00:28<00:11,  3.97it/s]
 71%|███████   | 111/157 [00:28<00:11,  4.00it/s]
 71%|███████▏  | 112/157 [00:28<00:11,  4.02it/s]
 72%|███████▏  | 113/157 [00:28<00:10,  4.03it/s]
 73%|███████▎  | 114/157 [00:29<00:10,  4.04it/s]
 73%|███████▎  | 115/157 [00:29<00:10,  4.03it/s]
 74%|███████▍  | 116/157 [00:29<00:10,  4.03it/s]
 75%|███████▍  | 117/157 [00:29<00:09,  4.04it/s]
 75%|███████▌  | 118/157 [00:30<00:09,  4.05it/s]
 76%|███████▌  | 119/157 [00:30<00:09,  4.06it/s]
 76%|███████▋  | 120/157 [00:30<00:09,  4.06it/s]
 77%|███████▋  | 121/157 [00:30<00:08,  4.07it/s]
 78%|███████▊  | 122/157 [00:31<00:08,  4.06it/s]
 78%|███████▊  | 123/157 [00:31<00:08,  4.06it/s]
 79%|███████▉  | 124/157 [00:31<00:08,  4.07it/s]
 80%|███████▉  | 125/157 [00:31<00:07,  4.08it/s]
 80%|████████  | 126/157 [00:32<00:07,  4.09it/s]
 81%|████████  | 127/157 [00:32<00:07,  4.09it/s]
 82%|████████▏ | 128/157 [00:32<00:07,  4.07it/s]
 82%|████████▏ | 129/157 [00:32<00:06,  4.03it/s]
 83%|████████▎ | 130/157 [00:33<00:06,  3.99it/s]
 83%|████████▎ | 131/157 [00:33<00:06,  3.95it/s]
 84%|████████▍ | 132/157 [00:33<00:06,  3.91it/s]
 85%|████████▍ | 133/157 [00:33<00:06,  3.88it/s]
 85%|████████▌ | 134/157 [00:34<00:05,  3.87it/s]
 86%|████████▌ | 135/157 [00:34<00:05,  3.86it/s]
 87%|████████▋ | 136/157 [00:34<00:05,  3.85it/s]
 87%|████████▋ | 137/157 [00:34<00:05,  3.86it/s]
 88%|████████▊ | 138/157 [00:35<00:04,  3.88it/s]
 89%|████████▊ | 139/157 [00:35<00:04,  3.89it/s]
 89%|████████▉ | 140/157 [00:35<00:04,  3.88it/s]
 90%|████████▉ | 141/157 [00:35<00:04,  3.86it/s]
 90%|█████████ | 142/157 [00:36<00:03,  3.86it/s]
 91%|█████████ | 143/157 [00:36<00:03,  3.87it/s]
 92%|█████████▏| 144/157 [00:36<00:03,  3.89it/s]
 92%|█████████▏| 145/157 [00:36<00:03,  3.88it/s]
 93%|█████████▎| 146/157 [00:37<00:02,  3.87it/s]
 94%|█████████▎| 147/157 [00:37<00:02,  3.87it/s]
 94%|█████████▍| 148/157 [00:37<00:02,  3.85it/s]
 95%|█████████▍| 149/157 [00:37<00:02,  3.85it/s]
 96%|█████████▌| 150/157 [00:38<00:01,  3.85it/s]
 96%|█████████▌| 151/157 [00:38<00:01,  3.86it/s]
 97%|█████████▋| 152/157 [00:38<00:01,  3.87it/s]
 97%|█████████▋| 153/157 [00:38<00:01,  3.87it/s]
 98%|█████████▊| 154/157 [00:39<00:00,  3.86it/s]
 99%|█████████▊| 155/157 [00:39<00:00,  3.85it/s]
 99%|█████████▉| 156/157 [00:39<00:00,  3.85it/s]
100%|██████████| 157/157 [00:39<00:00,  4.21it/s]
100%|██████████| 157/157 [00:39<00:00,  3.93it/s]
Final evaluation results: {'eval_loss': 4.989439487457275, 'eval_runtime': 40.2979, 'eval_samples_per_second': 124.076, 'eval_steps_per_second': 3.896, 'epoch': 0.018143731340821746}
Final Eval Loss: 4.9894 | Perplexity: 146.85
Train 782.4s, eval 161.6s (17.1% of the loop), optimizer steps 275, microbatches 2200, tokens seen 18022400
Saved comparison plot to artifacts/comparison.svg
Saved experiment artifacts to artifacts/accum_128
Prompt: Тильзитский мир - 
Completion:  — фамилия. Известные носители:


 Сальва, Николай Григорьевич (1884—1948) — советский писатель и химик.
 Гет, Александр Петрович (1917—1907) — советский партийный художник.

Известные носители
 Гулеев, Николай Васильевич (1907—1937) — советский архитектор, академик АН СССР (1975).
 Гров, Николай Фёдорович (1923—1971) — Герой Социалистического Труда, Герой Социалистического Труда.
 Куш, Александр Иосифович (1968—1981) — советский
Prompt: Деревня Сно - 
Completion:  —  деревня в Сергиево-Посадском районе Витебской области России. Входит в состав Пореченского сельского поселения. Население — 15 жителей (2007 год). 
  в западной части Татарстана  в 33 км к востоку от Нижнего Новгорода — 14 км юго-восточнее границы города Великих железной дороги — Витебск — Мичуво.

География 
Деревня расположена на берегу реки Тесичи на расстоянии примерно 3 км на запад.

История 
В годы Великой Отечественной войны деревня была оккупирована гитлеровскими войсками в июле 1941 года, освобождена в октябре 1941 года.

Население
Prompt: 14 восьмитысячников - 
Completion:  в 2023 году.

В составе экипажа (с 1 февраля 2022 года по 13 сентября 2023 года).

С 2022 года в ходе полёта приняло с поста на самолётах в Санкт-Петербурге, и в августе 2022 года стало известно, что в апреле 2022 года был переведен от должности губернатора Ростовской области.

В июле 2022 года по 1 июля 2022 года был назначен заместителем заместителя начальника управления и подготовки и в результате ремонта до 1 июля 2023 года, в ходе которого было прекращено с 1 января 2023 года по 23 июля 2023 года. В начале сентября 2022 года стал членом парламент
Prompt: Евразийство становится - 
Completion:  «от  и ».

Изучная деятельность 
Шорская семья, назван в детстве с 1814 года.

С 1784 года 
В 1786 году, по сути, в 1825 году, была замужем за и сын, а также актрисой и сын.

Семья 
Памон — итальянский политик, отец

В 1784 году стал одним из главных ролей во дворец в 1774 году, в 1824 году подпоручиком-земляющим. В 1781 году он был произведён на польском факультете Иоганнского университета.

В 1703
Saved generations to artifacts/accum_128
