
==========
== CUDA ==
==========

CUDA Version 11.8.0

Container image Copyright (c) 2016-2023, NVIDIA CORPORATION & AFFILIATES. All rights reserved.

This container image and its contents are governed by the NVIDIA Deep Learning Container License.
By pulling and using the container, you accept the terms and conditions of this license:
https://developer.nvidia.com/ngc/nvidia-deep-learning-container-license

A copy of this license is made available in this container at /NGC-DL-CONTAINER-LICENSE for your convenience.

Tokenized dataset is ready in ./output_dir
Created artifacts/baseline
Tokenized dataset is ready in ./output_dir
Loading 32 parquet shards...
Training samples: 1940063
Validation samples: 5000
Model pad token id: 2
Total params: 960,881,664

  0%|          | 0/60627 [00:00<?, ?it/s]
  0%|          | 1/60627 [00:04<69:37:59,  4.13s/it]
                                                    
{'loss': 11.2102, 'grad_norm': 4.65625, 'learning_rate': 0.0, 'epoch': 0.0}

  0%|          | 1/60627 [00:04<69:37:59,  4.13s/it]
  0%|          | 2/60627 [00:05<44:43:08,  2.66s/it]
                                                    
{'loss': 11.2094, 'grad_norm': 5.0, 'learning_rate': 1.1999999999999999e-05, 'epoch': 0.0}

  0%|          | 2/60627 [00:05<44:43:08,  2.66s/it]
  0%|          | 3/60627 [00:07<36:55:14,  2.19s/it]
                                                    
{'loss': 11.2009, 'grad_norm': 4.65625, 'learning_rate': 2.3999999999999997e-05, 'epoch': 0.0}

  0%|          | 3/60627 [00:07<36:55:14,  2.19s/it]
  0%|          | 4/60627 [00:09<33:03:41,  1.96s/it]
                                                    
{'loss': 11.1421, 'grad_norm': 5.09375, 'learning_rate': 3.5999999999999994e-05, 'epoch': 0.0}

  0%|          | 4/60627 [00:09<33:03:41,  1.96s/it]
  0%|          | 5/60627 [00:10<31:02:03,  1.84s/it]
                                                    
{'loss': 11.0075, 'grad_norm': 4.875, 'learning_rate': 4.7999999999999994e-05, 'epoch': 0.0}

  0%|          | 5/60627 [00:10<31:02:03,  1.84s/it]
  0%|          | 6/60627 [00:12<29:46:03,  1.77s/it]
                                                    
{'loss': 10.8008, 'grad_norm': 5.28125, 'learning_rate': 5.9999999999999995e-05, 'epoch': 0.0}

  0%|          | 6/60627 [00:12<29:46:03,  1.77s/it]
  0%|          | 7/60627 [00:13<29:00:50,  1.72s/it]
                                                    
{'loss': 10.5438, 'grad_norm': 5.625, 'learning_rate': 7.199999999999999e-05, 'epoch': 0.0}

  0%|          | 7/60627 [00:13<29:00:50,  1.72s/it]
  0%|          | 8/60627 [00:15<28:30:40,  1.69s/it]
                                                    
{'loss': 11.0855, 'grad_norm': 24.25, 'learning_rate': 8.4e-05, 'epoch': 0.0}

  0%|          | 8/60627 [00:15<28:30:40,  1.69s/it]
  0%|          | 9/60627 [00:17<28:15:15,  1.68s/it]{'loss': 10.4533, 'grad_norm': 17.75, 'learning_rate': 9.599999999999999e-05, 'epoch': 0.0}

                                                    

  0%|          | 9/60627 [00:17<28:15:15,  1.68s/it]
  0%|          | 10/60627 [00:18<28:01:13,  1.66s/it]
                                                     
{'loss': 10.0936, 'grad_norm': 11.0625, 'learning_rate': 0.00010799999999999998, 'epoch': 0.0}

  0%|          | 10/60627 [00:18<28:01:13,  1.66s/it]
  0%|          | 11/60627 [00:20<27:54:25,  1.66s/it]
                                                     

  0%|          | 11/60627 [00:20<27:54:25,  1.66s/it]{'loss': 10.0697, 'grad_norm': 4.9375, 'learning_rate': 0.00011999999999999999, 'epoch': 0.0}

  0%|          | 12/60627 [00:22<27:45:53,  1.65s/it]{'loss': 9.9383, 'grad_norm': 9.5, 'learning_rate': 0.00013199999999999998, 'epoch': 0.0}

                                                     

  0%|          | 12/60627 [00:22<27:45:53,  1.65s/it]
  0%|          | 13/60627 [00:23<27:38:32,  1.64s/it]{'loss': 9.5227, 'grad_norm': 3.734375, 'learning_rate': 0.00014399999999999998, 'epoch': 0.0}

                                                     

  0%|          | 13/60627 [00:23<27:38:32,  1.64s/it]
  0%|          | 14/60627 [00:25<27:38:51,  1.64s/it]
                                                     
{'loss': 9.2111, 'grad_norm': 6.6875, 'learning_rate': 0.000156, 'epoch': 0.0}

  0%|          | 14/60627 [00:25<27:38:51,  1.64s/it]
  0%|          | 15/60627 [00:26<27:36:31,  1.64s/it]
                                                     
{'loss': 8.9424, 'grad_norm': 6.9375, 'learning_rate': 0.000168, 'epoch': 0.0}

  0%|          | 15/60627 [00:27<27:36:31,  1.64s/it]
  0%|          | 16/60627 [00:28<27:32:27,  1.64s/it]
                                                     
{'loss': 8.9277, 'grad_norm': 11.0, 'learning_rate': 0.00017999999999999998, 'epoch': 0.0}

  0%|          | 16/60627 [00:28<27:32:27,  1.64s/it]
  0%|          | 17/60627 [00:30<27:30:00,  1.63s/it]
                                                     
{'loss': 8.7264, 'grad_norm': 2.765625, 'learning_rate': 0.00019199999999999998, 'epoch': 0.0}

  0%|          | 17/60627 [00:30<27:30:00,  1.63s/it]
  0%|          | 18/60627 [00:31<27:33:46,  1.64s/it]
                                                     
{'loss': 8.5649, 'grad_norm': 2.03125, 'learning_rate': 0.000204, 'epoch': 0.0}

  0%|          | 18/60627 [00:31<27:33:46,  1.64s/it]
  0%|          | 19/60627 [00:33<27:34:37,  1.64s/it]
                                                     
{'loss': 8.4063, 'grad_norm': 6.15625, 'learning_rate': 0.00021599999999999996, 'epoch': 0.0}

  0%|          | 19/60627 [00:33<27:34:37,  1.64s/it]
  0%|          | 20/60627 [00:35<27:36:54,  1.64s/it]
                                                     
{'loss': 8.3808, 'grad_norm': 6.5625, 'learning_rate': 0.00022799999999999999, 'epoch': 0.0}

  0%|          | 20/60627 [00:35<27:36:54,  1.64s/it]
  0%|          | 21/60627 [00:36<27:32:11,  1.64s/it]
                                                     
{'loss': 8.2385, 'grad_norm': 2.453125, 'learning_rate': 0.00023999999999999998, 'epoch': 0.0}

  0%|          | 21/60627 [00:36<27:32:11,  1.64s/it]
  0%|          | 22/60627 [00:38<27:29:19,  1.63s/it]
                                                     
{'loss': 8.2242, 'grad_norm': 1.2890625, 'learning_rate': 0.00025199999999999995, 'epoch': 0.0}

  0%|          | 22/60627 [00:38<27:29:19,  1.63s/it]
  0%|          | 23/60627 [00:40<27:27:04,  1.63s/it]
                                                     
{'loss': 8.0812, 'grad_norm': 2.5625, 'learning_rate': 0.00026399999999999997, 'epoch': 0.0}

  0%|          | 23/60627 [00:40<27:27:04,  1.63s/it]
  0%|          | 24/60627 [00:41<27:29:59,  1.63s/it]{'loss': 8.0673, 'grad_norm': 1.734375, 'learning_rate': 0.000276, 'epoch': 0.0}

                                                     

  0%|          | 24/60627 [00:41<27:29:59,  1.63s/it]
  0%|          | 25/60627 [00:43<27:29:56,  1.63s/it]
                                                     
{'loss': 7.9095, 'grad_norm': 1.6640625, 'learning_rate': 0.00028799999999999995, 'epoch': 0.0}

  0%|          | 25/60627 [00:43<27:29:56,  1.63s/it]
  0%|          | 26/60627 [00:44<27:30:28,  1.63s/it]
                                                     
{'loss': 8.102, 'grad_norm': 1.515625, 'learning_rate': 0.0003, 'epoch': 0.0}

  0%|          | 26/60627 [00:44<27:30:28,  1.63s/it]
  0%|          | 27/60627 [00:46<27:31:55,  1.64s/it]
                                                     
{'loss': 8.2068, 'grad_norm': 1.703125, 'learning_rate': 0.000312, 'epoch': 0.0}

  0%|          | 27/60627 [00:46<27:31:55,  1.64s/it]
  0%|          | 28/60627 [00:48<27:34:29,  1.64s/it]
                                                     
{'loss': 8.1065, 'grad_norm': 1.609375, 'learning_rate': 0.000324, 'epoch': 0.0}

  0%|          | 28/60627 [00:48<27:34:29,  1.64s/it]
  0%|          | 29/60627 [00:49<27:38:31,  1.64s/it]
                                                     
{'loss': 8.4369, 'grad_norm': 2.046875, 'learning_rate': 0.000336, 'epoch': 0.0}

  0%|          | 29/60627 [00:49<27:38:31,  1.64s/it]
  0%|          | 30/60627 [00:51<27:35:30,  1.64s/it]
                                                     
{'loss': 8.055, 'grad_norm': 1.65625, 'learning_rate': 0.00034799999999999995, 'epoch': 0.0}

  0%|          | 30/60627 [00:51<27:35:30,  1.64s/it]
  0%|          | 31/60627 [00:53<27:34:57,  1.64s/it]
                                                     
{'loss': 8.021, 'grad_norm': 1.109375, 'learning_rate': 0.00035999999999999997, 'epoch': 0.0}

  0%|          | 31/60627 [00:53<27:34:57,  1.64s/it]
  0%|          | 32/60627 [00:54<27:39:46,  1.64s/it]
                                                     
{'loss': 8.207, 'grad_norm': 2.3125, 'learning_rate': 0.000372, 'epoch': 0.0}

  0%|          | 32/60627 [00:54<27:39:46,  1.64s/it]
  0%|          | 33/60627 [00:56<27:39:47,  1.64s/it]
                                                     
{'loss': 8.1413, 'grad_norm': 2.40625, 'learning_rate': 0.00038399999999999996, 'epoch': 0.0}

  0%|          | 33/60627 [00:56<27:39:47,  1.64s/it]
  0%|          | 34/60627 [00:58<27:40:37,  1.64s/it]
                                                     
{'loss': 8.0926, 'grad_norm': 1.9296875, 'learning_rate': 0.000396, 'epoch': 0.0}

  0%|          | 34/60627 [00:58<27:40:37,  1.64s/it]
  0%|          | 35/60627 [00:59<27:42:46,  1.65s/it]
                                                     
{'loss': 8.1023, 'grad_norm': 3.296875, 'learning_rate': 0.000408, 'epoch': 0.0}

  0%|          | 35/60627 [00:59<27:42:46,  1.65s/it]
  0%|          | 36/60627 [01:01<27:42:05,  1.65s/it]
                                                     

  0%|          | 36/60627 [01:01<27:42:05,  1.65s/it]{'loss': 7.9497, 'grad_norm': 2.546875, 'learning_rate': 0.00041999999999999996, 'epoch': 0.0}

  0%|          | 37/60627 [01:03<27:43:21,  1.65s/it]
                                                     
{'loss': 8.0947, 'grad_norm': 2.4375, 'learning_rate': 0.00043199999999999993, 'epoch': 0.0}

  0%|          | 37/60627 [01:03<27:43:21,  1.65s/it]
  0%|          | 38/60627 [01:04<27:41:01,  1.64s/it]
                                                     
{'loss': 8.1232, 'grad_norm': 1.9921875, 'learning_rate': 0.00044399999999999995, 'epoch': 0.0}

  0%|          | 38/60627 [01:04<27:41:01,  1.64s/it]
  0%|          | 39/60627 [01:06<27:39:54,  1.64s/it]
                                                     
{'loss': 7.9573, 'grad_norm': 2.71875, 'learning_rate': 0.00045599999999999997, 'epoch': 0.0}

  0%|          | 39/60627 [01:06<27:39:54,  1.64s/it]
  0%|          | 40/60627 [01:07<27:42:06,  1.65s/it]
                                                     
{'loss': 7.9094, 'grad_norm': 1.84375, 'learning_rate': 0.000468, 'epoch': 0.0}

  0%|          | 40/60627 [01:08<27:42:06,  1.65s/it]
  0%|          | 41/60627 [01:09<27:37:57,  1.64s/it]{'loss': 7.9924, 'grad_norm': 5.15625, 'learning_rate': 0.00047999999999999996, 'epoch': 0.0}

                                                     

  0%|          | 41/60627 [01:09<27:37:57,  1.64s/it]
  0%|          | 42/60627 [01:11<27:38:14,  1.64s/it]
                                                     
{'loss': 8.1517, 'grad_norm': 3.03125, 'learning_rate': 0.0004919999999999999, 'epoch': 0.0}

  0%|          | 42/60627 [01:11<27:38:14,  1.64s/it]
  0%|          | 43/60627 [01:12<27:34:09,  1.64s/it]
                                                     
{'loss': 8.1734, 'grad_norm': 3.25, 'learning_rate': 0.0005039999999999999, 'epoch': 0.0}

  0%|          | 43/60627 [01:12<27:34:09,  1.64s/it]
  0%|          | 44/60627 [01:14<27:33:08,  1.64s/it]
                                                     
{'loss': 7.7948, 'grad_norm': 1.6875, 'learning_rate': 0.000516, 'epoch': 0.0}

  0%|          | 44/60627 [01:14<27:33:08,  1.64s/it]
  0%|          | 45/60627 [01:16<27:32:28,  1.64s/it]
                                                     
{'loss': 7.8697, 'grad_norm': 3.5, 'learning_rate': 0.0005279999999999999, 'epoch': 0.0}

  0%|          | 45/60627 [01:16<27:32:28,  1.64s/it]
  0%|          | 46/60627 [01:17<27:36:38,  1.64s/it]
                                                     
{'loss': 7.8301, 'grad_norm': 3.671875, 'learning_rate': 0.00054, 'epoch': 0.0}

  0%|          | 46/60627 [01:17<27:36:38,  1.64s/it]
  0%|          | 47/60627 [01:19<26:47:22,  1.59s/it]{'loss': 8.0896, 'grad_norm': 1.78125, 'learning_rate': 0.000552, 'epoch': 0.0}

                                                     

  0%|          | 47/60627 [01:19<26:47:22,  1.59s/it]
  0%|          | 48/60627 [01:20<27:05:31,  1.61s/it]
                                                     
{'loss': 7.8853, 'grad_norm': 1.8203125, 'learning_rate': 0.0005639999999999999, 'epoch': 0.0}

  0%|          | 48/60627 [01:20<27:05:31,  1.61s/it]
  0%|          | 49/60627 [01:22<27:10:11,  1.61s/it]
                                                     
{'loss': 7.9457, 'grad_norm': 2.265625, 'learning_rate': 0.0005759999999999999, 'epoch': 0.0}

  0%|          | 49/60627 [01:22<27:10:11,  1.61s/it]
  0%|          | 50/60627 [01:24<27:11:05,  1.62s/it]
                                                     
{'loss': 7.8571, 'grad_norm': 2.28125, 'learning_rate': 0.000588, 'epoch': 0.0}

  0%|          | 50/60627 [01:24<27:11:05,  1.62s/it]
  0%|          | 51/60627 [01:25<27:16:57,  1.62s/it]
                                                     
{'loss': 7.6849, 'grad_norm': 2.796875, 'learning_rate': 0.0006, 'epoch': 0.0}

  0%|          | 51/60627 [01:25<27:16:57,  1.62s/it]
  0%|          | 52/60627 [01:27<27:26:44,  1.63s/it]
                                                     
{'loss': 7.7032, 'grad_norm': 1.6015625, 'learning_rate': 0.0005999999995965632, 'epoch': 0.0}

  0%|          | 52/60627 [01:27<27:26:44,  1.63s/it]
  0%|          | 53/60627 [01:29<27:25:49,  1.63s/it]{'loss': 7.6726, 'grad_norm': 2.203125, 'learning_rate': 0.0005999999983862528, 'epoch': 0.0}

                                                     

  0%|          | 53/60627 [01:29<27:25:49,  1.63s/it]
  0%|          | 54/60627 [01:30<27:34:26,  1.64s/it]
                                                     
{'loss': 7.7432, 'grad_norm': 1.8125, 'learning_rate': 0.000599999996369069, 'epoch': 0.0}

  0%|          | 54/60627 [01:30<27:34:26,  1.64s/it]
  0%|          | 55/60627 [01:32<27:30:09,  1.63s/it]
                                                     
{'loss': 7.7148, 'grad_norm': 8.4375, 'learning_rate': 0.0005999999935450116, 'epoch': 0.0}

  0%|          | 55/60627 [01:32<27:30:09,  1.63s/it]
  0%|          | 56/60627 [01:34<27:30:32,  1.63s/it]{'loss': 7.7972, 'grad_norm': 2.375, 'learning_rate': 0.0005999999899140807, 'epoch': 0.0}

                                                     

  0%|          | 56/60627 [01:34<27:30:32,  1.63s/it]
  0%|          | 57/60627 [01:35<27:29:12,  1.63s/it]
                                                     
{'loss': 8.013, 'grad_norm': 2.90625, 'learning_rate': 0.0005999999854762763, 'epoch': 0.0}

  0%|          | 57/60627 [01:35<27:29:12,  1.63s/it]
  0%|          | 58/60627 [01:37<27:23:35,  1.63s/it]
                                                     
{'loss': 7.606, 'grad_norm': 2.0625, 'learning_rate': 0.0005999999802315983, 'epoch': 0.0}

  0%|          | 58/60627 [01:37<27:23:35,  1.63s/it]
  0%|          | 59/60627 [01:38<27:24:22,  1.63s/it]
                                                     

  0%|          | 59/60627 [01:38<27:24:22,  1.63s/it]{'loss': 7.3805, 'grad_norm': 2.28125, 'learning_rate': 0.0005999999741800469, 'epoch': 0.0}

  0%|          | 60/60627 [01:40<27:26:01,  1.63s/it]{'loss': 7.777, 'grad_norm': 2.546875, 'learning_rate': 0.0005999999673216219, 'epoch': 0.0}

                                                     

  0%|          | 60/60627 [01:40<27:26:01,  1.63s/it]
  0%|          | 61/60627 [01:42<27:27:46,  1.63s/it]
                                                     
{'loss': 7.6168, 'grad_norm': 2.046875, 'learning_rate': 0.0005999999596563235, 'epoch': 0.0}

  0%|          | 61/60627 [01:42<27:27:46,  1.63s/it]
  0%|          | 62/60627 [01:43<27:24:47,  1.63s/it]
                                                     
{'loss': 7.4695, 'grad_norm': 1.8046875, 'learning_rate': 0.0005999999511841518, 'epoch': 0.0}

  0%|          | 62/60627 [01:43<27:24:47,  1.63s/it]
  0%|          | 63/60627 [01:45<27:37:36,  1.64s/it]
                                                     
{'loss': 7.5175, 'grad_norm': 1.6484375, 'learning_rate': 0.0005999999419051065, 'epoch': 0.0}

  0%|          | 63/60627 [01:45<27:37:36,  1.64s/it]
  0%|          | 64/60627 [01:47<27:46:30,  1.65s/it]
                                                     
{'loss': 7.776, 'grad_norm': 1.1171875, 'learning_rate': 0.0005999999318191879, 'epoch': 0.0}

  0%|          | 64/60627 [01:47<27:46:30,  1.65s/it]
  0%|          | 65/60627 [01:48<28:02:55,  1.67s/it]
                                                     
{'loss': 7.4897, 'grad_norm': 1.578125, 'learning_rate': 0.000599999920926396, 'epoch': 0.0}

  0%|          | 65/60627 [01:48<28:02:55,  1.67s/it]
  0%|          | 66/60627 [01:50<27:47:50,  1.65s/it]
                                                     
{'loss': 7.4724, 'grad_norm': 1.3828125, 'learning_rate': 0.0005999999092267306, 'epoch': 0.0}

  0%|          | 66/60627 [01:50<27:47:50,  1.65s/it]
  0%|          | 67/60627 [01:52<27:38:53,  1.64s/it]
                                                     
{'loss': 7.4523, 'grad_norm': 1.46875, 'learning_rate': 0.0005999998967201921, 'epoch': 0.0}

  0%|          | 67/60627 [01:52<27:38:53,  1.64s/it]
  0%|          | 68/60627 [01:53<27:30:59,  1.64s/it]{'loss': 7.4054, 'grad_norm': 1.1484375, 'learning_rate': 0.0005999998834067802, 'epoch': 0.0}

                                                     

  0%|          | 68/60627 [01:53<27:30:59,  1.64s/it]
  0%|          | 69/60627 [01:55<27:31:44,  1.64s/it]
                                                     
{'loss': 7.6839, 'grad_norm': 1.3125, 'learning_rate': 0.000599999869286495, 'epoch': 0.0}

  0%|          | 69/60627 [01:55<27:31:44,  1.64s/it]
  0%|          | 70/60627 [01:56<27:27:53,  1.63s/it]{'loss': 7.5235, 'grad_norm': 1.6796875, 'learning_rate': 0.0005999998543593368, 'epoch': 0.0}

                                                     

  0%|          | 70/60627 [01:56<27:27:53,  1.63s/it]
  0%|          | 71/60627 [01:58<27:37:20,  1.64s/it]
                                                     
{'loss': 7.3849, 'grad_norm': 1.125, 'learning_rate': 0.0005999998386253053, 'epoch': 0.0}

  0%|          | 71/60627 [01:58<27:37:20,  1.64s/it]
  0%|          | 72/60627 [02:00<27:34:26,  1.64s/it]
                                                     
{'loss': 7.3921, 'grad_norm': 1.59375, 'learning_rate': 0.0005999998220844008, 'epoch': 0.0}

  0%|          | 72/60627 [02:00<27:34:26,  1.64s/it]
  0%|          | 73/60627 [02:01<27:31:19,  1.64s/it]{'loss': 7.5048, 'grad_norm': 1.3984375, 'learning_rate': 0.0005999998047366231, 'epoch': 0.0}

                                                     

  0%|          | 73/60627 [02:01<27:31:19,  1.64s/it]
  0%|          | 74/60627 [02:03<27:34:08,  1.64s/it]
                                                     
{'loss': 7.3359, 'grad_norm': 1.7109375, 'learning_rate': 0.0005999997865819724, 'epoch': 0.0}

  0%|          | 74/60627 [02:03<27:34:08,  1.64s/it]
  0%|          | 75/60627 [02:05<27:53:42,  1.66s/it]
                                                     
{'loss': 7.3127, 'grad_norm': 2.0, 'learning_rate': 0.0005999997676204488, 'epoch': 0.0}

  0%|          | 75/60627 [02:05<27:53:42,  1.66s/it]
  0%|          | 76/60627 [02:06<28:08:09,  1.67s/it]
                                                     
{'loss': 7.0334, 'grad_norm': 1.296875, 'learning_rate': 0.0005999997478520522, 'epoch': 0.0}

  0%|          | 76/60627 [02:06<28:08:09,  1.67s/it]
  0%|          | 77/60627 [02:08<27:58:21,  1.66s/it]
                                                     
{'loss': 7.2738, 'grad_norm': 1.28125, 'learning_rate': 0.0005999997272767829, 'epoch': 0.0}

  0%|          | 77/60627 [02:08<27:58:21,  1.66s/it]
  0%|          | 78/60627 [02:10<27:53:13,  1.66s/it]
                                                     
{'loss': 7.3268, 'grad_norm': 1.6875, 'learning_rate': 0.0005999997058946406, 'epoch': 0.0}

  0%|          | 78/60627 [02:10<27:53:13,  1.66s/it]
  0%|          | 79/60627 [02:11<27:38:53,  1.64s/it]
                                                     
{'loss': 7.1088, 'grad_norm': 1.2734375, 'learning_rate': 0.0005999996837056257, 'epoch': 0.0}

  0%|          | 79/60627 [02:11<27:38:53,  1.64s/it]
  0%|          | 80/60627 [02:13<27:37:36,  1.64s/it]
                                                     
{'loss': 7.2775, 'grad_norm': 1.3359375, 'learning_rate': 0.0005999996607097379, 'epoch': 0.0}

  0%|          | 80/60627 [02:13<27:37:36,  1.64s/it]
  0%|          | 81/60627 [02:15<27:32:49,  1.64s/it]
                                                     
{'loss': 7.3387, 'grad_norm': 1.203125, 'learning_rate': 0.0005999996369069776, 'epoch': 0.0}

  0%|          | 81/60627 [02:15<27:32:49,  1.64s/it]
  0%|          | 82/60627 [02:16<27:28:10,  1.63s/it]
                                                     
{'loss': 7.1217, 'grad_norm': 1.453125, 'learning_rate': 0.0005999996122973448, 'epoch': 0.0}

  0%|          | 82/60627 [02:16<27:28:10,  1.63s/it]
  0%|          | 83/60627 [02:18<27:21:47,  1.63s/it]{'loss': 7.2563, 'grad_norm': 1.3515625, 'learning_rate': 0.0005999995868808393, 'epoch': 0.0}

                                                     

  0%|          | 83/60627 [02:18<27:21:47,  1.63s/it]
  0%|          | 84/60627 [02:19<27:23:07,  1.63s/it]
                                                     

  0%|          | 84/60627 [02:19<27:23:07,  1.63s/it]{'loss': 7.198, 'grad_norm': 1.3203125, 'learning_rate': 0.0005999995606574616, 'epoch': 0.0}

  0%|          | 85/60627 [02:21<27:20:24,  1.63s/it]
                                                     
{'loss': 7.0128, 'grad_norm': 1.1328125, 'learning_rate': 0.0005999995336272115, 'epoch': 0.0}

  0%|          | 85/60627 [02:21<27:20:24,  1.63s/it]
  0%|          | 86/60627 [02:23<27:25:09,  1.63s/it]{'loss': 7.2057, 'grad_norm': 1.15625, 'learning_rate': 0.000599999505790089, 'epoch': 0.0}

                                                     

  0%|          | 86/60627 [02:23<27:25:09,  1.63s/it]
  0%|          | 87/60627 [02:24<27:24:18,  1.63s/it]
                                                     

  0%|          | 87/60627 [02:24<27:24:18,  1.63s/it]{'loss': 7.0441, 'grad_norm': 2.015625, 'learning_rate': 0.0005999994771460943, 'epoch': 0.0}

  0%|          | 88/60627 [02:26<27:16:57,  1.62s/it]
                                                     
{'loss': 7.0755, 'grad_norm': 0.97265625, 'learning_rate': 0.0005999994476952274, 'epoch': 0.0}

  0%|          | 88/60627 [02:26<27:16:57,  1.62s/it]
  0%|          | 89/60627 [02:28<27:21:09,  1.63s/it]
                                                     
{'loss': 7.0077, 'grad_norm': 1.453125, 'learning_rate': 0.0005999994174374885, 'epoch': 0.0}

  0%|          | 89/60627 [02:28<27:21:09,  1.63s/it]
  0%|          | 90/60627 [02:29<27:17:43,  1.62s/it]{'loss': 6.5939, 'grad_norm': 1.203125, 'learning_rate': 0.0005999993863728776, 'epoch': 0.0}

                                                     

  0%|          | 90/60627 [02:29<27:17:43,  1.62s/it]
  0%|          | 91/60627 [02:31<27:22:34,  1.63s/it]
                                                     

  0%|          | 91/60627 [02:31<27:22:34,  1.63s/it]{'loss': 7.0586, 'grad_norm': 1.1953125, 'learning_rate': 0.0005999993545013949, 'epoch': 0.0}

  0%|          | 92/60627 [02:32<27:24:53,  1.63s/it]{'loss': 6.7832, 'grad_norm': 0.93359375, 'learning_rate': 0.0005999993218230403, 'epoch': 0.0}

                                                     

  0%|          | 92/60627 [02:33<27:24:53,  1.63s/it]
  0%|          | 93/60627 [02:34<27:26:13,  1.63s/it]
                                                     
{'loss': 6.9171, 'grad_norm': 0.9453125, 'learning_rate': 0.0005999992883378141, 'epoch': 0.0}

  0%|          | 93/60627 [02:34<27:26:13,  1.63s/it]
  0%|          | 94/60627 [02:36<27:30:46,  1.64s/it]
                                                     
{'loss': 6.5791, 'grad_norm': 1.1015625, 'learning_rate': 0.0005999992540457161, 'epoch': 0.0}

  0%|          | 94/60627 [02:36<27:30:46,  1.64s/it]
  0%|          | 95/60627 [02:37<27:30:56,  1.64s/it]
                                                     
{'loss': 6.8128, 'grad_norm': 1.1875, 'learning_rate': 0.0005999992189467466, 'epoch': 0.0}

  0%|          | 95/60627 [02:37<27:30:56,  1.64s/it]
  0%|          | 96/60627 [02:39<27:25:51,  1.63s/it]{'loss': 6.6633, 'grad_norm': 1.03125, 'learning_rate': 0.0005999991830409057, 'epoch': 0.0}

                                                     

  0%|          | 96/60627 [02:39<27:25:51,  1.63s/it]
  0%|          | 97/60627 [02:41<27:22:16,  1.63s/it]
                                                     
{'loss': 6.8502, 'grad_norm': 1.28125, 'learning_rate': 0.0005999991463281935, 'epoch': 0.0}

  0%|          | 97/60627 [02:41<27:22:16,  1.63s/it]
  0%|          | 98/60627 [02:42<27:20:40,  1.63s/it]
                                                     
{'loss': 6.9094, 'grad_norm': 1.53125, 'learning_rate': 0.00059999910880861, 'epoch': 0.0}

  0%|          | 98/60627 [02:42<27:20:40,  1.63s/it]
  0%|          | 99/60627 [02:44<27:23:47,  1.63s/it]
                                                     
{'loss': 6.8252, 'grad_norm': 1.0234375, 'learning_rate': 0.0005999990704821553, 'epoch': 0.0}

  0%|          | 99/60627 [02:44<27:23:47,  1.63s/it]
  0%|          | 100/60627 [02:46<27:19:42,  1.63s/it]
                                                      
{'loss': 6.4122, 'grad_norm': 1.515625, 'learning_rate': 0.0005999990313488296, 'epoch': 0.0}

  0%|          | 100/60627 [02:46<27:19:42,  1.63s/it]

  0%|          | 0/157 [00:00<?, ?it/s][A

  1%|▏         | 2/157 [00:00<00:44,  3.49it/s][A

  2%|▏         | 3/157 [00:01<01:02,  2.45it/s][A

  3%|▎         | 4/157 [00:01<01:12,  2.12it/s][A

  3%|▎         | 5/157 [00:02<01:17,  1.96it/s][A

  4%|▍         | 6/157 [00:02<01:10,  2.15it/s][A

  4%|▍         | 7/157 [00:02<00:59,  2.51it/s][A

  5%|▌         | 8/157 [00:03<00:52,  2.82it/s][A

  6%|▌         | 9/157 [00:03<00:48,  3.07it/s][A

  6%|▋         | 10/157 [00:03<00:44,  3.27it/s][A

  7%|▋         | 11/157 [00:03<00:42,  3.43it/s][A

  8%|▊         | 12/157 [00:04<00:40,  3.54it/s][A

  8%|▊         | 13/157 [00:04<00:39,  3.62it/s][A

  9%|▉         | 14/157 [00:04<00:38,  3.72it/s][A

 10%|▉         | 15/157 [00:05<00:49,  2.86it/s][A

 10%|█         | 16/157 [00:05<00:59,  2.38it/s][A

 11%|█         | 17/157 [00:06<01:06,  2.10it/s][A

 11%|█▏        | 18/157 [00:07<01:11,  1.95it/s][A

 12%|█▏        | 19/157 [00:07<01:13,  1.88it/s][A

 13%|█▎        | 20/157 [00:08<01:13,  1.86it/s][A

 13%|█▎        | 21/157 [00:08<01:16,  1.79it/s][A

 14%|█▍        | 22/157 [00:09<01:16,  1.77it/s][A

 15%|█▍        | 23/157 [00:09<01:15,  1.77it/s][A

 15%|█▌        | 24/157 [00:10<01:16,  1.73it/s][A

 16%|█▌        | 25/157 [00:11<01:16,  1.72it/s][A

 17%|█▋        | 26/157 [00:11<01:15,  1.73it/s][A

 17%|█▋        | 27/157 [00:12<01:15,  1.72it/s][A

 18%|█▊        | 28/157 [00:12<01:16,  1.69it/s][A

 18%|█▊        | 29/157 [00:13<01:14,  1.71it/s][A

 19%|█▉        | 30/157 [00:14<01:14,  1.72it/s][A

 20%|█▉        | 31/157 [00:14<01:13,  1.70it/s][A

 20%|██        | 32/157 [00:15<01:13,  1.69it/s][A

 21%|██        | 33/157 [00:15<01:12,  1.70it/s][A

 22%|██▏       | 34/157 [00:16<01:12,  1.70it/s][A

 22%|██▏       | 35/157 [00:17<01:12,  1.68it/s][A

 23%|██▎       | 36/157 [00:17<01:11,  1.69it/s][A

 24%|██▎       | 37/157 [00:18<01:10,  1.70it/s][A

 24%|██▍       | 38/157 [00:18<01:09,  1.70it/s][A

 25%|██▍       | 39/157 [00:19<01:10,  1.68it/s][A

 25%|██▌       | 40/157 [00:19<01:08,  1.71it/s][A

 26%|██▌       | 41/157 [00:20<01:07,  1.71it/s][A

 27%|██▋       | 42/157 [00:21<01:07,  1.69it/s][A

 27%|██▋       | 43/157 [00:21<01:07,  1.70it/s][A

 28%|██▊       | 44/157 [00:22<01:06,  1.71it/s][A

 29%|██▊       | 45/157 [00:22<01:04,  1.74it/s][A

 29%|██▉       | 46/157 [00:23<01:04,  1.72it/s][A

 30%|██▉       | 47/157 [00:24<01:03,  1.72it/s][A

 31%|███       | 48/157 [00:24<01:02,  1.75it/s][A

 31%|███       | 49/157 [00:25<01:01,  1.76it/s][A

 32%|███▏      | 50/157 [00:25<00:59,  1.80it/s][A

 32%|███▏      | 51/157 [00:26<00:58,  1.81it/s][A

 33%|███▎      | 52/157 [00:26<00:59,  1.76it/s][A

 34%|███▍      | 53/157 [00:27<00:59,  1.75it/s][A

 34%|███▍      | 54/157 [00:28<00:58,  1.75it/s][A

 35%|███▌      | 55/157 [00:28<00:59,  1.71it/s][A

 36%|███▌      | 56/157 [00:29<00:59,  1.71it/s][A

 36%|███▋      | 57/157 [00:29<00:58,  1.71it/s][A

 37%|███▋      | 58/157 [00:30<00:57,  1.71it/s][A

 38%|███▊      | 59/157 [00:30<00:58,  1.69it/s][A

 38%|███▊      | 60/157 [00:31<00:56,  1.71it/s][A

 39%|███▉      | 61/157 [00:32<00:56,  1.71it/s][A

 39%|███▉      | 62/157 [00:32<00:56,  1.69it/s][A

 40%|████      | 63/157 [00:33<00:55,  1.69it/s][A

 41%|████      | 64/157 [00:33<00:54,  1.71it/s][A

 41%|████▏     | 65/157 [00:34<00:53,  1.71it/s][A

 42%|████▏     | 66/157 [00:35<00:54,  1.68it/s][A

 43%|████▎     | 67/157 [00:35<00:53,  1.70it/s][A

 43%|████▎     | 68/157 [00:36<00:50,  1.75it/s][A

 44%|████▍     | 69/157 [00:36<00:51,  1.72it/s][A

 45%|████▍     | 70/157 [00:37<00:50,  1.71it/s][A

 45%|████▌     | 71/157 [00:37<00:49,  1.72it/s][A

 46%|████▌     | 72/157 [00:38<00:49,  1.71it/s][A

 46%|████▋     | 73/157 [00:39<00:49,  1.70it/s][A

 47%|████▋     | 74/157 [00:39<00:48,  1.72it/s][A

 48%|████▊     | 75/157 [00:40<00:47,  1.73it/s][A

 48%|████▊     | 76/157 [00:40<00:47,  1.71it/s][A

 49%|████▉     | 77/157 [00:41<00:45,  1.76it/s][A

 50%|████▉     | 78/157 [00:41<00:44,  1.78it/s][A

 50%|█████     | 79/157 [00:42<00:44,  1.77it/s][A

 51%|█████     | 80/157 [00:43<00:42,  1.82it/s][A

 52%|█████▏    | 81/157 [00:43<00:41,  1.82it/s][A

 52%|█████▏    | 82/157 [00:44<00:41,  1.79it/s][A

 53%|█████▎    | 83/157 [00:44<00:40,  1.82it/s][A

 54%|█████▎    | 84/157 [00:45<00:40,  1.82it/s][A

 54%|█████▍    | 85/157 [00:45<00:40,  1.76it/s][A

 55%|█████▍    | 86/157 [00:46<00:40,  1.76it/s][A

 55%|█████▌    | 87/157 [00:47<00:39,  1.75it/s][A

 56%|█████▌    | 88/157 [00:47<00:40,  1.72it/s][A

 57%|█████▋    | 89/157 [00:48<00:39,  1.71it/s][A

 57%|█████▋    | 90/157 [00:48<00:38,  1.72it/s][A

 58%|█████▊    | 91/157 [00:49<00:38,  1.72it/s][A

 59%|█████▊    | 92/157 [00:50<00:38,  1.68it/s][A

 59%|█████▉    | 93/157 [00:50<00:37,  1.70it/s][A

 60%|█████▉    | 94/157 [00:51<00:36,  1.71it/s][A

 61%|██████    | 95/157 [00:51<00:36,  1.71it/s][A

 61%|██████    | 96/157 [00:52<00:35,  1.70it/s][A

 62%|██████▏   | 97/157 [00:52<00:34,  1.72it/s][A

 62%|██████▏   | 98/157 [00:53<00:34,  1.73it/s][A

 63%|██████▎   | 99/157 [00:54<00:34,  1.70it/s][A

 64%|██████▎   | 100/157 [00:54<00:32,  1.74it/s][A

 64%|██████▍   | 101/157 [00:55<00:32,  1.75it/s][A

 65%|██████▍   | 102/157 [00:55<00:31,  1.73it/s][A

 66%|██████▌   | 103/157 [00:56<00:31,  1.74it/s][A

 66%|██████▌   | 104/157 [00:56<00:30,  1.76it/s][A

 67%|██████▋   | 105/157 [00:57<00:29,  1.77it/s][A

 68%|██████▊   | 106/157 [00:58<00:29,  1.73it/s][A

 68%|██████▊   | 107/157 [00:58<00:28,  1.74it/s][A

 69%|██████▉   | 108/157 [00:59<00:27,  1.75it/s][A

 69%|██████▉   | 109/157 [00:59<00:27,  1.73it/s][A

 70%|███████   | 110/157 [01:00<00:27,  1.73it/s][A

 71%|███████   | 111/157 [01:00<00:26,  1.76it/s][A

 71%|███████▏  | 112/157 [01:01<00:25,  1.75it/s][A

 72%|███████▏  | 113/157 [01:02<00:25,  1.73it/s][A

 73%|███████▎  | 114/157 [01:02<00:24,  1.77it/s][A

 73%|███████▎  | 115/157 [01:03<00:23,  1.76it/s][A

 74%|███████▍  | 116/157 [01:03<00:23,  1.73it/s][A

 75%|███████▍  | 117/157 [01:04<00:22,  1.75it/s][A

 75%|███████▌  | 118/157 [01:04<00:21,  1.79it/s][A

 76%|███████▌  | 119/157 [01:05<00:21,  1.77it/s][A

 76%|███████▋  | 120/157 [01:06<00:20,  1.78it/s][A

 77%|███████▋  | 121/157 [01:06<00:19,  1.80it/s][A

 78%|███████▊  | 122/157 [01:07<00:19,  1.78it/s][A

 78%|███████▊  | 123/157 [01:07<00:19,  1.78it/s][A

 79%|███████▉  | 124/157 [01:08<00:18,  1.81it/s][A

 80%|███████▉  | 125/157 [01:08<00:17,  1.82it/s][A

 80%|████████  | 126/157 [01:09<00:17,  1.81it/s][A

 81%|████████  | 127/157 [01:09<00:16,  1.84it/s][A

 82%|████████▏ | 128/157 [01:10<00:16,  1.81it/s][A

 82%|████████▏ | 129/157 [01:11<00:15,  1.76it/s][A

 83%|████████▎ | 130/157 [01:11<00:15,  1.76it/s][A

 83%|████████▎ | 131/157 [01:12<00:14,  1.75it/s][A

 84%|████████▍ | 132/157 [01:12<00:14,  1.72it/s][A

 85%|████████▍ | 133/157 [01:13<00:14,  1.71it/s][A

 85%|████████▌ | 134/157 [01:13<00:13,  1.72it/s][A

 86%|████████▌ | 135/157 [01:14<00:12,  1.71it/s][A

 87%|████████▋ | 136/157 [01:15<00:12,  1.69it/s][A

 87%|████████▋ | 137/157 [01:15<00:11,  1.71it/s][A

 88%|████████▊ | 138/157 [01:16<00:11,  1.72it/s][A

 89%|████████▊ | 139/157 [01:16<00:10,  1.70it/s][A

 89%|████████▉ | 140/157 [01:17<00:10,  1.70it/s][A

 90%|████████▉ | 141/157 [01:18<00:09,  1.70it/s][A

 90%|█████████ | 142/157 [01:18<00:08,  1.70it/s][A

 91%|█████████ | 143/157 [01:19<00:08,  1.67it/s][A

 92%|█████████▏| 144/157 [01:19<00:07,  1.70it/s][A

 92%|█████████▏| 145/157 [01:20<00:07,  1.71it/s][A

 93%|█████████▎| 146/157 [01:21<00:06,  1.70it/s][A

 94%|█████████▎| 147/157 [01:21<00:05,  1.68it/s][A

 94%|█████████▍| 148/157 [01:22<00:05,  1.70it/s][A

 95%|█████████▍| 149/157 [01:22<00:04,  1.71it/s][A

 96%|█████████▌| 150/157 [01:23<00:04,  1.68it/s][A

 96%|█████████▌| 151/157 [01:23<00:03,  1.70it/s][A

 97%|█████████▋| 152/157 [01:24<00:02,  1.71it/s][A

 97%|█████████▋| 153/157 [01:25<00:02,  1.71it/s][A

 98%|█████████▊| 154/157 [01:25<00:01,  1.69it/s][A

 99%|█████████▊| 155/157 [01:26<00:01,  1.70it/s][A

 99%|█████████▉| 156/157 [01:26<00:00,  1.71it/s][A

100%|██████████| 157/157 [01:27<00:00,  1.91it/s][A
                                                      

                                                 
[A{'eval_loss': 7.160148620605469, 'eval_runtime': 87.8774, 'eval_samples_per_second': 56.897, 'eval_steps_per_second': 1.787, 'epoch': 0.0}

  0%|          | 100/60627 [04:13<27:19:42,  1.63s/it]

100%|██████████| 157/157 [01:27<00:00,  1.91it/s][A

                                                 [A
  0%|          | 101/60627 [04:27<530:00:00, 31.52s/it]
                                                       
{'loss': 7.1235, 'grad_norm': 1.3046875, 'learning_rate': 0.000599998991408633, 'epoch': 0.0}

  0%|          | 101/60627 [04:27<530:00:00, 31.52s/it]
  0%|          | 102/60627 [04:28<379:23:47, 22.57s/it]
                                                       
{'loss': 6.7754, 'grad_norm': 1.5234375, 'learning_rate': 0.0005999989506615656, 'epoch': 0.0}

  0%|          | 102/60627 [04:28<379:23:47, 22.57s/it]
  0%|          | 103/60627 [04:30<273:51:50, 16.29s/it]
                                                       
{'loss': 6.7668, 'grad_norm': 1.171875, 'learning_rate': 0.0005999989091076274, 'epoch': 0.0}

  0%|          | 103/60627 [04:30<273:51:50, 16.29s/it]
  0%|          | 104/60627 [04:32<200:06:39, 11.90s/it]
                                                       

  0%|          | 104/60627 [04:32<200:06:39, 11.90s/it]{'loss': 6.7838, 'grad_norm': 1.234375, 'learning_rate': 0.0005999988667468185, 'epoch': 0.0}

  0%|          | 105/60627 [04:33<148:25:25,  8.83s/it]
                                                       
{'loss': 6.5518, 'grad_norm': 1.5390625, 'learning_rate': 0.0005999988235791393, 'epoch': 0.0}

  0%|          | 105/60627 [04:33<148:25:25,  8.83s/it]
  0%|          | 106/60627 [04:35<112:16:40,  6.68s/it]{'loss': 6.8315, 'grad_norm': 1.265625, 'learning_rate': 0.0005999987796045896, 'epoch': 0.0}

                                                       

  0%|          | 106/60627 [04:35<112:16:40,  6.68s/it]
  0%|          | 107/60627 [04:37<87:03:09,  5.18s/it] 
                                                      
{'loss': 6.8722, 'grad_norm': 1.0546875, 'learning_rate': 0.0005999987348231696, 'epoch': 0.0}

  0%|          | 107/60627 [04:37<87:03:09,  5.18s/it]
  0%|          | 108/60627 [04:38<69:22:18,  4.13s/it]
                                                      
{'loss': 6.7955, 'grad_norm': 1.046875, 'learning_rate': 0.0005999986892348795, 'epoch': 0.0}

  0%|          | 108/60627 [04:38<69:22:18,  4.13s/it]
  0%|          | 109/60627 [04:40<56:53:12,  3.38s/it]
                                                      
{'loss': 6.5673, 'grad_norm': 1.3046875, 'learning_rate': 0.0005999986428397194, 'epoch': 0.0}

  0%|          | 109/60627 [04:40<56:53:12,  3.38s/it]
  0%|          | 110/60627 [04:42<48:09:00,  2.86s/it]
                                                      
{'loss': 6.7477, 'grad_norm': 1.0546875, 'learning_rate': 0.0005999985956376894, 'epoch': 0.0}

  0%|          | 110/60627 [04:42<48:09:00,  2.86s/it]
  0%|          | 111/60627 [04:43<42:03:35,  2.50s/it]
                                                      
{'loss': 6.7075, 'grad_norm': 1.078125, 'learning_rate': 0.0005999985476287896, 'epoch': 0.0}

  0%|          | 111/60627 [04:43<42:03:35,  2.50s/it]
  0%|          | 112/60627 [04:45<37:49:46,  2.25s/it]
                                                      
{'loss': 6.6391, 'grad_norm': 0.94921875, 'learning_rate': 0.0005999984988130202, 'epoch': 0.0}

  0%|          | 112/60627 [04:45<37:49:46,  2.25s/it]
  0%|          | 113/60627 [04:47<34:49:05,  2.07s/it]
                                                      
{'loss': 6.2817, 'grad_norm': 0.9765625, 'learning_rate': 0.0005999984491903813, 'epoch': 0.0}

  0%|          | 113/60627 [04:47<34:49:05,  2.07s/it]
  0%|          | 114/60627 [04:48<32:43:20,  1.95s/it]
                                                      
{'loss': 6.5299, 'grad_norm': 1.1015625, 'learning_rate': 0.000599998398760873, 'epoch': 0.0}

  0%|          | 114/60627 [04:48<32:43:20,  1.95s/it]
  0%|          | 115/60627 [04:50<31:12:52,  1.86s/it]
                                                      
{'loss': 6.405, 'grad_norm': 1.0625, 'learning_rate': 0.0005999983475244954, 'epoch': 0.0}

  0%|          | 115/60627 [04:50<31:12:52,  1.86s/it]
  0%|          | 116/60627 [04:52<30:14:49,  1.80s/it]
                                                      
{'loss': 6.5142, 'grad_norm': 1.109375, 'learning_rate': 0.0005999982954812488, 'epoch': 0.0}

  0%|          | 116/60627 [04:52<30:14:49,  1.80s/it]
  0%|          | 117/60627 [04:53<29:32:27,  1.76s/it]{'loss': 6.6078, 'grad_norm': 1.1328125, 'learning_rate': 0.0005999982426311332, 'epoch': 0.0}

                                                      

  0%|          | 117/60627 [04:53<29:32:27,  1.76s/it]
  0%|          | 118/60627 [04:55<29:01:01,  1.73s/it]
                                                      
{'loss': 6.7084, 'grad_norm': 0.93359375, 'learning_rate': 0.0005999981889741487, 'epoch': 0.0}

  0%|          | 118/60627 [04:55<29:01:01,  1.73s/it]
  0%|          | 119/60627 [04:57<28:43:50,  1.71s/it]
                                                      
{'loss': 6.8803, 'grad_norm': 1.0859375, 'learning_rate': 0.0005999981345102957, 'epoch': 0.0}

  0%|          | 119/60627 [04:57<28:43:50,  1.71s/it]
  0%|          | 120/60627 [04:58<28:32:22,  1.70s/it]
                                                      
{'loss': 6.7516, 'grad_norm': 0.98828125, 'learning_rate': 0.0005999980792395741, 'epoch': 0.0}

  0%|          | 120/60627 [04:58<28:32:22,  1.70s/it]
  0%|          | 121/60627 [05:00<28:16:16,  1.68s/it]
                                                      
{'loss': 6.4742, 'grad_norm': 1.2109375, 'learning_rate': 0.0005999980231619842, 'epoch': 0.0}

  0%|          | 121/60627 [05:00<28:16:16,  1.68s/it]
  0%|          | 122/60627 [05:02<28:15:05,  1.68s/it]
                                                      
{'loss': 6.5317, 'grad_norm': 1.0625, 'learning_rate': 0.0005999979662775259, 'epoch': 0.0}

  0%|          | 122/60627 [05:02<28:15:05,  1.68s/it]
  0%|          | 123/60627 [05:03<28:05:22,  1.67s/it]
                                                      
{'loss': 6.2361, 'grad_norm': 0.89453125, 'learning_rate': 0.0005999979085861996, 'epoch': 0.0}

  0%|          | 123/60627 [05:03<28:05:22,  1.67s/it]
  0%|          | 124/60627 [05:05<28:07:39,  1.67s/it]
                                                      
{'loss': 6.6553, 'grad_norm': 0.99609375, 'learning_rate': 0.0005999978500880054, 'epoch': 0.0}

  0%|          | 124/60627 [05:05<28:07:39,  1.67s/it]
  0%|          | 125/60627 [05:07<28:06:18,  1.67s/it]
                                                      
{'loss': 6.3191, 'grad_norm': 1.0859375, 'learning_rate': 0.0005999977907829434, 'epoch': 0.0}

  0%|          | 125/60627 [05:07<28:06:18,  1.67s/it]
  0%|          | 126/60627 [05:08<28:02:17,  1.67s/it]
                                                      
{'loss': 6.424, 'grad_norm': 0.9296875, 'learning_rate': 0.0005999977306710137, 'epoch': 0.0}

  0%|          | 126/60627 [05:08<28:02:17,  1.67s/it]
  0%|          | 127/60627 [05:10<27:59:06,  1.67s/it]{'loss': 6.4211, 'grad_norm': 1.0703125, 'learning_rate': 0.0005999976697522167, 'epoch': 0.0}

                                                      

  0%|          | 127/60627 [05:10<27:59:06,  1.67s/it]
  0%|          | 128/60627 [05:12<27:59:34,  1.67s/it]
                                                      
{'loss': 6.3246, 'grad_norm': 1.1015625, 'learning_rate': 0.0005999976080265524, 'epoch': 0.0}

  0%|          | 128/60627 [05:12<27:59:34,  1.67s/it]
  0%|          | 129/60627 [05:13<28:00:17,  1.67s/it]
                                                      
{'loss': 6.6007, 'grad_norm': 1.2109375, 'learning_rate': 0.0005999975454940211, 'epoch': 0.0}

  0%|          | 129/60627 [05:13<28:00:17,  1.67s/it]
  0%|          | 130/60627 [05:15<27:56:39,  1.66s/it]{'loss': 6.43, 'grad_norm': 1.1171875, 'learning_rate': 0.0005999974821546227, 'epoch': 0.0}

                                                      

  0%|          | 130/60627 [05:15<27:56:39,  1.66s/it]
  0%|          | 131/60627 [05:17<27:58:37,  1.66s/it]
                                                      
{'loss': 6.551, 'grad_norm': 1.078125, 'learning_rate': 0.0005999974180083575, 'epoch': 0.0}

  0%|          | 131/60627 [05:17<27:58:37,  1.66s/it]
  0%|          | 132/60627 [05:18<27:52:44,  1.66s/it]
                                                      
{'loss': 6.0069, 'grad_norm': 0.90625, 'learning_rate': 0.0005999973530552258, 'epoch': 0.0}

  0%|          | 132/60627 [05:18<27:52:44,  1.66s/it]
  0%|          | 133/60627 [05:20<27:57:04,  1.66s/it]
                                                      
{'loss': 6.1946, 'grad_norm': 1.015625, 'learning_rate': 0.0005999972872952277, 'epoch': 0.0}

  0%|          | 133/60627 [05:20<27:57:04,  1.66s/it]
  0%|          | 134/60627 [05:21<27:01:20,  1.61s/it]
                                                      
{'loss': 6.2124, 'grad_norm': 1.1015625, 'learning_rate': 0.0005999972207283632, 'epoch': 0.0}

  0%|          | 134/60627 [05:21<27:01:20,  1.61s/it]
  0%|          | 135/60627 [05:23<27:22:16,  1.63s/it]{'loss': 6.3246, 'grad_norm': 0.90234375, 'learning_rate': 0.0005999971533546327, 'epoch': 0.0}

                                                      

  0%|          | 135/60627 [05:23<27:22:16,  1.63s/it]
  0%|          | 136/60627 [05:25<27:27:25,  1.63s/it]
                                                      
{'loss': 6.5067, 'grad_norm': 1.0390625, 'learning_rate': 0.0005999970851740362, 'epoch': 0.0}

  0%|          | 136/60627 [05:25<27:27:25,  1.63s/it]
  0%|          | 137/60627 [05:26<27:29:34,  1.64s/it]{'loss': 6.1392, 'grad_norm': 0.8828125, 'learning_rate': 0.0005999970161865742, 'epoch': 0.0}

                                                      

  0%|          | 137/60627 [05:26<27:29:34,  1.64s/it]
  0%|          | 138/60627 [05:28<27:32:04,  1.64s/it]{'loss': 6.1145, 'grad_norm': 0.9140625, 'learning_rate': 0.0005999969463922466, 'epoch': 0.0}

                                                      

  0%|          | 138/60627 [05:28<27:32:04,  1.64s/it]
  0%|          | 139/60627 [05:30<27:41:01,  1.65s/it]
                                                      
{'loss': 6.0728, 'grad_norm': 0.98828125, 'learning_rate': 0.0005999968757910537, 'epoch': 0.0}

  0%|          | 139/60627 [05:30<27:41:01,  1.65s/it]
  0%|          | 140/60627 [05:31<27:40:28,  1.65s/it]
                                                      
{'loss': 6.3225, 'grad_norm': 1.046875, 'learning_rate': 0.0005999968043829956, 'epoch': 0.0}

  0%|          | 140/60627 [05:31<27:40:28,  1.65s/it]
  0%|          | 141/60627 [05:33<27:49:24,  1.66s/it]
                                                      
{'loss': 6.3251, 'grad_norm': 0.7890625, 'learning_rate': 0.0005999967321680726, 'epoch': 0.0}

  0%|          | 141/60627 [05:33<27:49:24,  1.66s/it]
  0%|          | 142/60627 [05:35<27:42:07,  1.65s/it]
                                                      
{'loss': 6.125, 'grad_norm': 1.0625, 'learning_rate': 0.0005999966591462849, 'epoch': 0.0}

  0%|          | 142/60627 [05:35<27:42:07,  1.65s/it]
  0%|          | 143/60627 [05:36<27:41:19,  1.65s/it]
                                                      
{'loss': 6.2653, 'grad_norm': 0.86328125, 'learning_rate': 0.0005999965853176325, 'epoch': 0.0}

  0%|          | 143/60627 [05:36<27:41:19,  1.65s/it]
  0%|          | 144/60627 [05:38<27:42:15,  1.65s/it]
                                                      
{'loss': 6.1203, 'grad_norm': 1.1796875, 'learning_rate': 0.0005999965106821158, 'epoch': 0.0}

  0%|          | 144/60627 [05:38<27:42:15,  1.65s/it]
  0%|          | 145/60627 [05:40<27:47:01,  1.65s/it]{'loss': 6.5193, 'grad_norm': 0.8125, 'learning_rate': 0.0005999964352397349, 'epoch': 0.0}

                                                      

  0%|          | 145/60627 [05:40<27:47:01,  1.65s/it]
  0%|          | 146/60627 [05:41<27:47:25,  1.65s/it]
                                                      
{'loss': 6.1597, 'grad_norm': 0.890625, 'learning_rate': 0.0005999963589904901, 'epoch': 0.0}

  0%|          | 146/60627 [05:41<27:47:25,  1.65s/it]
  0%|          | 147/60627 [05:43<27:42:02,  1.65s/it]
                                                      
{'loss': 6.0976, 'grad_norm': 0.90234375, 'learning_rate': 0.0005999962819343815, 'epoch': 0.0}

  0%|          | 147/60627 [05:43<27:42:02,  1.65s/it]
  0%|          | 148/60627 [05:45<27:40:33,  1.65s/it]{'loss': 5.8887, 'grad_norm': 0.83984375, 'learning_rate': 0.0005999962040714094, 'epoch': 0.0}

                                                      

  0%|          | 148/60627 [05:45<27:40:33,  1.65s/it]
  0%|          | 149/60627 [05:46<27:37:49,  1.64s/it]
                                                      
{'loss': 6.1861, 'grad_norm': 0.98828125, 'learning_rate': 0.000599996125401574, 'epoch': 0.0}

  0%|          | 149/60627 [05:46<27:37:49,  1.64s/it]
  0%|          | 150/60627 [05:48<27:48:45,  1.66s/it]
                                                      
{'loss': 6.206, 'grad_norm': 0.84765625, 'learning_rate': 0.0005999960459248753, 'epoch': 0.0}

  0%|          | 150/60627 [05:48<27:48:45,  1.66s/it]
  0%|          | 151/60627 [05:50<27:51:42,  1.66s/it]
                                                      
{'loss': 5.9717, 'grad_norm': 1.2109375, 'learning_rate': 0.0005999959656413138, 'epoch': 0.0}

  0%|          | 151/60627 [05:50<27:51:42,  1.66s/it]
  0%|          | 152/60627 [05:51<28:10:29,  1.68s/it]
                                                      
{'loss': 6.2351, 'grad_norm': 0.90625, 'learning_rate': 0.0005999958845508897, 'epoch': 0.0}

  0%|          | 152/60627 [05:51<28:10:29,  1.68s/it]
  0%|          | 153/60627 [05:53<28:07:09,  1.67s/it]
                                                      
{'loss': 6.1898, 'grad_norm': 0.87890625, 'learning_rate': 0.0005999958026536031, 'epoch': 0.0}

  0%|          | 153/60627 [05:53<28:07:09,  1.67s/it]
  0%|          | 154/60627 [05:55<27:59:16,  1.67s/it]
                                                      
{'loss': 6.017, 'grad_norm': 0.76171875, 'learning_rate': 0.0005999957199494541, 'epoch': 0.0}

  0%|          | 154/60627 [05:55<27:59:16,  1.67s/it]
  0%|          | 155/60627 [05:56<27:51:11,  1.66s/it]
                                                      
{'loss': 6.0893, 'grad_norm': 1.0078125, 'learning_rate': 0.0005999956364384432, 'epoch': 0.0}

  0%|          | 155/60627 [05:56<27:51:11,  1.66s/it]
  0%|          | 156/60627 [05:58<27:40:54,  1.65s/it]
                                                      
{'loss': 6.1991, 'grad_norm': 0.95703125, 'learning_rate': 0.0005999955521205704, 'epoch': 0.0}

  0%|          | 156/60627 [05:58<27:40:54,  1.65s/it]
  0%|          | 157/60627 [05:59<27:40:36,  1.65s/it]
                                                      
{'loss': 5.9776, 'grad_norm': 0.98828125, 'learning_rate': 0.0005999954669958361, 'epoch': 0.0}

  0%|          | 157/60627 [06:00<27:40:36,  1.65s/it]
  0%|          | 158/60627 [06:01<27:49:15,  1.66s/it]
                                                      
{'loss': 6.1427, 'grad_norm': 0.78515625, 'learning_rate': 0.0005999953810642404, 'epoch': 0.0}

  0%|          | 158/60627 [06:01<27:49:15,  1.66s/it]
  0%|          | 159/60627 [06:03<27:45:16,  1.65s/it]
                                                      
{'loss': 5.96, 'grad_norm': 1.1328125, 'learning_rate': 0.0005999952943257836, 'epoch': 0.0}

  0%|          | 159/60627 [06:03<27:45:16,  1.65s/it]
  0%|          | 160/60627 [06:04<27:39:11,  1.65s/it]
                                                      
{'loss': 6.0141, 'grad_norm': 0.8359375, 'learning_rate': 0.0005999952067804658, 'epoch': 0.0}

  0%|          | 160/60627 [06:04<27:39:11,  1.65s/it]
  0%|          | 161/60627 [06:06<27:34:15,  1.64s/it]
                                                      
{'loss': 5.9873, 'grad_norm': 1.109375, 'learning_rate': 0.0005999951184282874, 'epoch': 0.0}

  0%|          | 161/60627 [06:06<27:34:15,  1.64s/it]
  0%|          | 162/60627 [06:08<27:51:09,  1.66s/it]
                                                      

  0%|          | 162/60627 [06:08<27:51:09,  1.66s/it]{'loss': 5.9067, 'grad_norm': 0.890625, 'learning_rate': 0.0005999950292692487, 'epoch': 0.0}

  0%|          | 163/60627 [06:09<28:04:32,  1.67s/it]
                                                      
{'loss': 6.2805, 'grad_norm': 0.8359375, 'learning_rate': 0.0005999949393033497, 'epoch': 0.0}

  0%|          | 163/60627 [06:10<28:04:32,  1.67s/it]
  0%|          | 164/60627 [06:11<28:03:22,  1.67s/it]
                                                      
{'loss': 5.8347, 'grad_norm': 0.74609375, 'learning_rate': 0.0005999948485305908, 'epoch': 0.0}

  0%|          | 164/60627 [06:11<28:03:22,  1.67s/it]
  0%|          | 165/60627 [06:13<27:55:57,  1.66s/it]
                                                      
{'loss': 6.2244, 'grad_norm': 0.734375, 'learning_rate': 0.0005999947569509722, 'epoch': 0.0}

  0%|          | 165/60627 [06:13<27:55:57,  1.66s/it]
  0%|          | 166/60627 [06:14<27:50:53,  1.66s/it]
                                                      
{'loss': 6.2224, 'grad_norm': 0.83203125, 'learning_rate': 0.0005999946645644941, 'epoch': 0.0}

  0%|          | 166/60627 [06:14<27:50:53,  1.66s/it]
  0%|          | 167/60627 [06:16<27:46:35,  1.65s/it]
                                                      
{'loss': 6.2394, 'grad_norm': 0.80859375, 'learning_rate': 0.000599994571371157, 'epoch': 0.0}

  0%|          | 167/60627 [06:16<27:46:35,  1.65s/it]
  0%|          | 168/60627 [06:18<27:38:09,  1.65s/it]{'loss': 6.0966, 'grad_norm': 0.93359375, 'learning_rate': 0.0005999944773709608, 'epoch': 0.0}

                                                      

  0%|          | 168/60627 [06:18<27:38:09,  1.65s/it]
  0%|          | 169/60627 [06:19<27:30:16,  1.64s/it]
                                                      
{'loss': 6.1025, 'grad_norm': 0.71484375, 'learning_rate': 0.000599994382563906, 'epoch': 0.0}

  0%|          | 169/60627 [06:19<27:30:16,  1.64s/it]
  0%|          | 170/60627 [06:21<27:29:41,  1.64s/it]
                                                      
{'loss': 5.6618, 'grad_norm': 0.6796875, 'learning_rate': 0.0005999942869499926, 'epoch': 0.0}

  0%|          | 170/60627 [06:21<27:29:41,  1.64s/it]
  0%|          | 171/60627 [06:23<27:28:49,  1.64s/it]
                                                      
{'loss': 6.2388, 'grad_norm': 0.765625, 'learning_rate': 0.0005999941905292212, 'epoch': 0.0}

  0%|          | 171/60627 [06:23<27:28:49,  1.64s/it]
  0%|          | 172/60627 [06:24<27:32:31,  1.64s/it]
                                                      
{'loss': 6.1988, 'grad_norm': 0.8515625, 'learning_rate': 0.0005999940933015918, 'epoch': 0.0}

  0%|          | 172/60627 [06:24<27:32:31,  1.64s/it]
  0%|          | 173/60627 [06:26<27:32:40,  1.64s/it]
                                                      
{'loss': 5.9285, 'grad_norm': 0.7578125, 'learning_rate': 0.0005999939952671048, 'epoch': 0.0}

  0%|          | 173/60627 [06:26<27:32:40,  1.64s/it]
  0%|          | 174/60627 [06:28<27:29:50,  1.64s/it]{'loss': 6.1659, 'grad_norm': 0.83984375, 'learning_rate': 0.0005999938964257603, 'epoch': 0.0}

                                                      

  0%|          | 174/60627 [06:28<27:29:50,  1.64s/it]
  0%|          | 175/60627 [06:29<27:24:37,  1.63s/it]
                                                      
{'loss': 6.0047, 'grad_norm': 0.921875, 'learning_rate': 0.0005999937967775587, 'epoch': 0.0}

  0%|          | 175/60627 [06:29<27:24:37,  1.63s/it]
  0%|          | 176/60627 [06:31<27:23:51,  1.63s/it]{'loss': 5.9307, 'grad_norm': 0.99609375, 'learning_rate': 0.0005999936963225003, 'epoch': 0.0}

                                                      

  0%|          | 176/60627 [06:31<27:23:51,  1.63s/it]
  0%|          | 177/60627 [06:32<27:23:47,  1.63s/it]
                                                      
{'loss': 6.4344, 'grad_norm': 0.7421875, 'learning_rate': 0.0005999935950605853, 'epoch': 0.0}

  0%|          | 177/60627 [06:32<27:23:47,  1.63s/it]
  0%|          | 178/60627 [06:34<27:25:50,  1.63s/it]
                                                      
{'loss': 5.4543, 'grad_norm': 0.97265625, 'learning_rate': 0.0005999934929918139, 'epoch': 0.0}

  0%|          | 178/60627 [06:34<27:25:50,  1.63s/it]
  0%|          | 179/60627 [06:36<27:23:17,  1.63s/it]
                                                      
{'loss': 5.8026, 'grad_norm': 0.7265625, 'learning_rate': 0.0005999933901161865, 'epoch': 0.0}

  0%|          | 179/60627 [06:36<27:23:17,  1.63s/it]
  0%|          | 180/60627 [06:37<27:31:39,  1.64s/it]
                                                      
{'loss': 6.0201, 'grad_norm': 1.0, 'learning_rate': 0.0005999932864337033, 'epoch': 0.0}

  0%|          | 180/60627 [06:37<27:31:39,  1.64s/it]
  0%|          | 181/60627 [06:39<27:32:02,  1.64s/it]{'loss': 5.7644, 'grad_norm': 0.97265625, 'learning_rate': 0.0005999931819443647, 'epoch': 0.0}

                                                      

  0%|          | 181/60627 [06:39<27:32:02,  1.64s/it]
  0%|          | 182/60627 [06:41<27:32:31,  1.64s/it]
                                                      
{'loss': 6.3728, 'grad_norm': 0.8984375, 'learning_rate': 0.0005999930766481708, 'epoch': 0.0}

  0%|          | 182/60627 [06:41<27:32:31,  1.64s/it]
  0%|          | 183/60627 [06:42<27:33:13,  1.64s/it]
                                                      
{'loss': 5.8982, 'grad_norm': 0.7578125, 'learning_rate': 0.0005999929705451221, 'epoch': 0.0}

  0%|          | 183/60627 [06:42<27:33:13,  1.64s/it]
  0%|          | 184/60627 [06:44<27:34:32,  1.64s/it]
                                                      
{'loss': 5.8916, 'grad_norm': 0.99609375, 'learning_rate': 0.0005999928636352186, 'epoch': 0.0}

  0%|          | 184/60627 [06:44<27:34:32,  1.64s/it]
  0%|          | 185/60627 [06:46<27:33:08,  1.64s/it]
                                                      
{'loss': 5.784, 'grad_norm': 0.8203125, 'learning_rate': 0.0005999927559184608, 'epoch': 0.0}

  0%|          | 185/60627 [06:46<27:33:08,  1.64s/it]
  0%|          | 186/60627 [06:47<27:35:24,  1.64s/it]
                                                      
{'loss': 5.8252, 'grad_norm': 0.99609375, 'learning_rate': 0.0005999926473948489, 'epoch': 0.0}

  0%|          | 186/60627 [06:47<27:35:24,  1.64s/it]
  0%|          | 187/60627 [06:49<27:32:49,  1.64s/it]
                                                      
{'loss': 5.824, 'grad_norm': 0.90234375, 'learning_rate': 0.0005999925380643833, 'epoch': 0.0}

  0%|          | 187/60627 [06:49<27:32:49,  1.64s/it]
  0%|          | 188/60627 [06:50<27:37:33,  1.65s/it]
                                                      
{'loss': 6.1069, 'grad_norm': 1.046875, 'learning_rate': 0.0005999924279270643, 'epoch': 0.0}

  0%|          | 188/60627 [06:51<27:37:33,  1.65s/it]
  0%|          | 189/60627 [06:52<27:16:39,  1.62s/it]
                                                      
{'loss': 5.8431, 'grad_norm': 0.875, 'learning_rate': 0.000599992316982892, 'epoch': 0.0}

  0%|          | 189/60627 [06:52<27:16:39,  1.62s/it]
  0%|          | 190/60627 [06:53<23:15:30,  1.39s/it]
                                                      
{'loss': 6.0144, 'grad_norm': 1.140625, 'learning_rate': 0.0005999922052318669, 'epoch': 0.0}

  0%|          | 190/60627 [06:53<23:15:30,  1.39s/it]
  0%|          | 191/60627 [06:54<20:08:01,  1.20s/it]
                                                      
{'loss': 5.8443, 'grad_norm': 1.0390625, 'learning_rate': 0.0005999920926739892, 'epoch': 0.0}

  0%|          | 191/60627 [06:54<20:08:01,  1.20s/it]
  0%|          | 192/60627 [06:54<17:52:40,  1.06s/it]
                                                      

  0%|          | 192/60627 [06:54<17:52:40,  1.06s/it]{'loss': 5.8111, 'grad_norm': 0.89453125, 'learning_rate': 0.0005999919793092591, 'epoch': 0.0}

  0%|          | 193/60627 [06:56<20:46:42,  1.24s/it]
                                                      
{'loss': 5.5376, 'grad_norm': 1.0, 'learning_rate': 0.0005999918651376772, 'epoch': 0.0}

  0%|          | 193/60627 [06:56<20:46:42,  1.24s/it]
  0%|          | 194/60627 [06:58<22:56:29,  1.37s/it]
                                                      
{'loss': 5.1902, 'grad_norm': 0.8359375, 'learning_rate': 0.0005999917501592436, 'epoch': 0.0}

  0%|          | 194/60627 [06:58<22:56:29,  1.37s/it]
  0%|          | 195/60627 [06:59<24:34:03,  1.46s/it]
                                                      
{'loss': 5.5402, 'grad_norm': 0.8984375, 'learning_rate': 0.0005999916343739586, 'epoch': 0.0}

  0%|          | 195/60627 [06:59<24:34:03,  1.46s/it]
  0%|          | 196/60627 [07:01<25:36:58,  1.53s/it]
                                                      
{'loss': 5.906, 'grad_norm': 0.8828125, 'learning_rate': 0.0005999915177818225, 'epoch': 0.0}

  0%|          | 196/60627 [07:01<25:36:58,  1.53s/it]
  0%|          | 197/60627 [07:03<26:23:17,  1.57s/it]
                                                      
{'loss': 6.0282, 'grad_norm': 0.7265625, 'learning_rate': 0.0005999914003828357, 'epoch': 0.0}

  0%|          | 197/60627 [07:03<26:23:17,  1.57s/it]
  0%|          | 198/60627 [07:04<26:48:31,  1.60s/it]
                                                      
{'loss': 5.7093, 'grad_norm': 1.03125, 'learning_rate': 0.0005999912821769985, 'epoch': 0.0}

  0%|          | 198/60627 [07:04<26:48:31,  1.60s/it]
  0%|          | 199/60627 [07:06<27:09:24,  1.62s/it]
                                                      
{'loss': 5.7945, 'grad_norm': 0.828125, 'learning_rate': 0.0005999911631643112, 'epoch': 0.0}

  0%|          | 199/60627 [07:06<27:09:24,  1.62s/it]
  0%|          | 200/60627 [07:08<27:24:37,  1.63s/it]
                                                      
{'loss': 5.7448, 'grad_norm': 0.8515625, 'learning_rate': 0.0005999910433447742, 'epoch': 0.0}

  0%|          | 200/60627 [07:08<27:24:37,  1.63s/it]

  0%|          | 0/157 [00:00<?, ?it/s][A

  1%|▏         | 2/157 [00:00<00:46,  3.33it/s][A

  2%|▏         | 3/157 [00:01<01:03,  2.42it/s][A

  3%|▎         | 4/157 [00:01<01:13,  2.09it/s][A

  3%|▎         | 5/157 [00:02<01:20,  1.90it/s][A

  4%|▍         | 6/157 [00:02<01:21,  1.84it/s][A

  4%|▍         | 7/157 [00:03<01:23,  1.80it/s][A

  5%|▌         | 8/157 [00:04<01:24,  1.76it/s][A

  6%|▌         | 9/157 [00:04<01:25,  1.73it/s][A

  6%|▋         | 10/157 [00:05<01:24,  1.73it/s][A

  7%|▋         | 11/157 [00:05<01:24,  1.73it/s][A

  8%|▊         | 12/157 [00:06<01:25,  1.70it/s][A

  8%|▊         | 13/157 [00:07<01:24,  1.70it/s][A

  9%|▉         | 14/157 [00:07<01:21,  1.75it/s][A

 10%|▉         | 15/157 [00:08<01:22,  1.72it/s][A

 10%|█         | 16/157 [00:08<01:22,  1.70it/s][A

 11%|█         | 17/157 [00:09<01:21,  1.71it/s][A

 11%|█▏        | 18/157 [00:09<01:21,  1.71it/s][A

 12%|█▏        | 19/157 [00:10<01:22,  1.68it/s][A

 13%|█▎        | 20/157 [00:11<01:18,  1.74it/s][A

 13%|█▎        | 21/157 [00:11<01:18,  1.73it/s][A

 14%|█▍        | 22/157 [00:12<01:19,  1.71it/s][A

 15%|█▍        | 23/157 [00:12<01:18,  1.70it/s][A

 15%|█▌        | 24/157 [00:13<01:17,  1.71it/s][A

 16%|█▌        | 25/157 [00:14<01:17,  1.70it/s][A

 17%|█▋        | 26/157 [00:14<01:17,  1.68it/s][A

 17%|█▋        | 27/157 [00:15<01:16,  1.69it/s][A

 18%|█▊        | 28/157 [00:15<01:15,  1.71it/s][A

 18%|█▊        | 29/157 [00:16<01:15,  1.69it/s][A

 19%|█▉        | 30/157 [00:17<01:15,  1.69it/s][A

 20%|█▉        | 31/157 [00:17<01:14,  1.70it/s][A

 20%|██        | 32/157 [00:18<01:13,  1.71it/s][A

 21%|██        | 33/157 [00:18<01:14,  1.67it/s][A

 22%|██▏       | 34/157 [00:19<01:12,  1.69it/s][A

 22%|██▏       | 35/157 [00:20<01:11,  1.70it/s][A

 23%|██▎       | 36/157 [00:20<01:11,  1.69it/s][A

 24%|██▎       | 37/157 [00:21<01:11,  1.68it/s][A

 24%|██▍       | 38/157 [00:21<01:10,  1.70it/s][A

 25%|██▍       | 39/157 [00:22<01:09,  1.70it/s][A

 25%|██▌       | 40/157 [00:22<01:09,  1.68it/s][A

 26%|██▌       | 41/157 [00:23<01:08,  1.69it/s][A

 27%|██▋       | 42/157 [00:24<01:07,  1.70it/s][A

 27%|██▋       | 43/157 [00:24<01:07,  1.70it/s][A

 28%|██▊       | 44/157 [00:25<01:07,  1.67it/s][A

 29%|██▊       | 45/157 [00:25<01:04,  1.74it/s][A

 29%|██▉       | 46/157 [00:26<01:04,  1.73it/s][A

 30%|██▉       | 47/157 [00:27<01:05,  1.69it/s][A

 31%|███       | 48/157 [00:27<01:01,  1.76it/s][A

 31%|███       | 49/157 [00:28<01:00,  1.78it/s][A

 32%|███▏      | 50/157 [00:28<01:00,  1.76it/s][A

 32%|███▏      | 51/157 [00:29<00:58,  1.80it/s][A

 33%|███▎      | 52/157 [00:29<00:59,  1.77it/s][A

 34%|███▍      | 53/157 [00:30<01:00,  1.72it/s][A

 34%|███▍      | 54/157 [00:31<00:59,  1.72it/s][A

 35%|███▌      | 55/157 [00:31<00:59,  1.72it/s][A

 36%|███▌      | 56/157 [00:32<00:59,  1.71it/s][A

 36%|███▋      | 57/157 [00:32<00:58,  1.70it/s][A

 37%|███▋      | 58/157 [00:33<00:58,  1.71it/s][A

 38%|███▊      | 59/157 [00:33<00:57,  1.71it/s][A

 38%|███▊      | 60/157 [00:34<00:57,  1.69it/s][A

 39%|███▉      | 61/157 [00:35<00:56,  1.70it/s][A

 39%|███▉      | 62/157 [00:35<00:55,  1.70it/s][A

 40%|████      | 63/157 [00:36<00:55,  1.70it/s][A

 41%|████      | 64/157 [00:36<00:55,  1.68it/s][A

 41%|████▏     | 65/157 [00:37<00:54,  1.70it/s][A

 42%|████▏     | 66/157 [00:38<00:53,  1.71it/s][A

 43%|████▎     | 67/157 [00:38<00:53,  1.69it/s][A

 43%|████▎     | 68/157 [00:39<00:51,  1.73it/s][A

 44%|████▍     | 69/157 [00:39<00:50,  1.73it/s][A

 45%|████▍     | 70/157 [00:40<00:50,  1.71it/s][A

 45%|████▌     | 71/157 [00:41<00:50,  1.69it/s][A

 46%|████▌     | 72/157 [00:41<00:50,  1.70it/s][A

 46%|████▋     | 73/157 [00:42<00:49,  1.71it/s][A

 47%|████▋     | 74/157 [00:42<00:49,  1.68it/s][A

 48%|████▊     | 75/157 [00:43<00:47,  1.71it/s][A

 48%|████▊     | 76/157 [00:43<00:47,  1.72it/s][A

 49%|████▉     | 77/157 [00:44<00:46,  1.73it/s][A

 50%|████▉     | 78/157 [00:45<00:44,  1.76it/s][A

 50%|█████     | 79/157 [00:45<00:43,  1.78it/s][A

 51%|█████     | 80/157 [00:46<00:43,  1.76it/s][A

 52%|█████▏    | 81/157 [00:46<00:42,  1.80it/s][A

 52%|█████▏    | 82/157 [00:47<00:41,  1.81it/s][A

 53%|█████▎    | 83/157 [00:47<00:41,  1.79it/s][A

 54%|█████▎    | 84/157 [00:48<00:40,  1.82it/s][A

 54%|█████▍    | 85/157 [00:48<00:40,  1.78it/s][A

 55%|█████▍    | 86/157 [00:49<00:40,  1.74it/s][A

 55%|█████▌    | 87/157 [00:50<00:40,  1.75it/s][A

 56%|█████▌    | 88/157 [00:50<00:39,  1.75it/s][A

 57%|█████▋    | 89/157 [00:51<00:39,  1.72it/s][A

 57%|█████▋    | 90/157 [00:51<00:39,  1.70it/s][A

 58%|█████▊    | 91/157 [00:52<00:38,  1.71it/s][A

 59%|█████▊    | 92/157 [00:53<00:37,  1.71it/s][A

 59%|█████▉    | 93/157 [00:53<00:38,  1.68it/s][A

 60%|█████▉    | 94/157 [00:54<00:37,  1.69it/s][A

 61%|██████    | 95/157 [00:54<00:36,  1.72it/s][A

 61%|██████    | 96/157 [00:55<00:35,  1.71it/s][A

 62%|██████▏   | 97/157 [00:56<00:35,  1.70it/s][A

 62%|██████▏   | 98/157 [00:56<00:34,  1.73it/s][A

 63%|██████▎   | 99/157 [00:57<00:33,  1.74it/s][A

 64%|██████▎   | 100/157 [00:57<00:33,  1.71it/s][A

 64%|██████▍   | 101/157 [00:58<00:32,  1.73it/s][A

 65%|██████▍   | 102/157 [00:58<00:31,  1.75it/s][A

 66%|██████▌   | 103/157 [00:59<00:31,  1.74it/s][A

 66%|██████▌   | 104/157 [01:00<00:30,  1.74it/s][A

 67%|██████▋   | 105/157 [01:00<00:29,  1.76it/s][A

 68%|██████▊   | 106/157 [01:01<00:29,  1.75it/s][A

 68%|██████▊   | 107/157 [01:01<00:29,  1.72it/s][A

 69%|██████▉   | 108/157 [01:02<00:28,  1.74it/s][A

 69%|██████▉   | 109/157 [01:02<00:27,  1.74it/s][A

 70%|███████   | 110/157 [01:03<00:27,  1.73it/s][A

 71%|███████   | 111/157 [01:04<00:26,  1.74it/s][A

 71%|███████▏  | 112/157 [01:04<00:25,  1.76it/s][A

 72%|███████▏  | 113/157 [01:05<00:25,  1.75it/s][A

 73%|███████▎  | 114/157 [01:05<00:24,  1.74it/s][A

 73%|███████▎  | 115/157 [01:06<00:23,  1.76it/s][A

 74%|███████▍  | 116/157 [01:06<00:23,  1.76it/s][A

 75%|███████▍  | 117/157 [01:07<00:23,  1.73it/s][A

 75%|███████▌  | 118/157 [01:08<00:22,  1.76it/s][A

 76%|███████▌  | 119/157 [01:08<00:21,  1.78it/s][A

 76%|███████▋  | 120/157 [01:09<00:20,  1.77it/s][A

 77%|███████▋  | 121/157 [01:09<00:20,  1.78it/s][A

 78%|███████▊  | 122/157 [01:10<00:19,  1.79it/s][A

 78%|███████▊  | 123/157 [01:10<00:18,  1.79it/s][A

 79%|███████▉  | 124/157 [01:11<00:18,  1.79it/s][A

 80%|███████▉  | 125/157 [01:11<00:17,  1.81it/s][A

 80%|████████  | 126/157 [01:12<00:17,  1.80it/s][A

 81%|████████  | 127/157 [01:13<00:16,  1.79it/s][A

 82%|████████▏ | 128/157 [01:13<00:16,  1.79it/s][A

 82%|████████▏ | 129/157 [01:14<00:15,  1.77it/s][A

 83%|████████▎ | 130/157 [01:14<00:15,  1.72it/s][A

 83%|████████▎ | 131/157 [01:15<00:15,  1.73it/s][A

 84%|████████▍ | 132/157 [01:15<00:14,  1.73it/s][A

 85%|████████▍ | 133/157 [01:16<00:14,  1.71it/s][A

 85%|████████▌ | 134/157 [01:17<00:13,  1.70it/s][A

 86%|████████▌ | 135/157 [01:17<00:12,  1.70it/s][A

 87%|████████▋ | 136/157 [01:18<00:12,  1.71it/s][A

 87%|████████▋ | 137/157 [01:18<00:11,  1.68it/s][A

 88%|████████▊ | 138/157 [01:19<00:11,  1.70it/s][A

 89%|████████▊ | 139/157 [01:20<00:10,  1.71it/s][A

 89%|████████▉ | 140/157 [01:20<00:09,  1.70it/s][A

 90%|████████▉ | 141/157 [01:21<00:09,  1.68it/s][A

 90%|█████████ | 142/157 [01:21<00:08,  1.70it/s][A

 91%|█████████ | 143/157 [01:22<00:08,  1.71it/s][A

 92%|█████████▏| 144/157 [01:23<00:07,  1.69it/s][A

 92%|█████████▏| 145/157 [01:23<00:07,  1.70it/s][A

 93%|█████████▎| 146/157 [01:24<00:06,  1.71it/s][A

 94%|█████████▎| 147/157 [01:24<00:05,  1.71it/s][A

 94%|█████████▍| 148/157 [01:25<00:05,  1.68it/s][A

 95%|█████████▍| 149/157 [01:25<00:04,  1.70it/s][A

 96%|█████████▌| 150/157 [01:26<00:04,  1.71it/s][A

 96%|█████████▌| 151/157 [01:27<00:03,  1.69it/s][A

 97%|█████████▋| 152/157 [01:27<00:02,  1.69it/s][A

 97%|█████████▋| 153/157 [01:28<00:02,  1.70it/s][A

 98%|█████████▊| 154/157 [01:28<00:01,  1.70it/s][A

 99%|█████████▊| 155/157 [01:29<00:01,  1.67it/s][A

 99%|█████████▉| 156/157 [01:30<00:00,  1.69it/s][A

100%|██████████| 157/157 [01:30<00:00,  1.90it/s][A
                                                      

                                                 
[A{'eval_loss': 6.278515815734863, 'eval_runtime': 91.0887, 'eval_samples_per_second': 54.892, 'eval_steps_per_second': 1.724, 'epoch': 0.0}

  0%|          | 200/60627 [08:39<27:24:37,  1.63s/it]

100%|██████████| 157/157 [01:30<00:00,  1.90it/s][A

                                                 [A
  0%|          | 201/60627 [08:53<548:34:03, 32.68s/it]
                                                       
{'loss': 5.6285, 'grad_norm': 1.0703125, 'learning_rate': 0.0005999909227183876, 'epoch': 0.0}

  0%|          | 201/60627 [08:53<548:34:03, 32.68s/it]
  0%|          | 202/60627 [08:55<392:20:27, 23.37s/it]
                                                       
{'loss': 5.7308, 'grad_norm': 0.90234375, 'learning_rate': 0.000599990801285152, 'epoch': 0.0}

  0%|          | 202/60627 [08:55<392:20:27, 23.37s/it]
  0%|          | 203/60627 [08:56<283:01:26, 16.86s/it]
                                                       
{'loss': 5.507, 'grad_norm': 0.98046875, 'learning_rate': 0.0005999906790450676, 'epoch': 0.0}

  0%|          | 203/60627 [08:56<283:01:26, 16.86s/it]
  0%|          | 204/60627 [08:58<206:27:58, 12.30s/it]{'loss': 5.753, 'grad_norm': 0.734375, 'learning_rate': 0.0005999905559981346, 'epoch': 0.0}

                                                       

  0%|          | 204/60627 [08:58<206:27:58, 12.30s/it]
  0%|          | 205/60627 [09:00<152:55:37,  9.11s/it]
                                                       
{'loss': 5.6129, 'grad_norm': 0.796875, 'learning_rate': 0.0005999904321443535, 'epoch': 0.0}

  0%|          | 205/60627 [09:00<152:55:37,  9.11s/it]
  0%|          | 206/60627 [09:01<115:21:53,  6.87s/it]
                                                       
{'loss': 5.4953, 'grad_norm': 0.6640625, 'learning_rate': 0.0005999903074837246, 'epoch': 0.0}

  0%|          | 206/60627 [09:01<115:21:53,  6.87s/it]
  0%|          | 207/60627 [09:03<89:11:11,  5.31s/it] 
                                                      
{'loss': 5.3502, 'grad_norm': 0.71484375, 'learning_rate': 0.0005999901820162482, 'epoch': 0.0}

  0%|          | 207/60627 [09:03<89:11:11,  5.31s/it]
  0%|          | 208/60627 [09:04<70:46:25,  4.22s/it]
                                                      
{'loss': 5.449, 'grad_norm': 0.85546875, 'learning_rate': 0.0005999900557419246, 'epoch': 0.0}

  0%|          | 208/60627 [09:05<70:46:25,  4.22s/it]
  0%|          | 209/60627 [09:06<57:54:06,  3.45s/it]{'loss': 5.6862, 'grad_norm': 0.8359375, 'learning_rate': 0.0005999899286607544, 'epoch': 0.0}

                                                      

  0%|          | 209/60627 [09:06<57:54:06,  3.45s/it]
  0%|          | 210/60627 [09:08<48:49:43,  2.91s/it]
                                                      
{'loss': 5.5001, 'grad_norm': 0.85546875, 'learning_rate': 0.0005999898007727376, 'epoch': 0.0}

  0%|          | 210/60627 [09:08<48:49:43,  2.91s/it]
  0%|          | 211/60627 [09:09<42:30:01,  2.53s/it]
                                                      
{'loss': 5.7841, 'grad_norm': 0.75, 'learning_rate': 0.0005999896720778748, 'epoch': 0.0}

  0%|          | 211/60627 [09:09<42:30:01,  2.53s/it]
  0%|          | 212/60627 [09:11<38:04:57,  2.27s/it]
                                                      
{'loss': 5.5196, 'grad_norm': 0.91796875, 'learning_rate': 0.0005999895425761662, 'epoch': 0.0}

  0%|          | 212/60627 [09:11<38:04:57,  2.27s/it]
  0%|          | 213/60627 [09:13<35:00:27,  2.09s/it]
                                                      
{'loss': 5.6234, 'grad_norm': 0.78515625, 'learning_rate': 0.0005999894122676121, 'epoch': 0.0}

  0%|          | 213/60627 [09:13<35:00:27,  2.09s/it]
  0%|          | 214/60627 [09:14<32:50:40,  1.96s/it]
                                                      
{'loss': 5.3517, 'grad_norm': 0.83203125, 'learning_rate': 0.0005999892811522128, 'epoch': 0.0}

  0%|          | 214/60627 [09:14<32:50:40,  1.96s/it]
  0%|          | 215/60627 [09:16<31:21:01,  1.87s/it]
                                                      
{'loss': 5.627, 'grad_norm': 0.71484375, 'learning_rate': 0.0005999891492299691, 'epoch': 0.0}

  0%|          | 215/60627 [09:16<31:21:01,  1.87s/it]
  0%|          | 216/60627 [09:18<30:22:58,  1.81s/it]
                                                      
{'loss': 5.8194, 'grad_norm': 0.71484375, 'learning_rate': 0.0005999890165008808, 'epoch': 0.0}

  0%|          | 216/60627 [09:18<30:22:58,  1.81s/it]
  0%|          | 217/60627 [09:19<29:40:33,  1.77s/it]
                                                      
{'loss': 5.7885, 'grad_norm': 0.71875, 'learning_rate': 0.0005999888829649486, 'epoch': 0.0}

  0%|          | 217/60627 [09:19<29:40:33,  1.77s/it]
  0%|          | 218/60627 [09:21<29:07:15,  1.74s/it]{'loss': 5.6077, 'grad_norm': 0.70703125, 'learning_rate': 0.0005999887486221728, 'epoch': 0.0}

                                                      

  0%|          | 218/60627 [09:21<29:07:15,  1.74s/it]
  0%|          | 219/60627 [09:23<28:45:27,  1.71s/it]
                                                      
{'loss': 5.7473, 'grad_norm': 0.85546875, 'learning_rate': 0.0005999886134725535, 'epoch': 0.0}

  0%|          | 219/60627 [09:23<28:45:27,  1.71s/it]
  0%|          | 220/60627 [09:24<27:40:44,  1.65s/it]
                                                      
{'loss': 5.5778, 'grad_norm': 0.8359375, 'learning_rate': 0.0005999884775160915, 'epoch': 0.0}

  0%|          | 220/60627 [09:24<27:40:44,  1.65s/it]
  0%|          | 221/60627 [09:26<27:46:37,  1.66s/it]
                                                      
{'loss': 5.5702, 'grad_norm': 0.703125, 'learning_rate': 0.000599988340752787, 'epoch': 0.0}

  0%|          | 221/60627 [09:26<27:46:37,  1.66s/it]
  0%|          | 222/60627 [09:28<27:38:20,  1.65s/it]
                                                      

  0%|          | 222/60627 [09:28<27:38:20,  1.65s/it]{'loss': 5.0841, 'grad_norm': 0.8984375, 'learning_rate': 0.0005999882031826401, 'epoch': 0.0}

  0%|          | 223/60627 [09:29<27:38:25,  1.65s/it]
                                                      
{'loss': 5.7368, 'grad_norm': 0.85546875, 'learning_rate': 0.0005999880648056515, 'epoch': 0.0}

  0%|          | 223/60627 [09:29<27:38:25,  1.65s/it]
  0%|          | 224/60627 [09:31<27:37:21,  1.65s/it]
                                                      
{'loss': 5.4205, 'grad_norm': 0.74609375, 'learning_rate': 0.0005999879256218213, 'epoch': 0.0}

  0%|          | 224/60627 [09:31<27:37:21,  1.65s/it]
  0%|          | 225/60627 [09:33<27:45:31,  1.65s/it]{'loss': 5.7166, 'grad_norm': 0.734375, 'learning_rate': 0.0005999877856311503, 'epoch': 0.0}

                                                      

  0%|          | 225/60627 [09:33<27:45:31,  1.65s/it]
  0%|          | 226/60627 [09:34<27:43:42,  1.65s/it]
                                                      
{'loss': 5.5165, 'grad_norm': 0.7578125, 'learning_rate': 0.0005999876448336384, 'epoch': 0.0}

  0%|          | 226/60627 [09:34<27:43:42,  1.65s/it]
  0%|          | 227/60627 [09:36<27:49:10,  1.66s/it]
                                                      
{'loss': 5.2865, 'grad_norm': 0.77734375, 'learning_rate': 0.0005999875032292862, 'epoch': 0.0}

  0%|          | 227/60627 [09:36<27:49:10,  1.66s/it]
  0%|          | 228/60627 [09:37<27:46:44,  1.66s/it]
                                                      
{'loss': 5.6752, 'grad_norm': 0.8828125, 'learning_rate': 0.0005999873608180942, 'epoch': 0.0}

  0%|          | 228/60627 [09:38<27:46:44,  1.66s/it]
  0%|          | 229/60627 [09:39<27:43:46,  1.65s/it]{'loss': 5.4115, 'grad_norm': 0.89453125, 'learning_rate': 0.0005999872176000625, 'epoch': 0.0}

                                                      

  0%|          | 229/60627 [09:39<27:43:46,  1.65s/it]
  0%|          | 230/60627 [09:41<27:36:11,  1.65s/it]
                                                      
{'loss': 5.4806, 'grad_norm': 0.73828125, 'learning_rate': 0.0005999870735751917, 'epoch': 0.0}

  0%|          | 230/60627 [09:41<27:36:11,  1.65s/it]
  0%|          | 231/60627 [09:42<27:33:11,  1.64s/it]
                                                      
{'loss': 5.4232, 'grad_norm': 0.8671875, 'learning_rate': 0.0005999869287434821, 'epoch': 0.0}

  0%|          | 231/60627 [09:42<27:33:11,  1.64s/it]
  0%|          | 232/60627 [09:44<27:32:57,  1.64s/it]{'loss': 5.1911, 'grad_norm': 0.76953125, 'learning_rate': 0.0005999867831049341, 'epoch': 0.0}

                                                      

  0%|          | 232/60627 [09:44<27:32:57,  1.64s/it]
  0%|          | 233/60627 [09:46<27:40:01,  1.65s/it]
                                                      
{'loss': 5.5402, 'grad_norm': 0.88671875, 'learning_rate': 0.0005999866366595482, 'epoch': 0.0}

  0%|          | 233/60627 [09:46<27:40:01,  1.65s/it]
  0%|          | 234/60627 [09:47<27:42:32,  1.65s/it]
                                                      
{'loss': 5.4561, 'grad_norm': 0.65625, 'learning_rate': 0.0005999864894073246, 'epoch': 0.0}

  0%|          | 234/60627 [09:47<27:42:32,  1.65s/it]
  0%|          | 235/60627 [09:49<27:38:35,  1.65s/it]
                                                      
{'loss': 5.78, 'grad_norm': 0.7890625, 'learning_rate': 0.0005999863413482637, 'epoch': 0.0}

  0%|          | 235/60627 [09:49<27:38:35,  1.65s/it]
  0%|          | 236/60627 [09:51<27:49:37,  1.66s/it]{'loss': 5.5526, 'grad_norm': 0.79296875, 'learning_rate': 0.0005999861924823663, 'epoch': 0.0}

                                                      

  0%|          | 236/60627 [09:51<27:49:37,  1.66s/it]
  0%|          | 237/60627 [09:52<27:58:07,  1.67s/it]{'loss': 5.6293, 'grad_norm': 0.80859375, 'learning_rate': 0.0005999860428096322, 'epoch': 0.0}

                                                      

  0%|          | 237/60627 [09:52<27:58:07,  1.67s/it]
  0%|          | 238/60627 [09:54<28:09:18,  1.68s/it]
                                                      
{'loss': 5.3956, 'grad_norm': 0.75390625, 'learning_rate': 0.0005999858923300622, 'epoch': 0.0}

  0%|          | 238/60627 [09:54<28:09:18,  1.68s/it]
  0%|          | 239/60627 [09:56<27:54:53,  1.66s/it]
                                                      
{'loss': 5.7035, 'grad_norm': 0.89453125, 'learning_rate': 0.0005999857410436566, 'epoch': 0.0}

  0%|          | 239/60627 [09:56<27:54:53,  1.66s/it]
  0%|          | 240/60627 [09:57<27:46:48,  1.66s/it]
                                                      
{'loss': 5.739, 'grad_norm': 0.74609375, 'learning_rate': 0.0005999855889504157, 'epoch': 0.0}

  0%|          | 240/60627 [09:57<27:46:48,  1.66s/it]
  0%|          | 241/60627 [09:59<27:43:39,  1.65s/it]
                                                      
{'loss': 5.3558, 'grad_norm': 1.0078125, 'learning_rate': 0.0005999854360503402, 'epoch': 0.0}

  0%|          | 241/60627 [09:59<27:43:39,  1.65s/it]
  0%|          | 242/60627 [10:01<27:45:52,  1.66s/it]
                                                      
{'loss': 6.005, 'grad_norm': 0.8046875, 'learning_rate': 0.0005999852823434302, 'epoch': 0.0}

  0%|          | 242/60627 [10:01<27:45:52,  1.66s/it]
  0%|          | 243/60627 [10:02<27:42:22,  1.65s/it]
                                                      
{'loss': 5.1913, 'grad_norm': 0.8671875, 'learning_rate': 0.0005999851278296863, 'epoch': 0.0}

  0%|          | 243/60627 [10:02<27:42:22,  1.65s/it]
  0%|          | 244/60627 [10:04<27:47:47,  1.66s/it]
                                                      
{'loss': 5.4879, 'grad_norm': 0.79296875, 'learning_rate': 0.0005999849725091089, 'epoch': 0.0}

  0%|          | 244/60627 [10:04<27:47:47,  1.66s/it]
  0%|          | 245/60627 [10:06<27:47:27,  1.66s/it]
                                                      
{'loss': 5.5223, 'grad_norm': 0.84765625, 'learning_rate': 0.0005999848163816983, 'epoch': 0.0}

  0%|          | 245/60627 [10:06<27:47:27,  1.66s/it]
  0%|          | 246/60627 [10:07<27:40:45,  1.65s/it]
                                                      
{'loss': 5.3275, 'grad_norm': 0.78125, 'learning_rate': 0.0005999846594474549, 'epoch': 0.0}

  0%|          | 246/60627 [10:07<27:40:45,  1.65s/it]
  0%|          | 247/60627 [10:09<27:36:57,  1.65s/it]{'loss': 5.1732, 'grad_norm': 0.8125, 'learning_rate': 0.0005999845017063794, 'epoch': 0.0}

                                                      

  0%|          | 247/60627 [10:09<27:36:57,  1.65s/it]
  0%|          | 248/60627 [10:11<27:59:12,  1.67s/it]
                                                      
{'loss': 5.0448, 'grad_norm': 0.8359375, 'learning_rate': 0.0005999843431584719, 'epoch': 0.0}

  0%|          | 248/60627 [10:11<27:59:12,  1.67s/it]
  0%|          | 249/60627 [10:12<28:11:23,  1.68s/it]
                                                      
{'loss': 5.4453, 'grad_norm': 0.76953125, 'learning_rate': 0.000599984183803733, 'epoch': 0.0}

  0%|          | 249/60627 [10:12<28:11:23,  1.68s/it]
  0%|          | 250/60627 [10:14<28:07:54,  1.68s/it]
                                                      
{'loss': 5.3376, 'grad_norm': 0.8515625, 'learning_rate': 0.0005999840236421631, 'epoch': 0.0}

  0%|          | 250/60627 [10:14<28:07:54,  1.68s/it]
  0%|          | 251/60627 [10:16<27:56:18,  1.67s/it]
                                                      
{'loss': 5.313, 'grad_norm': 0.9375, 'learning_rate': 0.0005999838626737626, 'epoch': 0.0}

  0%|          | 251/60627 [10:16<27:56:18,  1.67s/it]
  0%|          | 252/60627 [10:17<27:43:15,  1.65s/it]
                                                      
{'loss': 5.3861, 'grad_norm': 0.8046875, 'learning_rate': 0.000599983700898532, 'epoch': 0.0}

  0%|          | 252/60627 [10:17<27:43:15,  1.65s/it]
  0%|          | 253/60627 [10:19<27:41:29,  1.65s/it]{'loss': 5.4123, 'grad_norm': 0.765625, 'learning_rate': 0.0005999835383164716, 'epoch': 0.0}

                                                      

  0%|          | 253/60627 [10:19<27:41:29,  1.65s/it]
  0%|          | 254/60627 [10:21<27:35:58,  1.65s/it]
                                                      
{'loss': 5.3727, 'grad_norm': 0.7734375, 'learning_rate': 0.000599983374927582, 'epoch': 0.0}

  0%|          | 254/60627 [10:21<27:35:58,  1.65s/it]
  0%|          | 255/60627 [10:22<27:26:23,  1.64s/it]
                                                      
{'loss': 5.2274, 'grad_norm': 0.8984375, 'learning_rate': 0.0005999832107318637, 'epoch': 0.0}

  0%|          | 255/60627 [10:22<27:26:23,  1.64s/it]
  0%|          | 256/60627 [10:24<27:27:38,  1.64s/it]{'loss': 5.6597, 'grad_norm': 0.77734375, 'learning_rate': 0.0005999830457293168, 'epoch': 0.0}

                                                      

  0%|          | 256/60627 [10:24<27:27:38,  1.64s/it]
  0%|          | 257/60627 [10:25<27:24:54,  1.63s/it]
                                                      
{'loss': 5.5516, 'grad_norm': 0.83984375, 'learning_rate': 0.000599982879919942, 'epoch': 0.0}

  0%|          | 257/60627 [10:25<27:24:54,  1.63s/it]
  0%|          | 258/60627 [10:27<27:22:44,  1.63s/it]
                                                      
{'loss': 5.3842, 'grad_norm': 0.75390625, 'learning_rate': 0.0005999827133037398, 'epoch': 0.0}

  0%|          | 258/60627 [10:27<27:22:44,  1.63s/it]
  0%|          | 259/60627 [10:29<27:16:57,  1.63s/it]
                                                      
{'loss': 5.5, 'grad_norm': 0.83984375, 'learning_rate': 0.0005999825458807105, 'epoch': 0.0}

  0%|          | 259/60627 [10:29<27:16:57,  1.63s/it]
  0%|          | 260/60627 [10:30<27:10:05,  1.62s/it]
                                                      
{'loss': 4.9375, 'grad_norm': 0.859375, 'learning_rate': 0.0005999823776508546, 'epoch': 0.0}

  0%|          | 260/60627 [10:30<27:10:05,  1.62s/it]
  0%|          | 261/60627 [10:32<27:09:38,  1.62s/it]
                                                      
{'loss': 5.1254, 'grad_norm': 0.875, 'learning_rate': 0.0005999822086141726, 'epoch': 0.0}

  0%|          | 261/60627 [10:32<27:09:38,  1.62s/it]
  0%|          | 262/60627 [10:34<27:11:51,  1.62s/it]
                                                      
{'loss': 5.3889, 'grad_norm': 0.67578125, 'learning_rate': 0.0005999820387706647, 'epoch': 0.0}

  0%|          | 262/60627 [10:34<27:11:51,  1.62s/it]
  0%|          | 263/60627 [10:35<27:16:44,  1.63s/it]
                                                      
{'loss': 5.1755, 'grad_norm': 0.73828125, 'learning_rate': 0.0005999818681203318, 'epoch': 0.0}

  0%|          | 263/60627 [10:35<27:16:44,  1.63s/it]
  0%|          | 264/60627 [10:37<27:15:37,  1.63s/it]
                                                      
{'loss': 5.2144, 'grad_norm': 0.77734375, 'learning_rate': 0.0005999816966631741, 'epoch': 0.0}

  0%|          | 264/60627 [10:37<27:15:37,  1.63s/it]
  0%|          | 265/60627 [10:38<27:19:42,  1.63s/it]
                                                      
{'loss': 5.4754, 'grad_norm': 0.73828125, 'learning_rate': 0.0005999815243991919, 'epoch': 0.0}

  0%|          | 265/60627 [10:38<27:19:42,  1.63s/it]
  0%|          | 266/60627 [10:40<27:24:12,  1.63s/it]
                                                      
{'loss': 5.3677, 'grad_norm': 0.75, 'learning_rate': 0.000599981351328386, 'epoch': 0.0}

  0%|          | 266/60627 [10:40<27:24:12,  1.63s/it]
  0%|          | 267/60627 [10:42<27:25:21,  1.64s/it]
                                                      
{'loss': 5.6061, 'grad_norm': 0.83984375, 'learning_rate': 0.0005999811774507566, 'epoch': 0.0}

  0%|          | 267/60627 [10:42<27:25:21,  1.64s/it]
  0%|          | 268/60627 [10:43<27:26:28,  1.64s/it]
                                                      
{'loss': 5.2142, 'grad_norm': 0.69921875, 'learning_rate': 0.0005999810027663044, 'epoch': 0.0}

  0%|          | 268/60627 [10:43<27:26:28,  1.64s/it]
  0%|          | 269/60627 [10:45<27:21:13,  1.63s/it]
                                                      
{'loss': 5.0174, 'grad_norm': 0.7265625, 'learning_rate': 0.0005999808272750297, 'epoch': 0.0}

  0%|          | 269/60627 [10:45<27:21:13,  1.63s/it]
  0%|          | 270/60627 [10:47<27:26:24,  1.64s/it]{'loss': 5.3318, 'grad_norm': 0.80859375, 'learning_rate': 0.000599980650976933, 'epoch': 0.0}

                                                      

  0%|          | 270/60627 [10:47<27:26:24,  1.64s/it]
  0%|          | 271/60627 [10:48<27:22:26,  1.63s/it]{'loss': 4.7633, 'grad_norm': 0.8046875, 'learning_rate': 0.0005999804738720148, 'epoch': 0.0}

                                                      

  0%|          | 271/60627 [10:48<27:22:26,  1.63s/it]
  0%|          | 272/60627 [10:50<27:18:09,  1.63s/it]
                                                      
{'loss': 5.6576, 'grad_norm': 0.78515625, 'learning_rate': 0.0005999802959602756, 'epoch': 0.0}

  0%|          | 272/60627 [10:50<27:18:09,  1.63s/it]
  0%|          | 273/60627 [10:51<27:21:10,  1.63s/it]
                                                      
{'loss': 5.3304, 'grad_norm': 0.77734375, 'learning_rate': 0.0005999801172417159, 'epoch': 0.0}

  0%|          | 273/60627 [10:52<27:21:10,  1.63s/it]
  0%|          | 274/60627 [10:53<27:20:27,  1.63s/it]
                                                      
{'loss': 5.0914, 'grad_norm': 0.796875, 'learning_rate': 0.000599979937716336, 'epoch': 0.0}

  0%|          | 274/60627 [10:53<27:20:27,  1.63s/it]
  0%|          | 275/60627 [10:55<27:22:11,  1.63s/it]
                                                      
{'loss': 5.4261, 'grad_norm': 0.7734375, 'learning_rate': 0.0005999797573841366, 'epoch': 0.0}

  0%|          | 275/60627 [10:55<27:22:11,  1.63s/it]
  0%|          | 276/60627 [10:56<23:20:11,  1.39s/it]{'loss': 5.3393, 'grad_norm': 0.86328125, 'learning_rate': 0.0005999795762451181, 'epoch': 0.0}

                                                      

  0%|          | 276/60627 [10:56<23:20:11,  1.39s/it]
  0%|          | 277/60627 [10:56<20:06:08,  1.20s/it]
                                                      
{'loss': 4.9725, 'grad_norm': 0.71875, 'learning_rate': 0.0005999793942992809, 'epoch': 0.0}

  0%|          | 277/60627 [10:56<20:06:08,  1.20s/it]
  0%|          | 278/60627 [10:57<17:52:06,  1.07s/it]{'loss': 5.4216, 'grad_norm': 0.859375, 'learning_rate': 0.0005999792115466256, 'epoch': 0.0}

                                                      

  0%|          | 278/60627 [10:57<17:52:06,  1.07s/it]
  0%|          | 279/60627 [10:58<19:02:19,  1.14s/it]
                                                      
{'loss': 5.2238, 'grad_norm': 0.77734375, 'learning_rate': 0.0005999790279871528, 'epoch': 0.0}

  0%|          | 279/60627 [10:58<19:02:19,  1.14s/it]
  0%|          | 280/60627 [11:00<21:39:13,  1.29s/it]
                                                      
{'loss': 5.4262, 'grad_norm': 0.82421875, 'learning_rate': 0.0005999788436208627, 'epoch': 0.0}

  0%|          | 280/60627 [11:00<21:39:13,  1.29s/it]
  0%|          | 281/60627 [11:02<23:30:54,  1.40s/it]
                                                      
{'loss': 5.2356, 'grad_norm': 0.765625, 'learning_rate': 0.0005999786584477561, 'epoch': 0.0}

  0%|          | 281/60627 [11:02<23:30:54,  1.40s/it]
  0%|          | 282/60627 [11:03<24:52:22,  1.48s/it]
                                                      
{'loss': 5.2429, 'grad_norm': 0.7109375, 'learning_rate': 0.0005999784724678332, 'epoch': 0.0}

  0%|          | 282/60627 [11:03<24:52:22,  1.48s/it]
  0%|          | 283/60627 [11:05<25:44:36,  1.54s/it]
                                                      
{'loss': 5.363, 'grad_norm': 0.76171875, 'learning_rate': 0.0005999782856810948, 'epoch': 0.0}

  0%|          | 283/60627 [11:05<25:44:36,  1.54s/it]
  0%|          | 284/60627 [11:07<26:20:00,  1.57s/it]
                                                      
{'loss': 5.3469, 'grad_norm': 0.84375, 'learning_rate': 0.0005999780980875412, 'epoch': 0.0}

  0%|          | 284/60627 [11:07<26:20:00,  1.57s/it]
  0%|          | 285/60627 [11:08<26:47:48,  1.60s/it]
                                                      
{'loss': 5.0642, 'grad_norm': 0.77734375, 'learning_rate': 0.0005999779096871729, 'epoch': 0.0}

  0%|          | 285/60627 [11:08<26:47:48,  1.60s/it]
  0%|          | 286/60627 [11:10<27:02:39,  1.61s/it]
                                                      
{'loss': 5.2134, 'grad_norm': 0.94921875, 'learning_rate': 0.0005999777204799906, 'epoch': 0.0}

  0%|          | 286/60627 [11:10<27:02:39,  1.61s/it]
  0%|          | 287/60627 [11:12<27:21:39,  1.63s/it]{'loss': 5.7559, 'grad_norm': 0.76171875, 'learning_rate': 0.0005999775304659945, 'epoch': 0.0}

                                                      

  0%|          | 287/60627 [11:12<27:21:39,  1.63s/it]
  0%|          | 288/60627 [11:13<27:28:11,  1.64s/it]
                                                      
{'loss': 5.1083, 'grad_norm': 0.86328125, 'learning_rate': 0.0005999773396451854, 'epoch': 0.0}

  0%|          | 288/60627 [11:13<27:28:11,  1.64s/it]
  0%|          | 289/60627 [11:15<27:37:59,  1.65s/it]
                                                      
{'loss': 5.5328, 'grad_norm': 0.91796875, 'learning_rate': 0.0005999771480175637, 'epoch': 0.0}

  0%|          | 289/60627 [11:15<27:37:59,  1.65s/it]
  0%|          | 290/60627 [11:17<27:37:50,  1.65s/it]{'loss': 5.4358, 'grad_norm': 0.765625, 'learning_rate': 0.0005999769555831299, 'epoch': 0.0}

                                                      

  0%|          | 290/60627 [11:17<27:37:50,  1.65s/it]
  0%|          | 291/60627 [11:18<27:40:25,  1.65s/it]{'loss': 5.1637, 'grad_norm': 0.859375, 'learning_rate': 0.0005999767623418845, 'epoch': 0.0}

                                                      

  0%|          | 291/60627 [11:18<27:40:25,  1.65s/it]
  0%|          | 292/60627 [11:20<27:43:28,  1.65s/it]
                                                      
{'loss': 5.2005, 'grad_norm': 0.9296875, 'learning_rate': 0.0005999765682938281, 'epoch': 0.0}

  0%|          | 292/60627 [11:20<27:43:28,  1.65s/it]
  0%|          | 293/60627 [11:22<27:45:26,  1.66s/it]
                                                      
{'loss': 5.0612, 'grad_norm': 0.78515625, 'learning_rate': 0.0005999763734389612, 'epoch': 0.0}

  0%|          | 293/60627 [11:22<27:45:26,  1.66s/it]
  0%|          | 294/60627 [11:23<27:49:41,  1.66s/it]
                                                      
{'loss': 5.5672, 'grad_norm': 0.9375, 'learning_rate': 0.0005999761777772843, 'epoch': 0.0}

  0%|          | 294/60627 [11:23<27:49:41,  1.66s/it]
  0%|          | 295/60627 [11:25<27:47:25,  1.66s/it]
                                                      
{'loss': 5.1356, 'grad_norm': 0.8828125, 'learning_rate': 0.0005999759813087979, 'epoch': 0.0}

  0%|          | 295/60627 [11:25<27:47:25,  1.66s/it]
  0%|          | 296/60627 [11:27<27:49:45,  1.66s/it]{'loss': 5.1918, 'grad_norm': 0.71875, 'learning_rate': 0.0005999757840335024, 'epoch': 0.0}

                                                      

  0%|          | 296/60627 [11:27<27:49:45,  1.66s/it]
  0%|          | 297/60627 [11:28<27:48:13,  1.66s/it]
                                                      
{'loss': 5.1325, 'grad_norm': 0.890625, 'learning_rate': 0.0005999755859513987, 'epoch': 0.0}

  0%|          | 297/60627 [11:28<27:48:13,  1.66s/it]
  0%|          | 298/60627 [11:30<27:45:56,  1.66s/it]{'loss': 5.2655, 'grad_norm': 0.75, 'learning_rate': 0.0005999753870624871, 'epoch': 0.0}

                                                      

  0%|          | 298/60627 [11:30<27:45:56,  1.66s/it]
  0%|          | 299/60627 [11:32<27:48:54,  1.66s/it]
                                                      
{'loss': 5.2613, 'grad_norm': 0.765625, 'learning_rate': 0.000599975187366768, 'epoch': 0.0}

  0%|          | 299/60627 [11:32<27:48:54,  1.66s/it]
  0%|          | 300/60627 [11:33<27:48:41,  1.66s/it]{'loss': 5.0898, 'grad_norm': 0.80859375, 'learning_rate': 0.0005999749868642422, 'epoch': 0.0}

                                                      

  0%|          | 300/60627 [11:33<27:48:41,  1.66s/it]

  0%|          | 0/157 [00:00<?, ?it/s][A

  1%|▏         | 2/157 [00:00<00:46,  3.32it/s][A

  2%|▏         | 3/157 [00:01<01:05,  2.34it/s][A

  3%|▎         | 4/157 [00:01<01:14,  2.07it/s][A

  3%|▎         | 5/157 [00:02<01:19,  1.92it/s][A

  4%|▍         | 6/157 [00:02<01:23,  1.81it/s][A

  4%|▍         | 7/157 [00:03<01:23,  1.79it/s][A

  5%|▌         | 8/157 [00:04<01:24,  1.76it/s][A

  6%|▌         | 9/157 [00:04<01:25,  1.73it/s][A

  6%|▋         | 10/157 [00:05<01:26,  1.71it/s][A

  7%|▋         | 11/157 [00:05<01:25,  1.71it/s][A

  8%|▊         | 12/157 [00:06<01:24,  1.71it/s][A

  8%|▊         | 13/157 [00:07<01:25,  1.69it/s][A

  9%|▉         | 14/157 [00:07<01:22,  1.74it/s][A

 10%|▉         | 15/157 [00:08<01:21,  1.73it/s][A

 10%|█         | 16/157 [00:08<01:22,  1.71it/s][A

 11%|█         | 17/157 [00:09<01:22,  1.70it/s][A

 11%|█▏        | 18/157 [00:10<01:21,  1.71it/s][A

 12%|█▏        | 19/157 [00:10<01:20,  1.71it/s][A

 13%|█▎        | 20/157 [00:11<01:20,  1.71it/s][A

 13%|█▎        | 21/157 [00:11<01:19,  1.72it/s][A

 14%|█▍        | 22/157 [00:12<01:18,  1.72it/s][A

 15%|█▍        | 23/157 [00:12<01:18,  1.70it/s][A

 15%|█▌        | 24/157 [00:13<01:18,  1.70it/s][A

 16%|█▌        | 25/157 [00:14<01:17,  1.71it/s][A

 17%|█▋        | 26/157 [00:14<01:16,  1.71it/s][A

 17%|█▋        | 27/157 [00:15<01:17,  1.68it/s][A

 18%|█▊        | 28/157 [00:15<01:16,  1.69it/s][A

 18%|█▊        | 29/157 [00:16<01:15,  1.70it/s][A

 19%|█▉        | 30/157 [00:17<01:15,  1.69it/s][A

 20%|█▉        | 31/157 [00:17<01:14,  1.68it/s][A

 20%|██        | 32/157 [00:18<01:13,  1.70it/s][A

 21%|██        | 33/157 [00:18<01:13,  1.70it/s][A

 22%|██▏       | 34/157 [00:19<01:13,  1.67it/s][A

 22%|██▏       | 35/157 [00:20<01:12,  1.69it/s][A

 23%|██▎       | 36/157 [00:20<01:11,  1.70it/s][A

 24%|██▎       | 37/157 [00:21<01:10,  1.69it/s][A

 24%|██▍       | 38/157 [00:21<01:10,  1.68it/s][A

 25%|██▍       | 39/157 [00:22<01:09,  1.70it/s][A

 25%|██▌       | 40/157 [00:22<01:08,  1.71it/s][A

 26%|██▌       | 41/157 [00:23<01:08,  1.69it/s][A

 27%|██▋       | 42/157 [00:24<01:08,  1.69it/s][A

 27%|██▋       | 43/157 [00:24<01:06,  1.70it/s][A

 28%|██▊       | 44/157 [00:25<01:06,  1.70it/s][A

 29%|██▊       | 45/157 [00:25<01:05,  1.72it/s][A

 29%|██▉       | 46/157 [00:26<01:04,  1.72it/s][A

 30%|██▉       | 47/157 [00:27<01:04,  1.72it/s][A

 31%|███       | 48/157 [00:27<01:03,  1.72it/s][A

 31%|███       | 49/157 [00:28<01:00,  1.78it/s][A

 32%|███▏      | 50/157 [00:28<01:00,  1.78it/s][A

 32%|███▏      | 51/157 [00:29<00:59,  1.77it/s][A

 33%|███▎      | 52/157 [00:29<00:59,  1.76it/s][A

 34%|███▍      | 53/157 [00:30<00:59,  1.75it/s][A

 34%|███▍      | 54/157 [00:31<01:00,  1.70it/s][A

 35%|███▌      | 55/157 [00:31<00:59,  1.71it/s][A

 36%|███▌      | 56/157 [00:32<00:58,  1.71it/s][A

 36%|███▋      | 57/157 [00:32<00:58,  1.71it/s][A

 37%|███▋      | 58/157 [00:33<00:58,  1.69it/s][A

 38%|███▊      | 59/157 [00:34<00:57,  1.70it/s][A

 38%|███▊      | 60/157 [00:34<00:56,  1.71it/s][A

 39%|███▉      | 61/157 [00:35<00:56,  1.69it/s][A

 39%|███▉      | 62/157 [00:35<00:56,  1.69it/s][A

 40%|████      | 63/157 [00:36<00:55,  1.71it/s][A

 41%|████      | 64/157 [00:36<00:54,  1.71it/s][A

 41%|████▏     | 65/157 [00:37<00:54,  1.68it/s][A

 42%|████▏     | 66/157 [00:38<00:53,  1.70it/s][A

 43%|████▎     | 67/157 [00:38<00:52,  1.70it/s][A

 43%|████▎     | 68/157 [00:39<00:51,  1.71it/s][A

 44%|████▍     | 69/157 [00:39<00:51,  1.72it/s][A

 45%|████▍     | 70/157 [00:40<00:50,  1.72it/s][A

 45%|████▌     | 71/157 [00:41<00:50,  1.71it/s][A

 46%|████▌     | 72/157 [00:41<00:50,  1.69it/s][A

 46%|████▋     | 73/157 [00:42<00:49,  1.70it/s][A

 47%|████▋     | 74/157 [00:42<00:48,  1.71it/s][A

 48%|████▊     | 75/157 [00:43<00:48,  1.70it/s][A

 48%|████▊     | 76/157 [00:43<00:47,  1.70it/s][A

 49%|████▉     | 77/157 [00:44<00:45,  1.75it/s][A

 50%|████▉     | 78/157 [00:45<00:45,  1.75it/s][A

 50%|█████     | 79/157 [00:45<00:43,  1.78it/s][A

 51%|█████     | 80/157 [00:46<00:42,  1.80it/s][A

 52%|█████▏    | 81/157 [00:46<00:42,  1.77it/s][A

 52%|█████▏    | 82/157 [00:47<00:41,  1.81it/s][A

 53%|█████▎    | 83/157 [00:47<00:40,  1.83it/s][A

 54%|█████▎    | 84/157 [00:48<00:40,  1.81it/s][A

 54%|█████▍    | 85/157 [00:48<00:40,  1.78it/s][A

 55%|█████▍    | 86/157 [00:49<00:40,  1.77it/s][A

 55%|█████▌    | 87/157 [00:50<00:40,  1.73it/s][A

 56%|█████▌    | 88/157 [00:50<00:40,  1.72it/s][A

 57%|█████▋    | 89/157 [00:51<00:39,  1.73it/s][A

 57%|█████▋    | 90/157 [00:51<00:38,  1.72it/s][A

 58%|█████▊    | 91/157 [00:52<00:38,  1.69it/s][A

 59%|█████▊    | 92/157 [00:53<00:38,  1.71it/s][A

 59%|█████▉    | 93/157 [00:53<00:37,  1.71it/s][A

 60%|█████▉    | 94/157 [00:54<00:37,  1.69it/s][A

 61%|██████    | 95/157 [00:54<00:36,  1.70it/s][A

 61%|██████    | 96/157 [00:55<00:35,  1.73it/s][A

 62%|██████▏   | 97/157 [00:55<00:34,  1.72it/s][A

 62%|██████▏   | 98/157 [00:56<00:34,  1.71it/s][A

 63%|██████▎   | 99/157 [00:57<00:33,  1.74it/s][A

 64%|██████▎   | 100/157 [00:57<00:32,  1.75it/s][A

 64%|██████▍   | 101/157 [00:58<00:32,  1.72it/s][A

 65%|██████▍   | 102/157 [00:58<00:31,  1.73it/s][A

 66%|██████▌   | 103/157 [00:59<00:30,  1.75it/s][A

 66%|██████▌   | 104/157 [01:00<00:30,  1.74it/s][A

 67%|██████▋   | 105/157 [01:00<00:29,  1.74it/s][A

 68%|██████▊   | 106/157 [01:01<00:29,  1.75it/s][A

 68%|██████▊   | 107/157 [01:01<00:28,  1.74it/s][A

 69%|██████▉   | 108/157 [01:02<00:28,  1.71it/s][A

 69%|██████▉   | 109/157 [01:02<00:27,  1.72it/s][A

 70%|███████   | 110/157 [01:03<00:27,  1.74it/s][A

 71%|███████   | 111/157 [01:04<00:26,  1.73it/s][A

 71%|███████▏  | 112/157 [01:04<00:25,  1.73it/s][A

 72%|███████▏  | 113/157 [01:05<00:24,  1.76it/s][A

 73%|███████▎  | 114/157 [01:05<00:24,  1.76it/s][A

 73%|███████▎  | 115/157 [01:06<00:24,  1.74it/s][A

 74%|███████▍  | 116/157 [01:06<00:23,  1.76it/s][A

 75%|███████▍  | 117/157 [01:07<00:22,  1.77it/s][A

 75%|███████▌  | 118/157 [01:08<00:22,  1.75it/s][A

 76%|███████▌  | 119/157 [01:08<00:21,  1.76it/s][A

 76%|███████▋  | 120/157 [01:09<00:20,  1.79it/s][A

 77%|███████▋  | 121/157 [01:09<00:20,  1.77it/s][A

 78%|███████▊  | 122/157 [01:10<00:19,  1.76it/s][A

 78%|███████▊  | 123/157 [01:10<00:18,  1.80it/s][A

 79%|███████▉  | 124/157 [01:11<00:18,  1.79it/s][A

 80%|███████▉  | 125/157 [01:11<00:17,  1.78it/s][A

 80%|████████  | 126/157 [01:12<00:17,  1.81it/s][A

 81%|████████  | 127/157 [01:13<00:16,  1.81it/s][A

 82%|████████▏ | 128/157 [01:13<00:16,  1.77it/s][A

 82%|████████▏ | 129/157 [01:14<00:15,  1.77it/s][A

 83%|████████▎ | 130/157 [01:14<00:15,  1.76it/s][A

 83%|████████▎ | 131/157 [01:15<00:15,  1.72it/s][A

 84%|████████▍ | 132/157 [01:15<00:14,  1.71it/s][A

 85%|████████▍ | 133/157 [01:16<00:13,  1.72it/s][A

 85%|████████▌ | 134/157 [01:17<00:13,  1.72it/s][A

 86%|████████▌ | 135/157 [01:17<00:12,  1.69it/s][A

 87%|████████▋ | 136/157 [01:18<00:12,  1.70it/s][A

 87%|████████▋ | 137/157 [01:18<00:11,  1.71it/s][A

 88%|████████▊ | 138/157 [01:19<00:11,  1.70it/s][A

 89%|████████▊ | 139/157 [01:20<00:10,  1.70it/s][A

 89%|████████▉ | 140/157 [01:20<00:09,  1.71it/s][A

 90%|████████▉ | 141/157 [01:21<00:09,  1.70it/s][A

 90%|█████████ | 142/157 [01:21<00:08,  1.67it/s][A

 91%|█████████ | 143/157 [01:22<00:08,  1.70it/s][A

 92%|█████████▏| 144/157 [01:23<00:07,  1.71it/s][A

 92%|█████████▏| 145/157 [01:23<00:07,  1.70it/s][A

 93%|█████████▎| 146/157 [01:24<00:06,  1.69it/s][A

 94%|█████████▎| 147/157 [01:24<00:05,  1.70it/s][A

 94%|█████████▍| 148/157 [01:25<00:05,  1.70it/s][A

 95%|█████████▍| 149/157 [01:26<00:04,  1.68it/s][A

 96%|█████████▌| 150/157 [01:26<00:04,  1.69it/s][A

 96%|█████████▌| 151/157 [01:27<00:03,  1.70it/s][A

 97%|█████████▋| 152/157 [01:27<00:02,  1.70it/s][A

 97%|█████████▋| 153/157 [01:28<00:02,  1.68it/s][A

 98%|█████████▊| 154/157 [01:28<00:01,  1.70it/s][A

 99%|█████████▊| 155/157 [01:29<00:01,  1.70it/s][A

 99%|█████████▉| 156/157 [01:30<00:00,  1.67it/s][A

100%|██████████| 157/157 [01:30<00:00,  1.91it/s][A{'eval_loss': 5.809976577758789, 'eval_runtime': 91.0888, 'eval_samples_per_second': 54.891, 'eval_steps_per_second': 1.724, 'epoch': 0.0}

                                                      

                                                 
[A
  0%|          | 300/60627 [13:04<27:48:41,  1.66s/it]

100%|██████████| 157/157 [01:30<00:00,  1.91it/s][A

                                                 [A
  0%|          | 301/60627 [13:18<545:13:04, 32.54s/it]
                                                       
{'loss': 5.1556, 'grad_norm': 0.66796875, 'learning_rate': 0.0005999747855549102, 'epoch': 0.0}

  0%|          | 301/60627 [13:18<545:13:04, 32.54s/it]
  0%|          | 302/60627 [13:20<390:03:09, 23.28s/it]
                                                       
{'loss': 5.3511, 'grad_norm': 0.71875, 'learning_rate': 0.0005999745834387724, 'epoch': 0.0}

  0%|          | 302/60627 [13:20<390:03:09, 23.28s/it]
  0%|          | 303/60627 [13:21<281:22:27, 16.79s/it]
                                                       
{'loss': 5.1235, 'grad_norm': 0.8203125, 'learning_rate': 0.0005999743805158293, 'epoch': 0.0}

  0%|          | 303/60627 [13:21<281:22:27, 16.79s/it]
  1%|          | 304/60627 [13:23<205:22:42, 12.26s/it]
                                                       
{'loss': 5.0608, 'grad_norm': 0.64453125, 'learning_rate': 0.0005999741767860817, 'epoch': 0.01}

  1%|          | 304/60627 [13:23<205:22:42, 12.26s/it]
  1%|          | 305/60627 [13:24<152:05:42,  9.08s/it]
                                                       
{'loss': 4.853, 'grad_norm': 0.9609375, 'learning_rate': 0.00059997397224953, 'epoch': 0.01}

  1%|          | 305/60627 [13:25<152:05:42,  9.08s/it]
  1%|          | 306/60627 [13:26<114:47:47,  6.85s/it]
                                                       
{'loss': 5.1544, 'grad_norm': 0.69921875, 'learning_rate': 0.0005999737669061747, 'epoch': 0.01}

  1%|          | 306/60627 [13:26<114:47:47,  6.85s/it]
  1%|          | 307/60627 [13:28<87:56:28,  5.25s/it] 
                                                      
{'loss': 5.1733, 'grad_norm': 0.8515625, 'learning_rate': 0.0005999735607560164, 'epoch': 0.01}

  1%|          | 307/60627 [13:28<87:56:28,  5.25s/it]
  1%|          | 308/60627 [13:29<69:50:31,  4.17s/it]
                                                      
{'loss': 4.9457, 'grad_norm': 0.72265625, 'learning_rate': 0.0005999733537990559, 'epoch': 0.01}

  1%|          | 308/60627 [13:29<69:50:31,  4.17s/it]
  1%|          | 309/60627 [13:31<57:11:02,  3.41s/it]
                                                      
{'loss': 5.6044, 'grad_norm': 0.8359375, 'learning_rate': 0.0005999731460352932, 'epoch': 0.01}

  1%|          | 309/60627 [13:31<57:11:02,  3.41s/it]
  1%|          | 310/60627 [13:33<48:16:49,  2.88s/it]
                                                      
{'loss': 5.1443, 'grad_norm': 0.7265625, 'learning_rate': 0.0005999729374647294, 'epoch': 0.01}

  1%|          | 310/60627 [13:33<48:16:49,  2.88s/it]
  1%|          | 311/60627 [13:34<42:04:29,  2.51s/it]
                                                      
{'loss': 5.3415, 'grad_norm': 0.76953125, 'learning_rate': 0.0005999727280873646, 'epoch': 0.01}

  1%|          | 311/60627 [13:34<42:04:29,  2.51s/it]
  1%|          | 312/60627 [13:36<37:53:04,  2.26s/it]
                                                      
{'loss': 4.9484, 'grad_norm': 0.92578125, 'learning_rate': 0.0005999725179031999, 'epoch': 0.01}

  1%|          | 312/60627 [13:36<37:53:04,  2.26s/it]
  1%|          | 313/60627 [13:38<34:43:13,  2.07s/it]{'loss': 5.3629, 'grad_norm': 0.75, 'learning_rate': 0.0005999723069122354, 'epoch': 0.01}

                                                      

  1%|          | 313/60627 [13:38<34:43:13,  2.07s/it]
  1%|          | 314/60627 [13:39<32:36:22,  1.95s/it]
                                                      
{'loss': 5.4627, 'grad_norm': 0.859375, 'learning_rate': 0.0005999720951144718, 'epoch': 0.01}

  1%|          | 314/60627 [13:39<32:36:22,  1.95s/it]
  1%|          | 315/60627 [13:41<31:10:10,  1.86s/it]
                                                      
{'loss': 5.605, 'grad_norm': 0.84765625, 'learning_rate': 0.0005999718825099098, 'epoch': 0.01}

  1%|          | 315/60627 [13:41<31:10:10,  1.86s/it]
  1%|          | 316/60627 [13:43<30:04:14,  1.79s/it]
                                                      
{'loss': 5.2306, 'grad_norm': 0.703125, 'learning_rate': 0.0005999716690985498, 'epoch': 0.01}

  1%|          | 316/60627 [13:43<30:04:14,  1.79s/it]
  1%|          | 317/60627 [13:44<29:20:14,  1.75s/it]
                                                      
{'loss': 5.3229, 'grad_norm': 0.7578125, 'learning_rate': 0.0005999714548803926, 'epoch': 0.01}

  1%|          | 317/60627 [13:44<29:20:14,  1.75s/it]
  1%|          | 318/60627 [13:46<28:49:16,  1.72s/it]
                                                      
{'loss': 5.1284, 'grad_norm': 0.703125, 'learning_rate': 0.0005999712398554385, 'epoch': 0.01}

  1%|          | 318/60627 [13:46<28:49:16,  1.72s/it]
  1%|          | 319/60627 [13:47<28:22:16,  1.69s/it]
                                                      
{'loss': 5.1505, 'grad_norm': 0.87890625, 'learning_rate': 0.0005999710240236882, 'epoch': 0.01}

  1%|          | 319/60627 [13:47<28:22:16,  1.69s/it]
  1%|          | 320/60627 [13:49<28:08:01,  1.68s/it]
                                                      
{'loss': 4.9844, 'grad_norm': 0.71875, 'learning_rate': 0.0005999708073851424, 'epoch': 0.01}

  1%|          | 320/60627 [13:49<28:08:01,  1.68s/it]
  1%|          | 321/60627 [13:51<27:58:45,  1.67s/it]
                                                      
{'loss': 5.1096, 'grad_norm': 0.734375, 'learning_rate': 0.0005999705899398015, 'epoch': 0.01}

  1%|          | 321/60627 [13:51<27:58:45,  1.67s/it]
  1%|          | 322/60627 [13:52<27:50:15,  1.66s/it]{'loss': 5.1839, 'grad_norm': 0.9140625, 'learning_rate': 0.000599970371687666, 'epoch': 0.01}

                                                      

  1%|          | 322/60627 [13:52<27:50:15,  1.66s/it]
  1%|          | 323/60627 [13:54<27:57:01,  1.67s/it]
                                                      
{'loss': 5.4004, 'grad_norm': 0.6484375, 'learning_rate': 0.0005999701526287368, 'epoch': 0.01}

  1%|          | 323/60627 [13:54<27:57:01,  1.67s/it]
  1%|          | 324/60627 [13:56<27:55:54,  1.67s/it]
                                                      
{'loss': 4.7552, 'grad_norm': 0.78125, 'learning_rate': 0.0005999699327630144, 'epoch': 0.01}

  1%|          | 324/60627 [13:56<27:55:54,  1.67s/it]
  1%|          | 325/60627 [13:57<28:10:42,  1.68s/it]
                                                      
{'loss': 5.3688, 'grad_norm': 0.91015625, 'learning_rate': 0.0005999697120904992, 'epoch': 0.01}

  1%|          | 325/60627 [13:57<28:10:42,  1.68s/it]
  1%|          | 326/60627 [13:59<27:57:50,  1.67s/it]
                                                      
{'loss': 5.1575, 'grad_norm': 0.75, 'learning_rate': 0.000599969490611192, 'epoch': 0.01}

  1%|          | 326/60627 [13:59<27:57:50,  1.67s/it]
  1%|          | 327/60627 [14:01<27:47:07,  1.66s/it]{'loss': 4.9811, 'grad_norm': 0.984375, 'learning_rate': 0.0005999692683250933, 'epoch': 0.01}

                                                      

  1%|          | 327/60627 [14:01<27:47:07,  1.66s/it]
  1%|          | 328/60627 [14:02<27:40:29,  1.65s/it]
                                                      
{'loss': 5.4434, 'grad_norm': 0.65234375, 'learning_rate': 0.0005999690452322036, 'epoch': 0.01}

  1%|          | 328/60627 [14:02<27:40:29,  1.65s/it]
  1%|          | 329/60627 [14:04<27:38:04,  1.65s/it]{'loss': 5.1723, 'grad_norm': 0.71484375, 'learning_rate': 0.0005999688213325237, 'epoch': 0.01}

                                                      

  1%|          | 329/60627 [14:04<27:38:04,  1.65s/it]
  1%|          | 330/60627 [14:06<27:35:07,  1.65s/it]
                                                      
{'loss': 5.1736, 'grad_norm': 0.6640625, 'learning_rate': 0.0005999685966260542, 'epoch': 0.01}

  1%|          | 330/60627 [14:06<27:35:07,  1.65s/it]
  1%|          | 331/60627 [14:07<27:38:17,  1.65s/it]
                                                      
{'loss': 5.0103, 'grad_norm': 0.7734375, 'learning_rate': 0.0005999683711127955, 'epoch': 0.01}

  1%|          | 331/60627 [14:07<27:38:17,  1.65s/it]
  1%|          | 332/60627 [14:09<27:32:36,  1.64s/it]
                                                      
{'loss': 4.6518, 'grad_norm': 0.6484375, 'learning_rate': 0.0005999681447927483, 'epoch': 0.01}

  1%|          | 332/60627 [14:09<27:32:36,  1.64s/it]
  1%|          | 333/60627 [14:11<27:29:46,  1.64s/it]
                                                      
{'loss': 5.2786, 'grad_norm': 0.71484375, 'learning_rate': 0.0005999679176659133, 'epoch': 0.01}

  1%|          | 333/60627 [14:11<27:29:46,  1.64s/it]
  1%|          | 334/60627 [14:12<27:25:05,  1.64s/it]
                                                      
{'loss': 5.1882, 'grad_norm': 0.67578125, 'learning_rate': 0.000599967689732291, 'epoch': 0.01}

  1%|          | 334/60627 [14:12<27:25:05,  1.64s/it]
  1%|          | 335/60627 [14:14<27:46:39,  1.66s/it]
                                                      
{'loss': 5.1466, 'grad_norm': 0.80859375, 'learning_rate': 0.0005999674609918821, 'epoch': 0.01}

  1%|          | 335/60627 [14:14<27:46:39,  1.66s/it]
  1%|          | 336/60627 [14:16<27:59:00,  1.67s/it]
                                                      
{'loss': 5.4071, 'grad_norm': 0.7421875, 'learning_rate': 0.0005999672314446872, 'epoch': 0.01}

  1%|          | 336/60627 [14:16<27:59:00,  1.67s/it]
  1%|          | 337/60627 [14:17<27:59:10,  1.67s/it]
                                                      
{'loss': 5.0704, 'grad_norm': 0.703125, 'learning_rate': 0.0005999670010907068, 'epoch': 0.01}

  1%|          | 337/60627 [14:17<27:59:10,  1.67s/it]
  1%|          | 338/60627 [14:19<27:43:06,  1.66s/it]
                                                      
{'loss': 4.805, 'grad_norm': 0.9140625, 'learning_rate': 0.0005999667699299417, 'epoch': 0.01}

  1%|          | 338/60627 [14:19<27:43:06,  1.66s/it]
  1%|          | 339/60627 [14:21<27:38:24,  1.65s/it]
                                                      
{'loss': 5.1266, 'grad_norm': 0.70703125, 'learning_rate': 0.0005999665379623923, 'epoch': 0.01}

  1%|          | 339/60627 [14:21<27:38:24,  1.65s/it]
  1%|          | 340/60627 [14:22<27:34:48,  1.65s/it]
                                                      
{'loss': 5.1676, 'grad_norm': 0.6796875, 'learning_rate': 0.0005999663051880595, 'epoch': 0.01}

  1%|          | 340/60627 [14:22<27:34:48,  1.65s/it]
  1%|          | 341/60627 [14:24<27:29:18,  1.64s/it]
                                                      
{'loss': 4.9574, 'grad_norm': 0.7265625, 'learning_rate': 0.0005999660716069436, 'epoch': 0.01}

  1%|          | 341/60627 [14:24<27:29:18,  1.64s/it]
  1%|          | 342/60627 [14:25<27:27:39,  1.64s/it]
                                                      
{'loss': 5.4941, 'grad_norm': 0.62109375, 'learning_rate': 0.0005999658372190455, 'epoch': 0.01}

  1%|          | 342/60627 [14:25<27:27:39,  1.64s/it]
  1%|          | 343/60627 [14:27<27:24:12,  1.64s/it]
                                                      
{'loss': 5.4824, 'grad_norm': 0.7265625, 'learning_rate': 0.0005999656020243658, 'epoch': 0.01}

  1%|          | 343/60627 [14:27<27:24:12,  1.64s/it]
  1%|          | 344/60627 [14:29<27:19:31,  1.63s/it]
                                                      
{'loss': 5.0043, 'grad_norm': 0.6875, 'learning_rate': 0.0005999653660229051, 'epoch': 0.01}

  1%|          | 344/60627 [14:29<27:19:31,  1.63s/it]
  1%|          | 345/60627 [14:30<27:10:51,  1.62s/it]{'loss': 5.2895, 'grad_norm': 0.75, 'learning_rate': 0.0005999651292146639, 'epoch': 0.01}

                                                      

  1%|          | 345/60627 [14:30<27:10:51,  1.62s/it]
  1%|          | 346/60627 [14:32<27:07:17,  1.62s/it]
                                                      
{'loss': 4.9837, 'grad_norm': 0.640625, 'learning_rate': 0.0005999648915996429, 'epoch': 0.01}

  1%|          | 346/60627 [14:32<27:07:17,  1.62s/it]
  1%|          | 347/60627 [14:34<27:09:55,  1.62s/it]
                                                      
{'loss': 5.1718, 'grad_norm': 0.83203125, 'learning_rate': 0.0005999646531778429, 'epoch': 0.01}

  1%|          | 347/60627 [14:34<27:09:55,  1.62s/it]
  1%|          | 348/60627 [14:35<27:13:37,  1.63s/it]
                                                      
{'loss': 5.419, 'grad_norm': 0.77734375, 'learning_rate': 0.0005999644139492643, 'epoch': 0.01}

  1%|          | 348/60627 [14:35<27:13:37,  1.63s/it]
  1%|          | 349/60627 [14:37<27:12:51,  1.63s/it]
                                                      
{'loss': 5.0488, 'grad_norm': 0.66796875, 'learning_rate': 0.0005999641739139079, 'epoch': 0.01}

  1%|          | 349/60627 [14:37<27:12:51,  1.63s/it]
  1%|          | 350/60627 [14:38<27:14:07,  1.63s/it]
                                                      
{'loss': 5.2619, 'grad_norm': 0.765625, 'learning_rate': 0.0005999639330717744, 'epoch': 0.01}

  1%|          | 350/60627 [14:38<27:14:07,  1.63s/it]
  1%|          | 351/60627 [14:40<27:13:33,  1.63s/it]
                                                      
{'loss': 4.9533, 'grad_norm': 0.76953125, 'learning_rate': 0.0005999636914228643, 'epoch': 0.01}

  1%|          | 351/60627 [14:40<27:13:33,  1.63s/it]
  1%|          | 352/60627 [14:42<27:15:36,  1.63s/it]
                                                      
{'loss': 5.0708, 'grad_norm': 0.75, 'learning_rate': 0.0005999634489671783, 'epoch': 0.01}

  1%|          | 352/60627 [14:42<27:15:36,  1.63s/it]
  1%|          | 353/60627 [14:43<27:16:45,  1.63s/it]
                                                      
{'loss': 4.8173, 'grad_norm': 0.765625, 'learning_rate': 0.0005999632057047171, 'epoch': 0.01}

  1%|          | 353/60627 [14:43<27:16:45,  1.63s/it]
  1%|          | 354/60627 [14:45<27:23:33,  1.64s/it]
                                                      
{'loss': 5.0816, 'grad_norm': 0.69140625, 'learning_rate': 0.0005999629616354813, 'epoch': 0.01}

  1%|          | 354/60627 [14:45<27:23:33,  1.64s/it]
  1%|          | 355/60627 [14:47<27:26:29,  1.64s/it]
                                                      
{'loss': 5.0163, 'grad_norm': 0.83984375, 'learning_rate': 0.0005999627167594715, 'epoch': 0.01}

  1%|          | 355/60627 [14:47<27:26:29,  1.64s/it]
  1%|          | 356/60627 [14:48<27:22:11,  1.63s/it]
                                                      
{'loss': 5.2704, 'grad_norm': 0.8203125, 'learning_rate': 0.0005999624710766885, 'epoch': 0.01}

  1%|          | 356/60627 [14:48<27:22:11,  1.63s/it]
  1%|          | 357/60627 [14:50<27:26:52,  1.64s/it]
                                                      
{'loss': 4.9316, 'grad_norm': 0.671875, 'learning_rate': 0.000599962224587133, 'epoch': 0.01}

  1%|          | 357/60627 [14:50<27:26:52,  1.64s/it]
  1%|          | 358/60627 [14:52<27:25:59,  1.64s/it]
                                                      
{'loss': 5.5581, 'grad_norm': 0.8515625, 'learning_rate': 0.0005999619772908053, 'epoch': 0.01}

  1%|          | 358/60627 [14:52<27:25:59,  1.64s/it]
  1%|          | 359/60627 [14:53<27:21:23,  1.63s/it]
                                                      
{'loss': 4.9557, 'grad_norm': 0.7265625, 'learning_rate': 0.0005999617291877066, 'epoch': 0.01}

  1%|          | 359/60627 [14:53<27:21:23,  1.63s/it]
  1%|          | 360/60627 [14:55<27:23:35,  1.64s/it]
                                                      
{'loss': 4.7237, 'grad_norm': 0.6953125, 'learning_rate': 0.000599961480277837, 'epoch': 0.01}

  1%|          | 360/60627 [14:55<27:23:35,  1.64s/it]
  1%|          | 361/60627 [14:56<27:21:43,  1.63s/it]
                                                      
{'loss': 5.2528, 'grad_norm': 0.75, 'learning_rate': 0.0005999612305611977, 'epoch': 0.01}

  1%|          | 361/60627 [14:56<27:21:43,  1.63s/it]
  1%|          | 362/60627 [14:58<27:22:42,  1.64s/it]{'loss': 5.108, 'grad_norm': 0.8046875, 'learning_rate': 0.000599960980037789, 'epoch': 0.01}

                                                      

  1%|          | 362/60627 [14:58<27:22:42,  1.64s/it]
  1%|          | 363/60627 [14:59<23:29:08,  1.40s/it]
                                                      
{'loss': 5.0509, 'grad_norm': 0.6796875, 'learning_rate': 0.0005999607287076118, 'epoch': 0.01}

  1%|          | 363/60627 [14:59<23:29:08,  1.40s/it]Training stopped after 900.15 seconds

  1%|          | 364/60627 [15:00<20:11:08,  1.21s/it]
                                                      
{'loss': 5.1814, 'grad_norm': 0.71875, 'learning_rate': 0.0005999604765706666, 'epoch': 0.01}

  1%|          | 364/60627 [15:00<20:11:08,  1.21s/it]

  0%|          | 0/157 [00:00<?, ?it/s][A

  1%|▏         | 2/157 [00:00<00:20,  7.64it/s][A

  2%|▏         | 3/157 [00:00<00:28,  5.33it/s][A

  3%|▎         | 4/157 [00:01<00:51,  2.96it/s][A

  3%|▎         | 5/157 [00:01<01:04,  2.37it/s][A

  4%|▍         | 6/157 [00:02<01:08,  2.21it/s][A

  4%|▍         | 7/157 [00:02<01:08,  2.20it/s][A

  5%|▌         | 8/157 [00:03<01:13,  2.02it/s][A

  6%|▌         | 9/157 [00:03<01:17,  1.91it/s][A

  6%|▋         | 10/157 [00:04<01:19,  1.84it/s][A

  7%|▋         | 11/157 [00:05<01:21,  1.80it/s][A

  8%|▊         | 12/157 [00:05<01:21,  1.77it/s][A

  8%|▊         | 13/157 [00:06<01:22,  1.75it/s][A

  9%|▉         | 14/157 [00:06<01:20,  1.77it/s][A

 10%|▉         | 15/157 [00:07<01:20,  1.76it/s][A

 10%|█         | 16/157 [00:07<01:20,  1.74it/s][A

 11%|█         | 17/157 [00:08<01:20,  1.73it/s][A

 11%|█▏        | 18/157 [00:09<01:20,  1.72it/s][A

 12%|█▏        | 19/157 [00:09<01:20,  1.72it/s][A

 13%|█▎        | 20/157 [00:10<01:18,  1.74it/s][A

 13%|█▎        | 21/157 [00:10<01:18,  1.73it/s][A

 14%|█▍        | 22/157 [00:11<01:18,  1.72it/s][A

 15%|█▍        | 23/157 [00:11<01:17,  1.72it/s][A

 15%|█▌        | 24/157 [00:12<01:17,  1.72it/s][A

 16%|█▌        | 25/157 [00:13<01:17,  1.71it/s][A

 17%|█▋        | 26/157 [00:13<01:17,  1.70it/s][A

 17%|█▋        | 27/157 [00:14<01:16,  1.70it/s][A

 18%|█▊        | 28/157 [00:14<01:15,  1.70it/s][A

 18%|█▊        | 29/157 [00:15<01:15,  1.70it/s][A

 19%|█▉        | 30/157 [00:16<01:14,  1.71it/s][A

 20%|█▉        | 31/157 [00:16<01:13,  1.71it/s][A

 20%|██        | 32/157 [00:17<01:13,  1.71it/s][A

 21%|██        | 33/157 [00:17<01:12,  1.71it/s][A

 22%|██▏       | 34/157 [00:18<01:12,  1.71it/s][A

 22%|██▏       | 35/157 [00:19<01:11,  1.71it/s][A

 23%|██▎       | 36/157 [00:19<01:10,  1.70it/s][A

 24%|██▎       | 37/157 [00:20<01:10,  1.70it/s][A

 24%|██▍       | 38/157 [00:20<01:09,  1.71it/s][A

 25%|██▍       | 39/157 [00:21<01:09,  1.70it/s][A

 25%|██▌       | 40/157 [00:21<01:08,  1.71it/s][A

 26%|██▌       | 41/157 [00:22<01:08,  1.71it/s][A

 27%|██▋       | 42/157 [00:23<01:07,  1.71it/s][A

 27%|██▋       | 43/157 [00:23<01:06,  1.71it/s][A

 28%|██▊       | 44/157 [00:24<01:06,  1.70it/s][A

 29%|██▊       | 45/157 [00:24<01:04,  1.74it/s][A

 29%|██▉       | 46/157 [00:25<01:04,  1.73it/s][A

 30%|██▉       | 47/157 [00:26<01:03,  1.72it/s][A

 31%|███       | 48/157 [00:26<01:02,  1.75it/s][A

 31%|███       | 49/157 [00:27<01:00,  1.78it/s][A

 32%|███▏      | 50/157 [00:27<00:59,  1.80it/s][A

 32%|███▏      | 51/157 [00:28<00:58,  1.81it/s][A

 33%|███▎      | 52/157 [00:28<00:59,  1.76it/s][A

 34%|███▍      | 53/157 [00:29<00:59,  1.74it/s][A

 34%|███▍      | 54/157 [00:29<00:59,  1.72it/s][A

 35%|███▌      | 55/157 [00:30<01:00,  1.70it/s][A

 36%|███▌      | 56/157 [00:31<00:59,  1.69it/s][A

 36%|███▋      | 57/157 [00:31<00:59,  1.68it/s][A

 37%|███▋      | 58/157 [00:32<00:58,  1.69it/s][A

 38%|███▊      | 59/157 [00:32<00:57,  1.69it/s][A

 38%|███▊      | 60/157 [00:33<00:56,  1.70it/s][A

 39%|███▉      | 61/157 [00:34<00:56,  1.71it/s][A

 39%|███▉      | 62/157 [00:34<00:55,  1.71it/s][A

 40%|████      | 63/157 [00:35<00:54,  1.71it/s][A

 41%|████      | 64/157 [00:35<00:54,  1.71it/s][A

 41%|████▏     | 65/157 [00:36<00:53,  1.71it/s][A

 42%|████▏     | 66/157 [00:37<00:53,  1.71it/s][A

 43%|████▎     | 67/157 [00:37<00:52,  1.71it/s][A

 43%|████▎     | 68/157 [00:38<00:51,  1.74it/s][A

 44%|████▍     | 69/157 [00:38<00:50,  1.73it/s][A

 45%|████▍     | 70/157 [00:39<00:50,  1.72it/s][A

 45%|████▌     | 71/157 [00:39<00:50,  1.72it/s][A

 46%|████▌     | 72/157 [00:40<00:49,  1.71it/s][A

 46%|████▋     | 73/157 [00:41<00:48,  1.71it/s][A

 47%|████▋     | 74/157 [00:41<00:48,  1.70it/s][A

 48%|████▊     | 75/157 [00:42<00:48,  1.71it/s][A

 48%|████▊     | 76/157 [00:42<00:47,  1.71it/s][A

 49%|████▉     | 77/157 [00:43<00:45,  1.74it/s][A

 50%|████▉     | 78/157 [00:43<00:44,  1.76it/s][A

 50%|█████     | 79/157 [00:44<00:43,  1.79it/s][A

 51%|█████     | 80/157 [00:45<00:42,  1.81it/s][A

 52%|█████▏    | 81/157 [00:45<00:41,  1.83it/s][A

 52%|█████▏    | 82/157 [00:46<00:40,  1.84it/s][A

 53%|█████▎    | 83/157 [00:46<00:39,  1.85it/s][A

 54%|█████▎    | 84/157 [00:47<00:39,  1.83it/s][A

 54%|█████▍    | 85/157 [00:47<00:40,  1.77it/s][A

 55%|█████▍    | 86/157 [00:48<00:41,  1.73it/s][A

 55%|█████▌    | 87/157 [00:49<00:40,  1.71it/s][A

 56%|█████▌    | 88/157 [00:49<00:40,  1.69it/s][A

 57%|█████▋    | 89/157 [00:50<00:40,  1.68it/s][A

 57%|█████▋    | 90/157 [00:50<00:40,  1.67it/s][A

 58%|█████▊    | 91/157 [00:51<00:39,  1.69it/s][A

 59%|█████▊    | 92/157 [00:52<00:38,  1.70it/s][A

 59%|█████▉    | 93/157 [00:52<00:37,  1.71it/s][A

 60%|█████▉    | 94/157 [00:53<00:36,  1.71it/s][A

 61%|██████    | 95/157 [00:53<00:36,  1.72it/s][A

 61%|██████    | 96/157 [00:54<00:35,  1.73it/s][A

 62%|██████▏   | 97/157 [00:54<00:34,  1.73it/s][A

 62%|██████▏   | 98/157 [00:55<00:34,  1.73it/s][A

 63%|██████▎   | 99/157 [00:56<00:33,  1.74it/s][A

 64%|██████▎   | 100/157 [00:56<00:32,  1.74it/s][A

 64%|██████▍   | 101/157 [00:57<00:32,  1.74it/s][A

 65%|██████▍   | 102/157 [00:57<00:31,  1.74it/s][A

 66%|██████▌   | 103/157 [00:58<00:30,  1.75it/s][A

 66%|██████▌   | 104/157 [00:58<00:30,  1.76it/s][A

 67%|██████▋   | 105/157 [00:59<00:29,  1.77it/s][A

 68%|██████▊   | 106/157 [01:00<00:28,  1.76it/s][A

 68%|██████▊   | 107/157 [01:00<00:28,  1.76it/s][A

 69%|██████▉   | 108/157 [01:01<00:27,  1.76it/s][A

 69%|██████▉   | 109/157 [01:01<00:27,  1.76it/s][A

 70%|███████   | 110/157 [01:02<00:26,  1.76it/s][A

 71%|███████   | 111/157 [01:02<00:26,  1.76it/s][A

 71%|███████▏  | 112/157 [01:03<00:25,  1.77it/s][A

 72%|███████▏  | 113/157 [01:03<00:24,  1.79it/s][A

 73%|███████▎  | 114/157 [01:04<00:24,  1.79it/s][A

 73%|███████▎  | 115/157 [01:05<00:23,  1.78it/s][A

 74%|███████▍  | 116/157 [01:05<00:23,  1.78it/s][A

 75%|███████▍  | 117/157 [01:06<00:22,  1.78it/s][A

 75%|███████▌  | 118/157 [01:06<00:21,  1.80it/s][A

 76%|███████▌  | 119/157 [01:07<00:21,  1.81it/s][A

 76%|███████▋  | 120/157 [01:07<00:20,  1.82it/s][A

 77%|███████▋  | 121/157 [01:08<00:19,  1.83it/s][A

 78%|███████▊  | 122/157 [01:08<00:19,  1.82it/s][A

 78%|███████▊  | 123/157 [01:09<00:18,  1.83it/s][A

 79%|███████▉  | 124/157 [01:10<00:18,  1.83it/s][A

 80%|███████▉  | 125/157 [01:10<00:17,  1.84it/s][A

 80%|████████  | 126/157 [01:11<00:16,  1.84it/s][A

 81%|████████  | 127/157 [01:11<00:16,  1.84it/s][A

 82%|████████▏ | 128/157 [01:12<00:15,  1.82it/s][A

 82%|████████▏ | 129/157 [01:12<00:15,  1.80it/s][A

 83%|████████▎ | 130/157 [01:13<00:15,  1.78it/s][A

 83%|████████▎ | 131/157 [01:13<00:14,  1.77it/s][A

 84%|████████▍ | 132/157 [01:14<00:14,  1.76it/s][A

 85%|████████▍ | 133/157 [01:15<00:13,  1.75it/s][A

 85%|████████▌ | 134/157 [01:15<00:13,  1.74it/s][A

 86%|████████▌ | 135/157 [01:16<00:12,  1.74it/s][A

 87%|████████▋ | 136/157 [01:16<00:12,  1.74it/s][A

 87%|████████▋ | 137/157 [01:17<00:11,  1.73it/s][A

 88%|████████▊ | 138/157 [01:17<00:10,  1.73it/s][A

 89%|████████▊ | 139/157 [01:18<00:10,  1.73it/s][A

 89%|████████▉ | 140/157 [01:19<00:09,  1.72it/s][A

 90%|████████▉ | 141/157 [01:19<00:09,  1.72it/s][A

 90%|█████████ | 142/157 [01:20<00:08,  1.73it/s][A

 91%|█████████ | 143/157 [01:20<00:08,  1.73it/s][A

 92%|█████████▏| 144/157 [01:21<00:07,  1.73it/s][A

 92%|█████████▏| 145/157 [01:22<00:06,  1.73it/s][A

 93%|█████████▎| 146/157 [01:22<00:06,  1.73it/s][A

 94%|█████████▎| 147/157 [01:23<00:05,  1.73it/s][A

 94%|█████████▍| 148/157 [01:23<00:05,  1.73it/s][A

 95%|█████████▍| 149/157 [01:24<00:04,  1.73it/s][A

 96%|█████████▌| 150/157 [01:24<00:04,  1.73it/s][A

 96%|█████████▌| 151/157 [01:25<00:03,  1.73it/s][A

 97%|█████████▋| 152/157 [01:26<00:02,  1.73it/s][A

 97%|█████████▋| 153/157 [01:26<00:02,  1.73it/s][A

 98%|█████████▊| 154/157 [01:27<00:01,  1.73it/s][A

 99%|█████████▊| 155/157 [01:27<00:01,  1.72it/s][A

 99%|█████████▉| 156/157 [01:28<00:00,  1.72it/s][A

100%|██████████| 157/157 [01:28<00:00,  1.94it/s][A
                                                      

                                                 
[A{'eval_loss': 5.637243747711182, 'eval_runtime': 89.361, 'eval_samples_per_second': 55.953, 'eval_steps_per_second': 1.757, 'epoch': 0.01}

  1%|          | 364/60627 [16:29<20:11:08,  1.21s/it]

100%|██████████| 157/157 [01:28<00:00,  1.94it/s][A

                                                 [A
                                                      
{'train_runtime': 992.688, 'train_samples_per_second': 1954.353, 'train_steps_per_second': 61.074, 'train_loss': 6.309215100256951, 'epoch': 0.01}

  1%|          | 364/60627 [16:32<20:11:08,  1.21s/it]
  1%|          | 364/60627 [16:32<45:39:07,  2.73s/it]
Running final evaluation on the test split...

  0%|          | 0/157 [00:00<?, ?it/s]
  1%|▏         | 2/157 [00:00<00:20,  7.68it/s]
  2%|▏         | 3/157 [00:00<00:28,  5.39it/s]
  3%|▎         | 4/157 [00:00<00:32,  4.68it/s]
  3%|▎         | 5/157 [00:01<00:35,  4.33it/s]
  4%|▍         | 6/157 [00:01<00:36,  4.16it/s]
  4%|▍         | 7/157 [00:01<00:36,  4.07it/s]
  5%|▌         | 8/157 [00:01<00:37,  4.00it/s]
  6%|▌         | 9/157 [00:02<00:37,  3.95it/s]
  6%|▋         | 10/157 [00:02<00:37,  3.89it/s]
  7%|▋         | 11/157 [00:02<00:37,  3.86it/s]
  8%|▊         | 12/157 [00:02<00:37,  3.83it/s]
  8%|▊         | 13/157 [00:03<00:37,  3.81it/s]
  9%|▉         | 14/157 [00:03<00:37,  3.85it/s]
 10%|▉         | 15/157 [00:03<00:36,  3.84it/s]
 10%|█         | 16/157 [00:03<00:36,  3.84it/s]
 11%|█         | 17/157 [00:04<00:36,  3.84it/s]
 11%|█▏        | 18/157 [00:04<00:36,  3.83it/s]
 12%|█▏        | 19/157 [00:04<00:36,  3.83it/s]
 13%|█▎        | 20/157 [00:04<00:35,  3.86it/s]
 13%|█▎        | 21/157 [00:05<00:35,  3.85it/s]
 14%|█▍        | 22/157 [00:05<00:35,  3.85it/s]
 15%|█▍        | 23/157 [00:05<00:34,  3.85it/s]
 15%|█▌        | 24/157 [00:05<00:34,  3.85it/s]
 16%|█▌        | 25/157 [00:06<00:34,  3.85it/s]
 17%|█▋        | 26/157 [00:06<00:34,  3.85it/s]
 17%|█▋        | 27/157 [00:06<00:33,  3.84it/s]
 18%|█▊        | 28/157 [00:07<00:33,  3.84it/s]
 18%|█▊        | 29/157 [00:07<00:33,  3.84it/s]
 19%|█▉        | 30/157 [00:07<00:33,  3.84it/s]
 20%|█▉        | 31/157 [00:07<00:32,  3.85it/s]
 20%|██        | 32/157 [00:08<00:32,  3.85it/s]
 21%|██        | 33/157 [00:08<00:32,  3.84it/s]
 22%|██▏       | 34/157 [00:08<00:32,  3.83it/s]
 22%|██▏       | 35/157 [00:08<00:31,  3.83it/s]
 23%|██▎       | 36/157 [00:09<00:31,  3.82it/s]
 24%|██▎       | 37/157 [00:09<00:31,  3.82it/s]
 24%|██▍       | 38/157 [00:09<00:31,  3.82it/s]
 25%|██▍       | 39/157 [00:09<00:30,  3.82it/s]
 25%|██▌       | 40/157 [00:10<00:30,  3.83it/s]
 26%|██▌       | 41/157 [00:10<00:30,  3.83it/s]
 27%|██▋       | 42/157 [00:10<00:30,  3.83it/s]
 27%|██▋       | 43/157 [00:10<00:29,  3.83it/s]
 28%|██▊       | 44/157 [00:11<00:29,  3.83it/s]
 29%|██▊       | 45/157 [00:11<00:29,  3.86it/s]
 29%|██▉       | 46/157 [00:11<00:28,  3.84it/s]
 30%|██▉       | 47/157 [00:11<00:28,  3.84it/s]
 31%|███       | 48/157 [00:12<00:28,  3.87it/s]
 31%|███       | 49/157 [00:12<00:27,  3.89it/s]
 32%|███▏      | 50/157 [00:12<00:27,  3.91it/s]
 32%|███▏      | 51/157 [00:13<00:27,  3.91it/s]
 33%|███▎      | 52/157 [00:13<00:27,  3.89it/s]
 34%|███▍      | 53/157 [00:13<00:26,  3.86it/s]
 34%|███▍      | 54/157 [00:13<00:26,  3.86it/s]
 35%|███▌      | 55/157 [00:14<00:26,  3.85it/s]
 36%|███▌      | 56/157 [00:14<00:26,  3.86it/s]
 36%|███▋      | 57/157 [00:14<00:25,  3.87it/s]
 37%|███▋      | 58/157 [00:14<00:25,  3.86it/s]
 38%|███▊      | 59/157 [00:15<00:25,  3.85it/s]
 38%|███▊      | 60/157 [00:15<00:25,  3.86it/s]
 39%|███▉      | 61/157 [00:15<00:24,  3.86it/s]
 39%|███▉      | 62/157 [00:15<00:24,  3.85it/s]
 40%|████      | 63/157 [00:16<00:24,  3.85it/s]
 41%|████      | 64/157 [00:16<00:24,  3.84it/s]
 41%|████▏     | 65/157 [00:16<00:23,  3.84it/s]
 42%|████▏     | 66/157 [00:16<00:23,  3.84it/s]
 43%|████▎     | 67/157 [00:17<00:23,  3.84it/s]
 43%|████▎     | 68/157 [00:17<00:22,  3.87it/s]
 44%|████▍     | 69/157 [00:17<00:22,  3.86it/s]
 45%|████▍     | 70/157 [00:17<00:22,  3.85it/s]
 45%|████▌     | 71/157 [00:18<00:22,  3.84it/s]
 46%|████▌     | 72/157 [00:18<00:22,  3.83it/s]
 46%|████▋     | 73/157 [00:18<00:21,  3.85it/s]
 47%|████▋     | 74/157 [00:18<00:21,  3.87it/s]
 48%|████▊     | 75/157 [00:19<00:21,  3.89it/s]
 48%|████▊     | 76/157 [00:19<00:20,  3.89it/s]
 49%|████▉     | 77/157 [00:19<00:20,  3.91it/s]
 50%|████▉     | 78/157 [00:20<00:20,  3.92it/s]
 50%|█████     | 79/157 [00:20<00:19,  3.93it/s]
 51%|█████     | 80/157 [00:20<00:19,  3.93it/s]
 52%|█████▏    | 81/157 [00:20<00:19,  3.93it/s]
 52%|█████▏    | 82/157 [00:21<00:19,  3.94it/s]
 53%|█████▎    | 83/157 [00:21<00:18,  3.93it/s]
 54%|█████▎    | 84/157 [00:21<00:18,  3.94it/s]
 54%|█████▍    | 85/157 [00:21<00:18,  3.90it/s]
 55%|█████▍    | 86/157 [00:22<00:18,  3.88it/s]
 55%|█████▌    | 87/157 [00:22<00:17,  3.91it/s]
 56%|█████▌    | 88/157 [00:22<00:17,  3.89it/s]
 57%|█████▋    | 89/157 [00:22<00:17,  3.87it/s]
 57%|█████▋    | 90/157 [00:23<00:17,  3.87it/s]
 58%|█████▊    | 91/157 [00:23<00:17,  3.87it/s]
 59%|█████▊    | 92/157 [00:23<00:16,  3.86it/s]
 59%|█████▉    | 93/157 [00:23<00:16,  3.87it/s]
 60%|█████▉    | 94/157 [00:24<00:16,  3.87it/s]
 61%|██████    | 95/157 [00:24<00:15,  3.90it/s]
 61%|██████    | 96/157 [00:24<00:15,  3.92it/s]
 62%|██████▏   | 97/157 [00:24<00:15,  3.92it/s]
 62%|██████▏   | 98/157 [00:25<00:15,  3.93it/s]
 63%|██████▎   | 99/157 [00:25<00:14,  3.96it/s]
 64%|██████▎   | 100/157 [00:25<00:14,  3.97it/s]
 64%|██████▍   | 101/157 [00:25<00:14,  3.98it/s]
 65%|██████▍   | 102/157 [00:26<00:13,  3.98it/s]
 66%|██████▌   | 103/157 [00:26<00:13,  3.99it/s]
 66%|██████▌   | 104/157 [00:26<00:13,  4.00it/s]
 67%|██████▋   | 105/157 [00:26<00:12,  4.02it/s]
 68%|██████▊   | 106/157 [00:27<00:12,  3.98it/s]
 68%|██████▊   | 107/157 [00:27<00:12,  3.97it/s]
 69%|██████▉   | 108/157 [00:27<00:12,  3.97it/s]
 69%|██████▉   | 109/157 [00:27<00:12,  3.96it/s]
 70%|███████   | 110/157 [00:28<00:11,  3.97it/s]
 71%|███████   | 111/157 [00:28<00:11,  3.99it/s]
 71%|███████▏  | 112/157 [00:28<00:11,  4.01it/s]
 72%|███████▏  | 113/157 [00:28<00:10,  4.03it/s]
 73%|███████▎  | 114/157 [00:29<00:10,  4.04it/s]
 73%|███████▎  | 115/157 [00:29<00:10,  4.04it/s]
 74%|███████▍  | 116/157 [00:29<00:10,  4.03it/s]
 75%|███████▍  | 117/157 [00:29<00:09,  4.04it/s]
 75%|███████▌  | 118/157 [00:30<00:09,  4.05it/s]
 76%|███████▌  | 119/157 [00:30<00:09,  4.05it/s]
 76%|███████▋  | 120/157 [00:30<00:09,  4.06it/s]
 77%|███████▋  | 121/157 [00:30<00:08,  4.06it/s]
 78%|███████▊  | 122/157 [00:31<00:08,  4.06it/s]
 78%|███████▊  | 123/157 [00:31<00:08,  4.06it/s]
 79%|███████▉  | 124/157 [00:31<00:08,  4.07it/s]
 80%|███████▉  | 125/157 [00:31<00:07,  4.08it/s]
 80%|████████  | 126/157 [00:32<00:07,  4.08it/s]
 81%|████████  | 127/157 [00:32<00:07,  4.08it/s]
 82%|████████▏ | 128/157 [00:32<00:07,  4.06it/s]
 82%|████████▏ | 129/157 [00:32<00:06,  4.02it/s]
 83%|████████▎ | 130/157 [00:33<00:06,  3.99it/s]
 83%|████████▎ | 131/157 [00:33<00:06,  3.94it/s]
 84%|████████▍ | 132/157 [00:33<00:06,  3.90it/s]
 85%|████████▍ | 133/157 [00:33<00:06,  3.88it/s]
 85%|████████▌ | 134/157 [00:34<00:05,  3.87it/s]
 86%|████████▌ | 135/157 [00:34<00:05,  3.86it/s]
 87%|████████▋ | 136/157 [00:34<00:05,  3.86it/s]
 87%|████████▋ | 137/157 [00:34<00:05,  3.86it/s]
 88%|████████▊ | 138/157 [00:35<00:04,  3.88it/s]
 89%|████████▊ | 139/157 [00:35<00:04,  3.89it/s]
 89%|████████▉ | 140/157 [00:35<00:04,  3.88it/s]
 90%|████████▉ | 141/157 [00:35<00:04,  3.86it/s]
 90%|█████████ | 142/157 [00:36<00:03,  3.87it/s]
 91%|█████████ | 143/157 [00:36<00:03,  3.87it/s]
 92%|█████████▏| 144/157 [00:36<00:03,  3.89it/s]
 92%|█████████▏| 145/157 [00:36<00:03,  3.88it/s]
 93%|█████████▎| 146/157 [00:37<00:02,  3.87it/s]
 94%|█████████▎| 147/157 [00:37<00:02,  3.86it/s]
 94%|█████████▍| 148/157 [00:37<00:02,  3.85it/s]
 95%|█████████▍| 149/157 [00:38<00:02,  3.84it/s]
 96%|█████████▌| 150/157 [00:38<00:01,  3.84it/s]
 96%|█████████▌| 151/157 [00:38<00:01,  3.85it/s]
 97%|█████████▋| 152/157 [00:38<00:01,  3.86it/s]
 97%|█████████▋| 153/157 [00:39<00:01,  3.87it/s]
 98%|█████████▊| 154/157 [00:39<00:00,  3.86it/s]
 99%|█████████▊| 155/157 [00:39<00:00,  3.85it/s]
 99%|█████████▉| 156/157 [00:39<00:00,  3.84it/s]
100%|██████████| 157/157 [00:40<00:00,  4.23it/s]
100%|██████████| 157/157 [00:40<00:00,  3.92it/s]
Final evaluation results: {'eval_loss': 5.637243747711182, 'eval_runtime': 40.3333, 'eval_samples_per_second': 123.967, 'eval_steps_per_second': 3.893, 'epoch': 0.006003925643690105}
Final Eval Loss: 5.6372 | Perplexity: 280.69
Train 593.2s, eval 399.7s (40.3% of the loop), optimizer steps 364, microbatches 728, tokens seen 5963776
Saved comparison plot to artifacts/comparison.svg
Saved experiment artifacts to artifacts/baseline
Prompt: Тильзитский мир - 
Completion:  — бывший философскую партию.

Расписание 
В феврале 2006 года был снят:

Гидогор, Дмитрий Кашка.

Описание 
В честь 
В 2007 году, в том числе в России и в Москве.

В феврале 2023 года полковник В. И. И. И., С. А. П., В. М. Б., М. В. С. Богдаков : Изд-во АН СССР, 1994.

В апреле 1943 года — на основе ОАО «Омие»,

С
Prompt: Деревня Сно - 
Completion:  «Босгашк» () — село в Квареве
  — название «Ува» (Бонак)
  — «Рай» (Киновград) — название «Болодк»
  — «Сит-Вон» — «Мая»
  — «Сверные в России»
  — «Эра» — В. А. Лозеро, Ж. В. Чолов, «Космос».

См. также 

 М. «А. А. К. Похта», «Ан
Prompt: 14 восьмитысячников - 
Completion: ,,,  —  или  астероидные,,,,,  и —,,,  —,,  —  —,,,  —  —,,  — 
  
 
 
  
  
  
 
  
 
  
  
  
  
  
  
  
  

 
 
  
  
 
  
  

  
  
  
  
  
 
  
  
  
  
  
  
  
  
  
  

Prompt: Евразийство становится - 
Completion:  «Лег и» — «Така» — с целью, «Атлантый» и «Овный бун» (, «Пьск».

Примечания

Ссылки 
 

Участники Белинско-Сан-Мюртипе.
Имеш А. П. А., Ж., Д. А. К., М., 1964. — М., 2009. — Т., 2007. — С. 171.
 

А. И., А. Н. История
 А. В. Л., 2008.
Saved generations to artifacts/baseline
