
==========
== CUDA ==
==========

CUDA Version 11.8.0

Container image Copyright (c) 2016-2023, NVIDIA CORPORATION & AFFILIATES. All rights reserved.

This container image and its contents are governed by the NVIDIA Deep Learning Container License.
By pulling and using the container, you accept the terms and conditions of this license:
https://developer.nvidia.com/ngc/nvidia-deep-learning-container-license

A copy of this license is made available in this container at /NGC-DL-CONTAINER-LICENSE for your convenience.

Tokenized dataset is ready in ./output_dir
Created artifacts/lr_1e3
Tokenized dataset is ready in ./output_dir
Loading 32 parquet shards...
Training samples: 1940063
Validation samples: 5000
Model pad token id: 2
Total params: 960,881,664

  0%|          | 0/60627 [00:00<?, ?it/s]
  0%|          | 1/60627 [00:01<32:17:14,  1.92s/it]
                                                    
{'loss': 11.217, 'grad_norm': 4.59375, 'learning_rate': 0.0, 'epoch': 0.0}

  0%|          | 1/60627 [00:01<32:17:14,  1.92s/it]
  0%|          | 2/60627 [00:02<20:31:16,  1.22s/it]{'loss': 11.2199, 'grad_norm': 5.09375, 'learning_rate': 2e-05, 'epoch': 0.0}

                                                    

  0%|          | 2/60627 [00:02<20:31:16,  1.22s/it]
  0%|          | 3/60627 [00:03<16:48:54,  1.00it/s]
                                                    
{'loss': 11.1919, 'grad_norm': 4.6875, 'learning_rate': 4e-05, 'epoch': 0.0}

  0%|          | 3/60627 [00:03<16:48:54,  1.00it/s]
  0%|          | 4/60627 [00:04<15:01:40,  1.12it/s]
                                                    
{'loss': 11.0307, 'grad_norm': 5.28125, 'learning_rate': 6e-05, 'epoch': 0.0}

  0%|          | 4/60627 [00:04<15:01:40,  1.12it/s]
  0%|          | 5/60627 [00:04<14:07:23,  1.19it/s]{'loss': 10.715, 'grad_norm': 5.3125, 'learning_rate': 8e-05, 'epoch': 0.0}

                                                    

  0%|          | 5/60627 [00:04<14:07:23,  1.19it/s]
  0%|          | 6/60627 [00:05<13:29:25,  1.25it/s]
                                                    
{'loss': 10.7471, 'grad_norm': 17.625, 'learning_rate': 0.0001, 'epoch': 0.0}

  0%|          | 6/60627 [00:05<13:29:25,  1.25it/s]
  0%|          | 7/60627 [00:06<13:05:55,  1.29it/s]
                                                    
{'loss': 10.4625, 'grad_norm': 15.0625, 'learning_rate': 0.00012, 'epoch': 0.0}

  0%|          | 7/60627 [00:06<13:05:55,  1.29it/s]
  0%|          | 8/60627 [00:07<12:51:59,  1.31it/s]
                                                    
{'loss': 10.417, 'grad_norm': 5.53125, 'learning_rate': 0.00014000000000000001, 'epoch': 0.0}

  0%|          | 8/60627 [00:07<12:51:59,  1.31it/s]
  0%|          | 9/60627 [00:07<12:44:44,  1.32it/s]
                                                    
{'loss': 10.2009, 'grad_norm': 5.875, 'learning_rate': 0.00016, 'epoch': 0.0}

  0%|          | 9/60627 [00:07<12:44:44,  1.32it/s]
  0%|          | 10/60627 [00:08<12:38:13,  1.33it/s]
                                                     
{'loss': 11.6156, 'grad_norm': 36.5, 'learning_rate': 0.00017999999999999998, 'epoch': 0.0}

  0%|          | 10/60627 [00:08<12:38:13,  1.33it/s]
  0%|          | 11/60627 [00:09<12:35:24,  1.34it/s]
                                                     
{'loss': 9.7365, 'grad_norm': 5.125, 'learning_rate': 0.0002, 'epoch': 0.0}

  0%|          | 11/60627 [00:09<12:35:24,  1.34it/s]
  0%|          | 12/60627 [00:10<12:30:31,  1.35it/s]
                                                     
{'loss': 9.2124, 'grad_norm': 4.875, 'learning_rate': 0.00022, 'epoch': 0.0}

  0%|          | 12/60627 [00:10<12:30:31,  1.35it/s]
  0%|          | 13/60627 [00:10<12:27:08,  1.35it/s]
                                                     
{'loss': 9.0166, 'grad_norm': 9.1875, 'learning_rate': 0.00024, 'epoch': 0.0}

  0%|          | 13/60627 [00:10<12:27:08,  1.35it/s]
  0%|          | 14/60627 [00:11<12:28:35,  1.35it/s]
                                                     
{'loss': 8.7434, 'grad_norm': 3.046875, 'learning_rate': 0.00026000000000000003, 'epoch': 0.0}

  0%|          | 14/60627 [00:11<12:28:35,  1.35it/s]
  0%|          | 15/60627 [00:12<12:26:08,  1.35it/s]{'loss': 8.45, 'grad_norm': 3.890625, 'learning_rate': 0.00028000000000000003, 'epoch': 0.0}

                                                     

  0%|          | 15/60627 [00:12<12:26:08,  1.35it/s]
  0%|          | 16/60627 [00:12<12:23:57,  1.36it/s]{'loss': 8.3644, 'grad_norm': 7.84375, 'learning_rate': 0.0003, 'epoch': 0.0}

                                                     

  0%|          | 16/60627 [00:12<12:23:57,  1.36it/s]
  0%|          | 17/60627 [00:13<12:22:19,  1.36it/s]
                                                     
{'loss': 8.3455, 'grad_norm': 3.859375, 'learning_rate': 0.00032, 'epoch': 0.0}

  0%|          | 17/60627 [00:13<12:22:19,  1.36it/s]
  0%|          | 18/60627 [00:14<12:22:54,  1.36it/s]
                                                     
{'loss': 8.3206, 'grad_norm': 2.796875, 'learning_rate': 0.00034, 'epoch': 0.0}

  0%|          | 18/60627 [00:14<12:22:54,  1.36it/s]
  0%|          | 19/60627 [00:15<12:24:02,  1.36it/s]
                                                     
{'loss': 8.1298, 'grad_norm': 2.34375, 'learning_rate': 0.00035999999999999997, 'epoch': 0.0}

  0%|          | 19/60627 [00:15<12:24:02,  1.36it/s]
  0%|          | 20/60627 [00:15<12:24:11,  1.36it/s]
                                                     
{'loss': 8.1926, 'grad_norm': 2.234375, 'learning_rate': 0.00038, 'epoch': 0.0}

  0%|          | 20/60627 [00:15<12:24:11,  1.36it/s]
  0%|          | 21/60627 [00:16<12:22:37,  1.36it/s]
                                                     
{'loss': 8.1776, 'grad_norm': 2.75, 'learning_rate': 0.0004, 'epoch': 0.0}

  0%|          | 21/60627 [00:16<12:22:37,  1.36it/s]
  0%|          | 22/60627 [00:17<12:20:26,  1.36it/s]
                                                     
{'loss': 8.306, 'grad_norm': 2.5, 'learning_rate': 0.00042, 'epoch': 0.0}

  0%|          | 22/60627 [00:17<12:20:26,  1.36it/s]
  0%|          | 23/60627 [00:18<12:19:42,  1.37it/s]{'loss': 8.1383, 'grad_norm': 1.96875, 'learning_rate': 0.00044, 'epoch': 0.0}

                                                     

  0%|          | 23/60627 [00:18<12:19:42,  1.37it/s]
  0%|          | 24/60627 [00:18<12:21:27,  1.36it/s]
                                                     
{'loss': 8.1412, 'grad_norm': 2.1875, 'learning_rate': 0.00046, 'epoch': 0.0}

  0%|          | 24/60627 [00:18<12:21:27,  1.36it/s]
  0%|          | 25/60627 [00:19<12:20:41,  1.36it/s]
                                                     
{'loss': 7.9703, 'grad_norm': 1.3046875, 'learning_rate': 0.00048, 'epoch': 0.0}

  0%|          | 25/60627 [00:19<12:20:41,  1.36it/s]
  0%|          | 26/60627 [00:20<12:21:39,  1.36it/s]
                                                     
{'loss': 8.1726, 'grad_norm': 3.0625, 'learning_rate': 0.0005, 'epoch': 0.0}

  0%|          | 26/60627 [00:20<12:21:39,  1.36it/s]
  0%|          | 27/60627 [00:21<12:22:10,  1.36it/s]
                                                     
{'loss': 8.2617, 'grad_norm': 1.8203125, 'learning_rate': 0.0005200000000000001, 'epoch': 0.0}

  0%|          | 27/60627 [00:21<12:22:10,  1.36it/s]
  0%|          | 28/60627 [00:21<12:22:40,  1.36it/s]
                                                     
{'loss': 8.14, 'grad_norm': 1.625, 'learning_rate': 0.00054, 'epoch': 0.0}

  0%|          | 28/60627 [00:21<12:22:40,  1.36it/s]
  0%|          | 29/60627 [00:22<12:24:51,  1.36it/s]
                                                     
{'loss': 8.4506, 'grad_norm': 1.8671875, 'learning_rate': 0.0005600000000000001, 'epoch': 0.0}

  0%|          | 29/60627 [00:22<12:24:51,  1.36it/s]
  0%|          | 30/60627 [00:23<12:23:51,  1.36it/s]
                                                     
{'loss': 8.0922, 'grad_norm': 1.5703125, 'learning_rate': 0.00058, 'epoch': 0.0}

  0%|          | 30/60627 [00:23<12:23:51,  1.36it/s]
  0%|          | 31/60627 [00:23<12:23:36,  1.36it/s]
                                                     
{'loss': 8.0185, 'grad_norm': 1.53125, 'learning_rate': 0.0006, 'epoch': 0.0}

  0%|          | 31/60627 [00:23<12:23:36,  1.36it/s]
  0%|          | 32/60627 [00:24<12:25:42,  1.35it/s]
                                                     
{'loss': 8.2415, 'grad_norm': 2.671875, 'learning_rate': 0.00062, 'epoch': 0.0}

  0%|          | 32/60627 [00:24<12:25:42,  1.35it/s]
  0%|          | 33/60627 [00:25<12:23:52,  1.36it/s]
                                                     
{'loss': 8.1278, 'grad_norm': 1.890625, 'learning_rate': 0.00064, 'epoch': 0.0}

  0%|          | 33/60627 [00:25<12:23:52,  1.36it/s]
  0%|          | 34/60627 [00:26<12:25:08,  1.36it/s]{'loss': 8.0538, 'grad_norm': 1.203125, 'learning_rate': 0.00066, 'epoch': 0.0}

                                                     

  0%|          | 34/60627 [00:26<12:25:08,  1.36it/s]
  0%|          | 35/60627 [00:26<12:26:50,  1.35it/s]
                                                     
{'loss': 8.0216, 'grad_norm': 2.296875, 'learning_rate': 0.00068, 'epoch': 0.0}

  0%|          | 35/60627 [00:26<12:26:50,  1.35it/s]
  0%|          | 36/60627 [00:27<12:26:36,  1.35it/s]
                                                     
{'loss': 7.9384, 'grad_norm': 3.609375, 'learning_rate': 0.0007, 'epoch': 0.0}

  0%|          | 36/60627 [00:27<12:26:36,  1.35it/s]
  0%|          | 37/60627 [00:28<12:27:13,  1.35it/s]
                                                     
{'loss': 8.0712, 'grad_norm': 2.84375, 'learning_rate': 0.0007199999999999999, 'epoch': 0.0}

  0%|          | 37/60627 [00:28<12:27:13,  1.35it/s]
  0%|          | 38/60627 [00:29<12:25:31,  1.35it/s]
                                                     
{'loss': 8.1736, 'grad_norm': 2.171875, 'learning_rate': 0.00074, 'epoch': 0.0}

  0%|          | 38/60627 [00:29<12:25:31,  1.35it/s]
  0%|          | 39/60627 [00:29<12:23:48,  1.36it/s]
                                                     
{'loss': 7.9423, 'grad_norm': 1.5703125, 'learning_rate': 0.00076, 'epoch': 0.0}

  0%|          | 39/60627 [00:29<12:23:48,  1.36it/s]
  0%|          | 40/60627 [00:30<12:26:07,  1.35it/s]
                                                     
{'loss': 7.9068, 'grad_norm': 2.375, 'learning_rate': 0.0007800000000000001, 'epoch': 0.0}

  0%|          | 40/60627 [00:30<12:26:07,  1.35it/s]
  0%|          | 41/60627 [00:31<12:23:54,  1.36it/s]
                                                     
{'loss': 7.9362, 'grad_norm': 2.046875, 'learning_rate': 0.0008, 'epoch': 0.0}

  0%|          | 41/60627 [00:31<12:23:54,  1.36it/s]
  0%|          | 42/60627 [00:32<12:25:22,  1.35it/s]
                                                     
{'loss': 8.0392, 'grad_norm': 1.921875, 'learning_rate': 0.00082, 'epoch': 0.0}

  0%|          | 42/60627 [00:32<12:25:22,  1.35it/s]
  0%|          | 43/60627 [00:32<12:23:28,  1.36it/s]
                                                     
{'loss': 8.0783, 'grad_norm': 2.46875, 'learning_rate': 0.00084, 'epoch': 0.0}

  0%|          | 43/60627 [00:32<12:23:28,  1.36it/s]
  0%|          | 44/60627 [00:33<12:22:24,  1.36it/s]{'loss': 7.7096, 'grad_norm': 1.2890625, 'learning_rate': 0.00086, 'epoch': 0.0}

                                                     

  0%|          | 44/60627 [00:33<12:22:24,  1.36it/s]
  0%|          | 45/60627 [00:34<12:22:02,  1.36it/s]{'loss': 7.8239, 'grad_norm': 1.9609375, 'learning_rate': 0.00088, 'epoch': 0.0}

                                                     

  0%|          | 45/60627 [00:34<12:22:02,  1.36it/s]
  0%|          | 46/60627 [00:35<12:23:09,  1.36it/s]{'loss': 7.6841, 'grad_norm': 1.171875, 'learning_rate': 0.0009000000000000001, 'epoch': 0.0}

                                                     

  0%|          | 46/60627 [00:35<12:23:09,  1.36it/s]
  0%|          | 47/60627 [00:35<12:22:44,  1.36it/s]{'loss': 8.0372, 'grad_norm': 1.359375, 'learning_rate': 0.00092, 'epoch': 0.0}

                                                     

  0%|          | 47/60627 [00:35<12:22:44,  1.36it/s]
  0%|          | 48/60627 [00:36<12:23:39,  1.36it/s]
                                                     
{'loss': 7.847, 'grad_norm': 2.84375, 'learning_rate': 0.00094, 'epoch': 0.0}

  0%|          | 48/60627 [00:36<12:23:39,  1.36it/s]
  0%|          | 49/60627 [00:37<12:24:39,  1.36it/s]
                                                     
{'loss': 7.9579, 'grad_norm': 1.71875, 'learning_rate': 0.00096, 'epoch': 0.0}

  0%|          | 49/60627 [00:37<12:24:39,  1.36it/s]
  0%|          | 50/60627 [00:37<12:24:45,  1.36it/s]
                                                     
{'loss': 7.8632, 'grad_norm': 1.9375, 'learning_rate': 0.00098, 'epoch': 0.0}

  0%|          | 50/60627 [00:37<12:24:45,  1.36it/s]
  0%|          | 51/60627 [00:38<12:25:42,  1.35it/s]
                                                     
{'loss': 7.6575, 'grad_norm': 2.09375, 'learning_rate': 0.001, 'epoch': 0.0}

  0%|          | 51/60627 [00:38<12:25:42,  1.35it/s]
  0%|          | 52/60627 [00:39<12:24:57,  1.36it/s]
                                                     
{'loss': 7.6663, 'grad_norm': 2.484375, 'learning_rate': 0.0009999999993276054, 'epoch': 0.0}

  0%|          | 52/60627 [00:39<12:24:57,  1.36it/s]
  0%|          | 53/60627 [00:40<12:24:13,  1.36it/s]
                                                     
{'loss': 7.6267, 'grad_norm': 2.96875, 'learning_rate': 0.0009999999973104214, 'epoch': 0.0}

  0%|          | 53/60627 [00:40<12:24:13,  1.36it/s]
  0%|          | 54/60627 [00:40<12:24:07,  1.36it/s]{'loss': 7.7381, 'grad_norm': 2.359375, 'learning_rate': 0.0009999999939484484, 'epoch': 0.0}

                                                     

  0%|          | 54/60627 [00:40<12:24:07,  1.36it/s]
  0%|          | 55/60627 [00:41<12:26:06,  1.35it/s]
                                                     
{'loss': 7.6462, 'grad_norm': 1.640625, 'learning_rate': 0.000999999989241686, 'epoch': 0.0}

  0%|          | 55/60627 [00:41<12:26:06,  1.35it/s]
  0%|          | 56/60627 [00:42<12:27:48,  1.35it/s]
                                                     
{'loss': 7.608, 'grad_norm': 1.71875, 'learning_rate': 0.0009999999831901345, 'epoch': 0.0}

  0%|          | 56/60627 [00:42<12:27:48,  1.35it/s]
  0%|          | 57/60627 [00:43<12:27:10,  1.35it/s]{'loss': 7.9098, 'grad_norm': 1.625, 'learning_rate': 0.000999999975793794, 'epoch': 0.0}

                                                     

  0%|          | 57/60627 [00:43<12:27:10,  1.35it/s]
  0%|          | 58/60627 [00:43<12:25:39,  1.35it/s]{'loss': 7.4469, 'grad_norm': 1.828125, 'learning_rate': 0.000999999967052664, 'epoch': 0.0}

                                                     

  0%|          | 58/60627 [00:43<12:25:39,  1.35it/s]
  0%|          | 59/60627 [00:44<12:25:03,  1.35it/s]{'loss': 7.2163, 'grad_norm': 1.625, 'learning_rate': 0.000999999956966745, 'epoch': 0.0}

                                                     

  0%|          | 59/60627 [00:44<12:25:03,  1.35it/s]
  0%|          | 60/60627 [00:45<12:26:57,  1.35it/s]
                                                     
{'loss': 7.6596, 'grad_norm': 1.3125, 'learning_rate': 0.0009999999455360367, 'epoch': 0.0}

  0%|          | 60/60627 [00:45<12:26:57,  1.35it/s]
  0%|          | 61/60627 [00:46<12:27:14,  1.35it/s]
                                                     
{'loss': 7.5352, 'grad_norm': 2.078125, 'learning_rate': 0.0009999999327605393, 'epoch': 0.0}

  0%|          | 61/60627 [00:46<12:27:14,  1.35it/s]
  0%|          | 62/60627 [00:46<12:26:33,  1.35it/s]
                                                     
{'loss': 7.378, 'grad_norm': 1.6328125, 'learning_rate': 0.0009999999186402532, 'epoch': 0.0}

  0%|          | 62/60627 [00:46<12:26:33,  1.35it/s]
  0%|          | 63/60627 [00:47<12:27:14,  1.35it/s]
                                                     
{'loss': 7.4679, 'grad_norm': 2.296875, 'learning_rate': 0.0009999999031751776, 'epoch': 0.0}

  0%|          | 63/60627 [00:47<12:27:14,  1.35it/s]
  0%|          | 64/60627 [00:48<12:27:07,  1.35it/s]
                                                     
{'loss': 7.7374, 'grad_norm': 1.7265625, 'learning_rate': 0.0009999998863653133, 'epoch': 0.0}

  0%|          | 64/60627 [00:48<12:27:07,  1.35it/s]
  0%|          | 65/60627 [00:49<12:28:00,  1.35it/s]{'loss': 7.3753, 'grad_norm': 1.65625, 'learning_rate': 0.00099999986821066, 'epoch': 0.0}

                                                     

  0%|          | 65/60627 [00:49<12:28:00,  1.35it/s]
  0%|          | 66/60627 [00:49<12:25:01,  1.35it/s]
                                                     
{'loss': 7.3767, 'grad_norm': 2.4375, 'learning_rate': 0.000999999848711218, 'epoch': 0.0}

  0%|          | 66/60627 [00:49<12:25:01,  1.35it/s]
  0%|          | 67/60627 [00:50<12:24:10,  1.36it/s]
                                                     
{'loss': 7.3527, 'grad_norm': 1.734375, 'learning_rate': 0.0009999998278669869, 'epoch': 0.0}

  0%|          | 67/60627 [00:50<12:24:10,  1.36it/s]
  0%|          | 68/60627 [00:51<12:24:26,  1.36it/s]
                                                     
{'loss': 7.3254, 'grad_norm': 2.96875, 'learning_rate': 0.000999999805677967, 'epoch': 0.0}

  0%|          | 68/60627 [00:51<12:24:26,  1.36it/s]
  0%|          | 69/60627 [00:52<12:26:31,  1.35it/s]
                                                     
{'loss': 7.6424, 'grad_norm': 2.21875, 'learning_rate': 0.0009999997821441584, 'epoch': 0.0}

  0%|          | 69/60627 [00:52<12:26:31,  1.35it/s]
  0%|          | 70/60627 [00:52<12:25:37,  1.35it/s]{'loss': 7.4027, 'grad_norm': 1.65625, 'learning_rate': 0.0009999997572655614, 'epoch': 0.0}

                                                     

  0%|          | 70/60627 [00:52<12:25:37,  1.35it/s]
  0%|          | 71/60627 [00:53<12:27:54,  1.35it/s]
                                                     
{'loss': 7.3418, 'grad_norm': 1.5546875, 'learning_rate': 0.0009999997310421755, 'epoch': 0.0}

  0%|          | 71/60627 [00:53<12:27:54,  1.35it/s]
  0%|          | 72/60627 [00:54<12:28:11,  1.35it/s]
                                                     
{'loss': 7.2787, 'grad_norm': 1.4296875, 'learning_rate': 0.0009999997034740014, 'epoch': 0.0}

  0%|          | 72/60627 [00:54<12:28:11,  1.35it/s]
  0%|          | 73/60627 [00:54<12:28:47,  1.35it/s]
                                                     
{'loss': 7.4058, 'grad_norm': 1.3984375, 'learning_rate': 0.0009999996745610387, 'epoch': 0.0}

  0%|          | 73/60627 [00:55<12:28:47,  1.35it/s]
  0%|          | 74/60627 [00:55<12:29:32,  1.35it/s]
                                                     
{'loss': 7.1534, 'grad_norm': 1.5703125, 'learning_rate': 0.0009999996443032875, 'epoch': 0.0}

  0%|          | 74/60627 [00:55<12:29:32,  1.35it/s]
  0%|          | 75/60627 [00:56<12:28:47,  1.35it/s]
                                                     
{'loss': 7.1116, 'grad_norm': 1.2109375, 'learning_rate': 0.000999999612700748, 'epoch': 0.0}

  0%|          | 75/60627 [00:56<12:28:47,  1.35it/s]
  0%|          | 76/60627 [00:57<12:27:36,  1.35it/s]
                                                     
{'loss': 6.8574, 'grad_norm': 1.484375, 'learning_rate': 0.0009999995797534205, 'epoch': 0.0}

  0%|          | 76/60627 [00:57<12:27:36,  1.35it/s]
  0%|          | 77/60627 [00:57<12:24:21,  1.36it/s]
                                                     
{'loss': 7.15, 'grad_norm': 1.0234375, 'learning_rate': 0.000999999545461305, 'epoch': 0.0}

  0%|          | 77/60627 [00:57<12:24:21,  1.36it/s]
  0%|          | 78/60627 [00:58<12:29:01,  1.35it/s]{'loss': 7.1782, 'grad_norm': 1.375, 'learning_rate': 0.0009999995098244011, 'epoch': 0.0}

                                                     

  0%|          | 78/60627 [00:58<12:29:01,  1.35it/s]
  0%|          | 79/60627 [00:59<12:27:49,  1.35it/s]{'loss': 6.9902, 'grad_norm': 1.28125, 'learning_rate': 0.0009999994728427095, 'epoch': 0.0}

                                                     

  0%|          | 79/60627 [00:59<12:27:49,  1.35it/s]
  0%|          | 80/60627 [01:00<12:31:11,  1.34it/s]{'loss': 7.1714, 'grad_norm': 1.4609375, 'learning_rate': 0.00099999943451623, 'epoch': 0.0}

                                                     

  0%|          | 80/60627 [01:00<12:31:11,  1.34it/s]
  0%|          | 81/60627 [01:00<12:31:18,  1.34it/s]{'loss': 7.2323, 'grad_norm': 1.015625, 'learning_rate': 0.0009999993948449628, 'epoch': 0.0}

                                                     

  0%|          | 81/60627 [01:00<12:31:18,  1.34it/s]
  0%|          | 82/60627 [01:01<12:32:59,  1.34it/s]{'loss': 7.0414, 'grad_norm': 1.1796875, 'learning_rate': 0.0009999993538289081, 'epoch': 0.0}

                                                     

  0%|          | 82/60627 [01:01<12:32:59,  1.34it/s]
  0%|          | 83/60627 [01:02<12:31:37,  1.34it/s]
                                                     
{'loss': 7.1298, 'grad_norm': 0.90625, 'learning_rate': 0.0009999993114680656, 'epoch': 0.0}

  0%|          | 83/60627 [01:02<12:31:37,  1.34it/s]
  0%|          | 84/60627 [01:03<12:33:19,  1.34it/s]
                                                     
{'loss': 7.1175, 'grad_norm': 1.6796875, 'learning_rate': 0.000999999267762436, 'epoch': 0.0}

  0%|          | 84/60627 [01:03<12:33:19,  1.34it/s]
  0%|          | 85/60627 [01:03<12:32:35,  1.34it/s]
                                                     
{'loss': 6.9627, 'grad_norm': 1.0390625, 'learning_rate': 0.000999999222712019, 'epoch': 0.0}

  0%|          | 85/60627 [01:03<12:32:35,  1.34it/s]
  0%|          | 86/60627 [01:04<12:35:45,  1.34it/s]
                                                     
{'loss': 7.1282, 'grad_norm': 1.2421875, 'learning_rate': 0.000999999176316815, 'epoch': 0.0}

  0%|          | 86/60627 [01:04<12:35:45,  1.34it/s]
  0%|          | 87/60627 [01:05<12:33:31,  1.34it/s]{'loss': 6.9484, 'grad_norm': 1.28125, 'learning_rate': 0.0009999991285768238, 'epoch': 0.0}

                                                     

  0%|          | 87/60627 [01:05<12:33:31,  1.34it/s]
  0%|          | 88/60627 [01:06<12:32:54,  1.34it/s]
                                                     
{'loss': 6.9843, 'grad_norm': 1.2109375, 'learning_rate': 0.0009999990794920457, 'epoch': 0.0}

  0%|          | 88/60627 [01:06<12:32:54,  1.34it/s]
  0%|          | 89/60627 [01:06<12:34:22,  1.34it/s]
                                                     
{'loss': 6.9676, 'grad_norm': 0.9453125, 'learning_rate': 0.000999999029062481, 'epoch': 0.0}

  0%|          | 89/60627 [01:06<12:34:22,  1.34it/s]
  0%|          | 90/60627 [01:07<12:33:02,  1.34it/s]
                                                     
{'loss': 6.4883, 'grad_norm': 1.0234375, 'learning_rate': 0.0009999989772881295, 'epoch': 0.0}

  0%|          | 90/60627 [01:07<12:33:02,  1.34it/s]
  0%|          | 91/60627 [01:08<12:33:40,  1.34it/s]
                                                     
{'loss': 7.0157, 'grad_norm': 1.1875, 'learning_rate': 0.0009999989241689915, 'epoch': 0.0}

  0%|          | 91/60627 [01:08<12:33:40,  1.34it/s]
  0%|          | 92/60627 [01:09<12:34:03,  1.34it/s]
                                                     
{'loss': 6.7065, 'grad_norm': 0.97265625, 'learning_rate': 0.0009999988697050673, 'epoch': 0.0}

  0%|          | 92/60627 [01:09<12:34:03,  1.34it/s]
  0%|          | 93/60627 [01:09<12:33:49,  1.34it/s]
                                                     
{'loss': 6.8615, 'grad_norm': 0.90625, 'learning_rate': 0.0009999988138963568, 'epoch': 0.0}

  0%|          | 93/60627 [01:09<12:33:49,  1.34it/s]
  0%|          | 94/60627 [01:10<12:33:58,  1.34it/s]{'loss': 6.5186, 'grad_norm': 1.2578125, 'learning_rate': 0.0009999987567428604, 'epoch': 0.0}

                                                     

  0%|          | 94/60627 [01:10<12:33:58,  1.34it/s]
  0%|          | 95/60627 [01:11<12:32:51,  1.34it/s]
                                                     
{'loss': 6.7765, 'grad_norm': 1.1953125, 'learning_rate': 0.0009999986982445778, 'epoch': 0.0}

  0%|          | 95/60627 [01:11<12:32:51,  1.34it/s]
  0%|          | 96/60627 [01:12<12:28:40,  1.35it/s]
                                                     
{'loss': 6.6459, 'grad_norm': 0.9296875, 'learning_rate': 0.0009999986384015096, 'epoch': 0.0}

  0%|          | 96/60627 [01:12<12:28:40,  1.35it/s]
  0%|          | 97/60627 [01:12<12:27:54,  1.35it/s]{'loss': 6.7922, 'grad_norm': 1.3671875, 'learning_rate': 0.000999998577213656, 'epoch': 0.0}

                                                     

  0%|          | 97/60627 [01:12<12:27:54,  1.35it/s]
  0%|          | 98/60627 [01:13<12:27:44,  1.35it/s]
                                                     
{'loss': 6.8718, 'grad_norm': 1.1875, 'learning_rate': 0.0009999985146810168, 'epoch': 0.0}

  0%|          | 98/60627 [01:13<12:27:44,  1.35it/s]
  0%|          | 99/60627 [01:14<12:28:45,  1.35it/s]
                                                     
{'loss': 6.7859, 'grad_norm': 1.2578125, 'learning_rate': 0.0009999984508035924, 'epoch': 0.0}

  0%|          | 99/60627 [01:14<12:28:45,  1.35it/s]
  0%|          | 100/60627 [01:15<12:28:24,  1.35it/s]
                                                      
{'loss': 6.324, 'grad_norm': 1.4375, 'learning_rate': 0.0009999983855813828, 'epoch': 0.0}

  0%|          | 100/60627 [01:15<12:28:24,  1.35it/s]

  0%|          | 0/157 [00:00<?, ?it/s][A

  1%|▏         | 2/157 [00:00<00:19,  7.90it/s][A

  2%|▏         | 3/157 [00:00<00:28,  5.50it/s][A

  3%|▎         | 4/157 [00:00<00:32,  4.75it/s][A

  3%|▎         | 5/157 [00:01<00:34,  4.38it/s][A

  4%|▍         | 6/157 [00:01<00:35,  4.20it/s][A

  4%|▍         | 7/157 [00:01<00:36,  4.11it/s][A

  5%|▌         | 8/157 [00:01<00:36,  4.04it/s][A

  6%|▌         | 9/157 [00:02<00:37,  3.99it/s][A

  6%|▋         | 10/157 [00:02<00:37,  3.96it/s][A

  7%|▋         | 11/157 [00:02<00:37,  3.92it/s][A

  8%|▊         | 12/157 [00:02<00:37,  3.90it/s][A

  8%|▊         | 13/157 [00:03<00:37,  3.89it/s][A

  9%|▉         | 14/157 [00:03<00:36,  3.91it/s][A

 10%|▉         | 15/157 [00:03<00:36,  3.89it/s][A

 10%|█         | 16/157 [00:03<00:36,  3.87it/s][A

 11%|█         | 17/157 [00:04<00:36,  3.87it/s][A

 11%|█▏        | 18/157 [00:04<00:35,  3.87it/s][A

 12%|█▏        | 19/157 [00:04<00:35,  3.86it/s][A

 13%|█▎        | 20/157 [00:04<00:35,  3.89it/s][A

 13%|█▎        | 21/157 [00:05<00:35,  3.87it/s][A

 14%|█▍        | 22/157 [00:05<00:34,  3.87it/s][A

 15%|█▍        | 23/157 [00:05<00:34,  3.87it/s][A

 15%|█▌        | 24/157 [00:05<00:34,  3.87it/s][A

 16%|█▌        | 25/157 [00:06<00:34,  3.86it/s][A

 17%|█▋        | 26/157 [00:06<00:33,  3.87it/s][A

 17%|█▋        | 27/157 [00:06<00:33,  3.86it/s][A

 18%|█▊        | 28/157 [00:06<00:33,  3.86it/s][A

 18%|█▊        | 29/157 [00:07<00:33,  3.86it/s][A

 19%|█▉        | 30/157 [00:07<00:32,  3.86it/s][A

 20%|█▉        | 31/157 [00:07<00:32,  3.86it/s][A

 20%|██        | 32/157 [00:08<00:32,  3.86it/s][A

 21%|██        | 33/157 [00:08<00:32,  3.86it/s][A

 22%|██▏       | 34/157 [00:08<00:31,  3.85it/s][A

 22%|██▏       | 35/157 [00:08<00:31,  3.85it/s][A

 23%|██▎       | 36/157 [00:09<00:31,  3.85it/s][A

 24%|██▎       | 37/157 [00:09<00:31,  3.85it/s][A

 24%|██▍       | 38/157 [00:09<00:30,  3.84it/s][A

 25%|██▍       | 39/157 [00:09<00:30,  3.84it/s][A

 25%|██▌       | 40/157 [00:10<00:30,  3.85it/s][A

 26%|██▌       | 41/157 [00:10<00:30,  3.85it/s][A

 27%|██▋       | 42/157 [00:10<00:29,  3.85it/s][A

 27%|██▋       | 43/157 [00:10<00:29,  3.84it/s][A

 28%|██▊       | 44/157 [00:11<00:29,  3.85it/s][A

 29%|██▊       | 45/157 [00:11<00:28,  3.88it/s][A

 29%|██▉       | 46/157 [00:11<00:28,  3.87it/s][A

 30%|██▉       | 47/157 [00:11<00:28,  3.86it/s][A

 31%|███       | 48/157 [00:12<00:28,  3.89it/s][A

 31%|███       | 49/157 [00:12<00:27,  3.91it/s][A

 32%|███▏      | 50/157 [00:12<00:27,  3.93it/s][A

 32%|███▏      | 51/157 [00:12<00:26,  3.93it/s][A

 33%|███▎      | 52/157 [00:13<00:26,  3.91it/s][A

 34%|███▍      | 53/157 [00:13<00:26,  3.89it/s][A

 34%|███▍      | 54/157 [00:13<00:26,  3.88it/s][A

 35%|███▌      | 55/157 [00:13<00:26,  3.87it/s][A

 36%|███▌      | 56/157 [00:14<00:26,  3.88it/s][A

 36%|███▋      | 57/157 [00:14<00:25,  3.89it/s][A

 37%|███▋      | 58/157 [00:14<00:25,  3.88it/s][A

 38%|███▊      | 59/157 [00:14<00:25,  3.88it/s][A

 38%|███▊      | 60/157 [00:15<00:25,  3.88it/s][A

 39%|███▉      | 61/157 [00:15<00:24,  3.88it/s][A

 39%|███▉      | 62/157 [00:15<00:24,  3.87it/s][A

 40%|████      | 63/157 [00:16<00:24,  3.86it/s][A

 41%|████      | 64/157 [00:16<00:24,  3.86it/s][A

 41%|████▏     | 65/157 [00:16<00:23,  3.86it/s][A

 42%|████▏     | 66/157 [00:16<00:23,  3.86it/s][A

 43%|████▎     | 67/157 [00:17<00:23,  3.86it/s][A

 43%|████▎     | 68/157 [00:17<00:22,  3.89it/s][A

 44%|████▍     | 69/157 [00:17<00:22,  3.87it/s][A

 45%|████▍     | 70/157 [00:17<00:22,  3.87it/s][A

 45%|████▌     | 71/157 [00:18<00:22,  3.85it/s][A

 46%|████▌     | 72/157 [00:18<00:22,  3.84it/s][A

 46%|████▋     | 73/157 [00:18<00:21,  3.86it/s][A

 47%|████▋     | 74/157 [00:18<00:21,  3.89it/s][A

 48%|████▊     | 75/157 [00:19<00:20,  3.91it/s][A

 48%|████▊     | 76/157 [00:19<00:20,  3.91it/s][A

 49%|████▉     | 77/157 [00:19<00:20,  3.93it/s][A

 50%|████▉     | 78/157 [00:19<00:20,  3.93it/s][A

 50%|█████     | 79/157 [00:20<00:19,  3.94it/s][A

 51%|█████     | 80/157 [00:20<00:19,  3.94it/s][A

 52%|█████▏    | 81/157 [00:20<00:19,  3.95it/s][A

 52%|█████▏    | 82/157 [00:20<00:18,  3.95it/s][A

 53%|█████▎    | 83/157 [00:21<00:18,  3.95it/s][A

 54%|█████▎    | 84/157 [00:21<00:18,  3.95it/s][A

 54%|█████▍    | 85/157 [00:21<00:18,  3.91it/s][A

 55%|█████▍    | 86/157 [00:21<00:18,  3.90it/s][A

 55%|█████▌    | 87/157 [00:22<00:17,  3.92it/s][A

 56%|█████▌    | 88/157 [00:22<00:17,  3.91it/s][A

 57%|█████▋    | 89/157 [00:22<00:17,  3.90it/s][A

 57%|█████▋    | 90/157 [00:22<00:17,  3.88it/s][A

 58%|█████▊    | 91/157 [00:23<00:17,  3.88it/s][A

 59%|█████▊    | 92/157 [00:23<00:16,  3.88it/s][A

 59%|█████▉    | 93/157 [00:23<00:16,  3.89it/s][A

 60%|█████▉    | 94/157 [00:23<00:16,  3.88it/s][A

 61%|██████    | 95/157 [00:24<00:15,  3.91it/s][A

 61%|██████    | 96/157 [00:24<00:15,  3.93it/s][A

 62%|██████▏   | 97/157 [00:24<00:15,  3.92it/s][A

 62%|██████▏   | 98/157 [00:24<00:14,  3.94it/s][A

 63%|██████▎   | 99/157 [00:25<00:14,  3.97it/s][A

 64%|██████▎   | 100/157 [00:25<00:14,  3.99it/s][A

 64%|██████▍   | 101/157 [00:25<00:14,  3.99it/s][A

 65%|██████▍   | 102/157 [00:25<00:13,  3.99it/s][A

 66%|██████▌   | 103/157 [00:26<00:13,  4.00it/s][A

 66%|██████▌   | 104/157 [00:26<00:13,  4.01it/s][A

 67%|██████▋   | 105/157 [00:26<00:12,  4.03it/s][A

 68%|██████▊   | 106/157 [00:26<00:12,  4.00it/s][A

 68%|██████▊   | 107/157 [00:27<00:12,  3.99it/s][A

 69%|██████▉   | 108/157 [00:27<00:12,  3.99it/s][A

 69%|██████▉   | 109/157 [00:27<00:12,  3.97it/s][A

 70%|███████   | 110/157 [00:27<00:11,  3.99it/s][A

 71%|███████   | 111/157 [00:28<00:11,  4.01it/s][A

 71%|███████▏  | 112/157 [00:28<00:11,  4.02it/s][A

 72%|███████▏  | 113/157 [00:28<00:10,  4.03it/s][A

 73%|███████▎  | 114/157 [00:28<00:10,  4.04it/s][A

 73%|███████▎  | 115/157 [00:29<00:10,  4.04it/s][A

 74%|███████▍  | 116/157 [00:29<00:10,  4.04it/s][A

 75%|███████▍  | 117/157 [00:29<00:09,  4.04it/s][A

 75%|███████▌  | 118/157 [00:29<00:09,  4.05it/s][A

 76%|███████▌  | 119/157 [00:30<00:09,  4.05it/s][A

 76%|███████▋  | 120/157 [00:30<00:09,  4.06it/s][A

 77%|███████▋  | 121/157 [00:30<00:08,  4.07it/s][A

 78%|███████▊  | 122/157 [00:30<00:08,  4.07it/s][A

 78%|███████▊  | 123/157 [00:31<00:08,  4.07it/s][A

 79%|███████▉  | 124/157 [00:31<00:08,  4.08it/s][A

 80%|███████▉  | 125/157 [00:31<00:07,  4.09it/s][A

 80%|████████  | 126/157 [00:31<00:07,  4.10it/s][A

 81%|████████  | 127/157 [00:32<00:07,  4.10it/s][A

 82%|████████▏ | 128/157 [00:32<00:07,  4.07it/s][A

 82%|████████▏ | 129/157 [00:32<00:06,  4.04it/s][A

 83%|████████▎ | 130/157 [00:32<00:06,  4.00it/s][A

 83%|████████▎ | 131/157 [00:33<00:06,  3.95it/s][A

 84%|████████▍ | 132/157 [00:33<00:06,  3.91it/s][A

 85%|████████▍ | 133/157 [00:33<00:06,  3.89it/s][A

 85%|████████▌ | 134/157 [00:33<00:05,  3.88it/s][A

 86%|████████▌ | 135/157 [00:34<00:05,  3.87it/s][A

 87%|████████▋ | 136/157 [00:34<00:05,  3.87it/s][A

 87%|████████▋ | 137/157 [00:34<00:05,  3.87it/s][A

 88%|████████▊ | 138/157 [00:34<00:04,  3.88it/s][A

 89%|████████▊ | 139/157 [00:35<00:04,  3.89it/s][A

 89%|████████▉ | 140/157 [00:35<00:04,  3.88it/s][A

 90%|████████▉ | 141/157 [00:35<00:04,  3.87it/s][A

 90%|█████████ | 142/157 [00:36<00:03,  3.87it/s][A

 91%|█████████ | 143/157 [00:36<00:03,  3.88it/s][A

 92%|█████████▏| 144/157 [00:36<00:03,  3.89it/s][A

 92%|█████████▏| 145/157 [00:36<00:03,  3.89it/s][A

 93%|█████████▎| 146/157 [00:37<00:02,  3.88it/s][A

 94%|█████████▎| 147/157 [00:37<00:02,  3.87it/s][A

 94%|█████████▍| 148/157 [00:37<00:02,  3.86it/s][A

 95%|█████████▍| 149/157 [00:37<00:02,  3.85it/s][A

 96%|█████████▌| 150/157 [00:38<00:01,  3.85it/s][A

 96%|█████████▌| 151/157 [00:38<00:01,  3.87it/s][A

 97%|█████████▋| 152/157 [00:38<00:01,  3.87it/s][A

 97%|█████████▋| 153/157 [00:38<00:01,  3.87it/s][A

 98%|█████████▊| 154/157 [00:39<00:00,  3.87it/s][A

 99%|█████████▊| 155/157 [00:39<00:00,  3.86it/s][A

 99%|█████████▉| 156/157 [00:39<00:00,  3.85it/s][A

100%|██████████| 157/157 [00:39<00:00,  4.16it/s][A
                                                      

                                                 
[A{'eval_loss': 7.120638847351074, 'eval_runtime': 40.2195, 'eval_samples_per_second': 124.318, 'eval_steps_per_second': 3.904, 'epoch': 0.0}

  0%|          | 100/60627 [01:55<12:28:24,  1.35it/s]

100%|██████████| 157/157 [00:39<00:00,  4.16it/s][A

                                                 [A
  0%|          | 101/60627 [01:58<226:40:51, 13.48s/it]
                                                       
{'loss': 7.0422, 'grad_norm': 1.0546875, 'learning_rate': 0.0009999983190143885, 'epoch': 0.0}

  0%|          | 101/60627 [01:58<226:40:51, 13.48s/it]
  0%|          | 102/60627 [01:59<162:26:56,  9.66s/it]{'loss': 6.683, 'grad_norm': 1.078125, 'learning_rate': 0.0009999982511026094, 'epoch': 0.0}

                                                       

  0%|          | 102/60627 [01:59<162:26:56,  9.66s/it]
  0%|          | 103/60627 [01:59<117:26:12,  6.99s/it]
                                                       
{'loss': 6.6933, 'grad_norm': 1.2578125, 'learning_rate': 0.0009999981818460458, 'epoch': 0.0}

  0%|          | 103/60627 [01:59<117:26:12,  6.99s/it]
  0%|          | 104/60627 [02:00<85:59:38,  5.12s/it] 
                                                      
{'loss': 6.6976, 'grad_norm': 1.03125, 'learning_rate': 0.0009999981112446977, 'epoch': 0.0}

  0%|          | 104/60627 [02:00<85:59:38,  5.12s/it]
  0%|          | 105/60627 [02:01<63:58:12,  3.81s/it]
                                                      
{'loss': 6.4856, 'grad_norm': 1.6171875, 'learning_rate': 0.0009999980392985655, 'epoch': 0.0}

  0%|          | 105/60627 [02:01<63:58:12,  3.81s/it]
  0%|          | 106/60627 [02:02<48:31:02,  2.89s/it]
                                                      
{'loss': 6.7618, 'grad_norm': 1.2734375, 'learning_rate': 0.0009999979660076494, 'epoch': 0.0}

  0%|          | 106/60627 [02:02<48:31:02,  2.89s/it]
  0%|          | 107/60627 [02:02<37:44:49,  2.25s/it]
                                                      
{'loss': 6.8095, 'grad_norm': 1.046875, 'learning_rate': 0.0009999978913719494, 'epoch': 0.0}

  0%|          | 107/60627 [02:02<37:44:49,  2.25s/it]
  0%|          | 108/60627 [02:03<30:11:28,  1.80s/it]{'loss': 6.7376, 'grad_norm': 1.375, 'learning_rate': 0.000999997815391466, 'epoch': 0.0}

                                                      

  0%|          | 108/60627 [02:03<30:11:28,  1.80s/it]
  0%|          | 109/60627 [02:04<24:52:22,  1.48s/it]{'loss': 6.5066, 'grad_norm': 0.890625, 'learning_rate': 0.0009999977380661992, 'epoch': 0.0}

                                                      

  0%|          | 109/60627 [02:04<24:52:22,  1.48s/it]
  0%|          | 110/60627 [02:05<21:09:08,  1.26s/it]
                                                      
{'loss': 6.6865, 'grad_norm': 1.2890625, 'learning_rate': 0.000999997659396149, 'epoch': 0.0}

  0%|          | 110/60627 [02:05<21:09:08,  1.26s/it]
  0%|          | 111/60627 [02:05<18:33:24,  1.10s/it]{'loss': 6.6265, 'grad_norm': 1.0078125, 'learning_rate': 0.000999997579381316, 'epoch': 0.0}

                                                      

  0%|          | 111/60627 [02:05<18:33:24,  1.10s/it]
  0%|          | 112/60627 [02:06<16:45:33,  1.00it/s]{'loss': 6.5739, 'grad_norm': 0.8984375, 'learning_rate': 0.0009999974980217004, 'epoch': 0.0}

                                                      

  0%|          | 112/60627 [02:06<16:45:33,  1.00it/s]
  0%|          | 113/60627 [02:07<15:28:28,  1.09it/s]
                                                      
{'loss': 6.2073, 'grad_norm': 1.140625, 'learning_rate': 0.0009999974153173023, 'epoch': 0.0}

  0%|          | 113/60627 [02:07<15:28:28,  1.09it/s]
  0%|          | 114/60627 [02:07<14:34:50,  1.15it/s]
                                                      
{'loss': 6.4543, 'grad_norm': 0.96875, 'learning_rate': 0.0009999973312681217, 'epoch': 0.0}

  0%|          | 114/60627 [02:08<14:34:50,  1.15it/s]
  0%|          | 115/60627 [02:08<13:57:42,  1.20it/s]
                                                      
{'loss': 6.354, 'grad_norm': 1.0859375, 'learning_rate': 0.0009999972458741592, 'epoch': 0.0}

  0%|          | 115/60627 [02:08<13:57:42,  1.20it/s]
  0%|          | 116/60627 [02:09<13:33:43,  1.24it/s]
                                                      
{'loss': 6.4426, 'grad_norm': 1.03125, 'learning_rate': 0.0009999971591354148, 'epoch': 0.0}

  0%|          | 116/60627 [02:09<13:33:43,  1.24it/s]
  0%|          | 117/60627 [02:10<13:16:56,  1.27it/s]
                                                      
{'loss': 6.5311, 'grad_norm': 0.9609375, 'learning_rate': 0.0009999970710518888, 'epoch': 0.0}

  0%|          | 117/60627 [02:10<13:16:56,  1.27it/s]
  0%|          | 118/60627 [02:10<13:02:17,  1.29it/s]
                                                      
{'loss': 6.6321, 'grad_norm': 0.9453125, 'learning_rate': 0.0009999969816235814, 'epoch': 0.0}

  0%|          | 118/60627 [02:10<13:02:17,  1.29it/s]
  0%|          | 119/60627 [02:11<12:54:46,  1.30it/s]
                                                      
{'loss': 6.8374, 'grad_norm': 1.25, 'learning_rate': 0.000999996890850493, 'epoch': 0.0}

  0%|          | 119/60627 [02:11<12:54:46,  1.30it/s]
  0%|          | 120/60627 [02:12<12:50:35,  1.31it/s]
                                                      
{'loss': 6.6607, 'grad_norm': 0.80859375, 'learning_rate': 0.0009999967987326236, 'epoch': 0.0}

  0%|          | 120/60627 [02:12<12:50:35,  1.31it/s]
  0%|          | 121/60627 [02:13<12:43:30,  1.32it/s]
                                                      
{'loss': 6.4192, 'grad_norm': 1.390625, 'learning_rate': 0.0009999967052699737, 'epoch': 0.0}

  0%|          | 121/60627 [02:13<12:43:30,  1.32it/s]
  0%|          | 122/60627 [02:13<12:41:19,  1.32it/s]
                                                      
{'loss': 6.4798, 'grad_norm': 1.0390625, 'learning_rate': 0.0009999966104625433, 'epoch': 0.0}

  0%|          | 122/60627 [02:13<12:41:19,  1.32it/s]
  0%|          | 123/60627 [02:14<12:37:53,  1.33it/s]
                                                      
{'loss': 6.1865, 'grad_norm': 1.203125, 'learning_rate': 0.0009999965143103328, 'epoch': 0.0}

  0%|          | 123/60627 [02:14<12:37:53,  1.33it/s]
  0%|          | 124/60627 [02:15<12:38:25,  1.33it/s]
                                                      
{'loss': 6.6098, 'grad_norm': 0.98046875, 'learning_rate': 0.0009999964168133425, 'epoch': 0.0}

  0%|          | 124/60627 [02:15<12:38:25,  1.33it/s]
  0%|          | 125/60627 [02:16<12:37:36,  1.33it/s]
                                                      
{'loss': 6.2606, 'grad_norm': 1.1484375, 'learning_rate': 0.0009999963179715722, 'epoch': 0.0}

  0%|          | 125/60627 [02:16<12:37:36,  1.33it/s]
  0%|          | 126/60627 [02:16<12:38:24,  1.33it/s]
                                                      
{'loss': 6.3915, 'grad_norm': 0.828125, 'learning_rate': 0.000999996217785023, 'epoch': 0.0}

  0%|          | 126/60627 [02:16<12:38:24,  1.33it/s]
  0%|          | 127/60627 [02:17<12:36:34,  1.33it/s]
                                                      
{'loss': 6.3719, 'grad_norm': 1.234375, 'learning_rate': 0.0009999961162536948, 'epoch': 0.0}

  0%|          | 127/60627 [02:17<12:36:34,  1.33it/s]
  0%|          | 128/60627 [02:18<12:37:31,  1.33it/s]
                                                      
{'loss': 6.2669, 'grad_norm': 0.921875, 'learning_rate': 0.0009999960133775874, 'epoch': 0.0}

  0%|          | 128/60627 [02:18<12:37:31,  1.33it/s]
  0%|          | 129/60627 [02:19<12:38:04,  1.33it/s]
                                                      
{'loss': 6.5128, 'grad_norm': 1.2421875, 'learning_rate': 0.0009999959091567018, 'epoch': 0.0}

  0%|          | 129/60627 [02:19<12:38:04,  1.33it/s]
  0%|          | 130/60627 [02:19<12:35:28,  1.33it/s]
                                                      
{'loss': 6.3679, 'grad_norm': 1.2421875, 'learning_rate': 0.000999995803591038, 'epoch': 0.0}

  0%|          | 130/60627 [02:19<12:35:28,  1.33it/s]
  0%|          | 131/60627 [02:20<12:34:40,  1.34it/s]{'loss': 6.4922, 'grad_norm': 0.77734375, 'learning_rate': 0.000999995696680596, 'epoch': 0.0}

                                                      

  0%|          | 131/60627 [02:20<12:34:40,  1.34it/s]
  0%|          | 132/60627 [02:21<12:32:30,  1.34it/s]
                                                      
{'loss': 5.9749, 'grad_norm': 1.4140625, 'learning_rate': 0.0009999955884253764, 'epoch': 0.0}

  0%|          | 132/60627 [02:21<12:32:30,  1.34it/s]
  0%|          | 133/60627 [02:22<12:35:10,  1.34it/s]
                                                      
{'loss': 6.1505, 'grad_norm': 1.0, 'learning_rate': 0.0009999954788253794, 'epoch': 0.0}

  0%|          | 133/60627 [02:22<12:35:10,  1.34it/s]
  0%|          | 134/60627 [02:22<12:32:44,  1.34it/s]
                                                      
{'loss': 6.1679, 'grad_norm': 0.95703125, 'learning_rate': 0.0009999953678806054, 'epoch': 0.0}

  0%|          | 134/60627 [02:22<12:32:44,  1.34it/s]
  0%|          | 135/60627 [02:23<12:36:20,  1.33it/s]
                                                      
{'loss': 6.2773, 'grad_norm': 1.1328125, 'learning_rate': 0.0009999952555910547, 'epoch': 0.0}

  0%|          | 135/60627 [02:23<12:36:20,  1.33it/s]
  0%|          | 136/60627 [02:24<12:37:58,  1.33it/s]
                                                      
{'loss': 6.4339, 'grad_norm': 0.875, 'learning_rate': 0.0009999951419567272, 'epoch': 0.0}

  0%|          | 136/60627 [02:24<12:37:58,  1.33it/s]
  0%|          | 137/60627 [02:25<12:37:35,  1.33it/s]
                                                      
{'loss': 6.0919, 'grad_norm': 1.125, 'learning_rate': 0.000999995026977624, 'epoch': 0.0}

  0%|          | 137/60627 [02:25<12:37:35,  1.33it/s]
  0%|          | 138/60627 [02:25<12:36:10,  1.33it/s]{'loss': 6.0535, 'grad_norm': 1.046875, 'learning_rate': 0.0009999949106537444, 'epoch': 0.0}

                                                      

  0%|          | 138/60627 [02:25<12:36:10,  1.33it/s]
  0%|          | 139/60627 [02:26<12:35:08,  1.34it/s]
                                                      
{'loss': 6.0168, 'grad_norm': 1.0234375, 'learning_rate': 0.0009999947929850896, 'epoch': 0.0}

  0%|          | 139/60627 [02:26<12:35:08,  1.34it/s]
  0%|          | 140/60627 [02:27<12:32:12,  1.34it/s]
                                                      
{'loss': 6.2669, 'grad_norm': 0.984375, 'learning_rate': 0.0009999946739716594, 'epoch': 0.0}

  0%|          | 140/60627 [02:27<12:32:12,  1.34it/s]
  0%|          | 141/60627 [02:28<12:34:10,  1.34it/s]
                                                      
{'loss': 6.2758, 'grad_norm': 0.79296875, 'learning_rate': 0.0009999945536134545, 'epoch': 0.0}

  0%|          | 141/60627 [02:28<12:34:10,  1.34it/s]
  0%|          | 142/60627 [02:28<12:32:58,  1.34it/s]
                                                      
{'loss': 6.078, 'grad_norm': 1.0234375, 'learning_rate': 0.0009999944319104748, 'epoch': 0.0}

  0%|          | 142/60627 [02:28<12:32:58,  1.34it/s]
  0%|          | 143/60627 [02:29<12:33:52,  1.34it/s]{'loss': 6.2056, 'grad_norm': 0.8828125, 'learning_rate': 0.000999994308862721, 'epoch': 0.0}

                                                      

  0%|          | 143/60627 [02:29<12:33:52,  1.34it/s]
  0%|          | 144/60627 [02:30<12:34:56,  1.34it/s]
                                                      
{'loss': 6.1086, 'grad_norm': 1.0234375, 'learning_rate': 0.0009999941844701932, 'epoch': 0.0}

  0%|          | 144/60627 [02:30<12:34:56,  1.34it/s]
  0%|          | 145/60627 [02:31<12:38:43,  1.33it/s]
                                                      
{'loss': 6.4879, 'grad_norm': 1.1640625, 'learning_rate': 0.0009999940587328915, 'epoch': 0.0}

  0%|          | 145/60627 [02:31<12:38:43,  1.33it/s]
  0%|          | 146/60627 [02:31<12:39:21,  1.33it/s]{'loss': 6.114, 'grad_norm': 0.84765625, 'learning_rate': 0.0009999939316508168, 'epoch': 0.0}

                                                      

  0%|          | 146/60627 [02:31<12:39:21,  1.33it/s]
  0%|          | 147/60627 [02:32<12:37:33,  1.33it/s]
                                                      
{'loss': 6.0599, 'grad_norm': 0.9609375, 'learning_rate': 0.0009999938032239693, 'epoch': 0.0}

  0%|          | 147/60627 [02:32<12:37:33,  1.33it/s]
  0%|          | 148/60627 [02:33<12:35:30,  1.33it/s]
                                                      
{'loss': 5.8378, 'grad_norm': 0.99609375, 'learning_rate': 0.0009999936734523492, 'epoch': 0.0}

  0%|          | 148/60627 [02:33<12:35:30,  1.33it/s]
  0%|          | 149/60627 [02:34<12:35:37,  1.33it/s]
                                                      
{'loss': 6.1068, 'grad_norm': 0.83984375, 'learning_rate': 0.0009999935423359568, 'epoch': 0.0}

  0%|          | 149/60627 [02:34<12:35:37,  1.33it/s]
  0%|          | 150/60627 [02:34<12:35:09,  1.33it/s]
                                                      
{'loss': 6.1329, 'grad_norm': 1.28125, 'learning_rate': 0.0009999934098747923, 'epoch': 0.0}

  0%|          | 150/60627 [02:34<12:35:09,  1.33it/s]
  0%|          | 151/60627 [02:35<12:32:59,  1.34it/s]
                                                      
{'loss': 5.9425, 'grad_norm': 1.0234375, 'learning_rate': 0.0009999932760688566, 'epoch': 0.0}

  0%|          | 151/60627 [02:35<12:32:59,  1.34it/s]
  0%|          | 152/60627 [02:36<12:34:56,  1.34it/s]
                                                      
{'loss': 6.1941, 'grad_norm': 0.8359375, 'learning_rate': 0.0009999931409181496, 'epoch': 0.0}

  0%|          | 152/60627 [02:36<12:34:56,  1.34it/s]
  0%|          | 153/60627 [02:37<12:36:51,  1.33it/s]
                                                      
{'loss': 6.1466, 'grad_norm': 1.015625, 'learning_rate': 0.0009999930044226719, 'epoch': 0.0}

  0%|          | 153/60627 [02:37<12:36:51,  1.33it/s]
  0%|          | 154/60627 [02:37<12:38:46,  1.33it/s]
                                                      
{'loss': 5.9921, 'grad_norm': 0.7265625, 'learning_rate': 0.0009999928665824236, 'epoch': 0.0}

  0%|          | 154/60627 [02:37<12:38:46,  1.33it/s]
  0%|          | 155/60627 [02:38<12:36:55,  1.33it/s]{'loss': 6.0626, 'grad_norm': 1.203125, 'learning_rate': 0.0009999927273974052, 'epoch': 0.0}

                                                      

  0%|          | 155/60627 [02:38<12:36:55,  1.33it/s]
  0%|          | 156/60627 [02:39<12:33:41,  1.34it/s]
                                                      
{'loss': 6.1594, 'grad_norm': 0.88671875, 'learning_rate': 0.0009999925868676173, 'epoch': 0.0}

  0%|          | 156/60627 [02:39<12:33:41,  1.34it/s]
  0%|          | 157/60627 [02:40<12:35:16,  1.33it/s]
                                                      
{'loss': 5.9303, 'grad_norm': 0.96484375, 'learning_rate': 0.00099999244499306, 'epoch': 0.0}

  0%|          | 157/60627 [02:40<12:35:16,  1.33it/s]
  0%|          | 158/60627 [02:40<12:35:37,  1.33it/s]{'loss': 6.109, 'grad_norm': 1.03125, 'learning_rate': 0.000999992301773734, 'epoch': 0.0}

                                                      

  0%|          | 158/60627 [02:40<12:35:37,  1.33it/s]
  0%|          | 159/60627 [02:41<12:34:55,  1.33it/s]
                                                      
{'loss': 5.9494, 'grad_norm': 1.265625, 'learning_rate': 0.0009999921572096393, 'epoch': 0.0}

  0%|          | 159/60627 [02:41<12:34:55,  1.33it/s]
  0%|          | 160/60627 [02:42<12:36:39,  1.33it/s]{'loss': 5.9588, 'grad_norm': 1.1640625, 'learning_rate': 0.0009999920113007764, 'epoch': 0.0}

                                                      

  0%|          | 160/60627 [02:42<12:36:39,  1.33it/s]
  0%|          | 161/60627 [02:43<12:32:41,  1.34it/s]
                                                      
{'loss': 5.9539, 'grad_norm': 0.984375, 'learning_rate': 0.0009999918640471459, 'epoch': 0.0}

  0%|          | 161/60627 [02:43<12:32:41,  1.34it/s]
  0%|          | 162/60627 [02:43<12:30:19,  1.34it/s]{'loss': 5.8747, 'grad_norm': 0.984375, 'learning_rate': 0.000999991715448748, 'epoch': 0.0}

                                                      

  0%|          | 162/60627 [02:43<12:30:19,  1.34it/s]
  0%|          | 163/60627 [02:44<12:30:29,  1.34it/s]
                                                      
{'loss': 6.2303, 'grad_norm': 0.92578125, 'learning_rate': 0.0009999915655055829, 'epoch': 0.0}

  0%|          | 163/60627 [02:44<12:30:29,  1.34it/s]
  0%|          | 164/60627 [02:45<12:30:58,  1.34it/s]{'loss': 5.7983, 'grad_norm': 0.83984375, 'learning_rate': 0.0009999914142176515, 'epoch': 0.0}

                                                      

  0%|          | 164/60627 [02:45<12:30:58,  1.34it/s]
  0%|          | 165/60627 [02:46<12:34:18,  1.34it/s]
                                                      
{'loss': 6.186, 'grad_norm': 0.8984375, 'learning_rate': 0.0009999912615849538, 'epoch': 0.0}

  0%|          | 165/60627 [02:46<12:34:18,  1.34it/s]
  0%|          | 166/60627 [02:46<12:35:47,  1.33it/s]
                                                      
{'loss': 6.1878, 'grad_norm': 1.0234375, 'learning_rate': 0.0009999911076074904, 'epoch': 0.0}

  0%|          | 166/60627 [02:46<12:35:47,  1.33it/s]
  0%|          | 167/60627 [02:47<12:35:12,  1.33it/s]{'loss': 6.2102, 'grad_norm': 0.79296875, 'learning_rate': 0.0009999909522852618, 'epoch': 0.0}

                                                      

  0%|          | 167/60627 [02:47<12:35:12,  1.33it/s]
  0%|          | 168/60627 [02:48<12:35:17,  1.33it/s]
                                                      
{'loss': 6.0331, 'grad_norm': 0.96484375, 'learning_rate': 0.0009999907956182682, 'epoch': 0.0}

  0%|          | 168/60627 [02:48<12:35:17,  1.33it/s]
  0%|          | 169/60627 [02:49<12:35:47,  1.33it/s]
                                                      
{'loss': 6.0623, 'grad_norm': 0.79296875, 'learning_rate': 0.00099999063760651, 'epoch': 0.0}

  0%|          | 169/60627 [02:49<12:35:47,  1.33it/s]
  0%|          | 170/60627 [02:49<12:35:57,  1.33it/s]
                                                      
{'loss': 5.624, 'grad_norm': 0.7265625, 'learning_rate': 0.0009999904782499879, 'epoch': 0.0}

  0%|          | 170/60627 [02:49<12:35:57,  1.33it/s]
  0%|          | 171/60627 [02:50<12:36:39,  1.33it/s]{'loss': 6.2036, 'grad_norm': 0.78125, 'learning_rate': 0.000999990317548702, 'epoch': 0.0}

                                                      

  0%|          | 171/60627 [02:50<12:36:39,  1.33it/s]
  0%|          | 172/60627 [02:51<12:38:40,  1.33it/s]
                                                      
{'loss': 6.1711, 'grad_norm': 0.85546875, 'learning_rate': 0.0009999901555026532, 'epoch': 0.0}

  0%|          | 172/60627 [02:51<12:38:40,  1.33it/s]
  0%|          | 173/60627 [02:52<12:41:05,  1.32it/s]
                                                      
{'loss': 5.8865, 'grad_norm': 0.703125, 'learning_rate': 0.0009999899921118414, 'epoch': 0.0}

  0%|          | 173/60627 [02:52<12:41:05,  1.32it/s]
  0%|          | 174/60627 [02:52<12:39:39,  1.33it/s]{'loss': 6.1258, 'grad_norm': 0.859375, 'learning_rate': 0.0009999898273762673, 'epoch': 0.0}

                                                      

  0%|          | 174/60627 [02:52<12:39:39,  1.33it/s]
  0%|          | 175/60627 [02:53<12:40:08,  1.33it/s]
                                                      
{'loss': 5.9726, 'grad_norm': 0.76953125, 'learning_rate': 0.0009999896612959314, 'epoch': 0.0}

  0%|          | 175/60627 [02:53<12:40:08,  1.33it/s]
  0%|          | 176/60627 [02:54<12:38:07,  1.33it/s]
                                                      
{'loss': 5.8838, 'grad_norm': 0.8203125, 'learning_rate': 0.0009999894938708337, 'epoch': 0.0}

  0%|          | 176/60627 [02:54<12:38:07,  1.33it/s]
  0%|          | 177/60627 [02:55<12:38:40,  1.33it/s]
                                                      
{'loss': 6.4071, 'grad_norm': 0.78125, 'learning_rate': 0.0009999893251009756, 'epoch': 0.0}

  0%|          | 177/60627 [02:55<12:38:40,  1.33it/s]
  0%|          | 178/60627 [02:55<12:38:16,  1.33it/s]
                                                      
{'loss': 5.4346, 'grad_norm': 1.0625, 'learning_rate': 0.0009999891549863566, 'epoch': 0.0}

  0%|          | 178/60627 [02:55<12:38:16,  1.33it/s]
  0%|          | 179/60627 [02:56<12:37:02,  1.33it/s]
                                                      
{'loss': 5.7798, 'grad_norm': 0.7421875, 'learning_rate': 0.0009999889835269776, 'epoch': 0.0}

  0%|          | 179/60627 [02:56<12:37:02,  1.33it/s]
  0%|          | 180/60627 [02:57<12:39:39,  1.33it/s]
                                                      
{'loss': 5.9788, 'grad_norm': 1.0234375, 'learning_rate': 0.000999988810722839, 'epoch': 0.0}

  0%|          | 180/60627 [02:57<12:39:39,  1.33it/s]
  0%|          | 181/60627 [02:58<12:36:16,  1.33it/s]{'loss': 5.7105, 'grad_norm': 0.91796875, 'learning_rate': 0.0009999886365739412, 'epoch': 0.0}

                                                      

  0%|          | 181/60627 [02:58<12:36:16,  1.33it/s]
  0%|          | 182/60627 [02:58<12:36:54,  1.33it/s]
                                                      
{'loss': 6.337, 'grad_norm': 0.84375, 'learning_rate': 0.0009999884610802847, 'epoch': 0.0}

  0%|          | 182/60627 [02:58<12:36:54,  1.33it/s]
  0%|          | 183/60627 [02:59<12:37:14,  1.33it/s]
                                                      
{'loss': 5.8589, 'grad_norm': 0.72265625, 'learning_rate': 0.00099998828424187, 'epoch': 0.0}

  0%|          | 183/60627 [02:59<12:37:14,  1.33it/s]
  0%|          | 184/60627 [03:00<12:38:32,  1.33it/s]
                                                      
{'loss': 5.849, 'grad_norm': 0.79296875, 'learning_rate': 0.0009999881060586977, 'epoch': 0.0}

  0%|          | 184/60627 [03:00<12:38:32,  1.33it/s]
  0%|          | 185/60627 [03:01<12:36:12,  1.33it/s]
                                                      
{'loss': 5.7572, 'grad_norm': 0.8984375, 'learning_rate': 0.000999987926530768, 'epoch': 0.0}

  0%|          | 185/60627 [03:01<12:36:12,  1.33it/s]
  0%|          | 186/60627 [03:01<12:35:13,  1.33it/s]
                                                      
{'loss': 5.8007, 'grad_norm': 0.83984375, 'learning_rate': 0.0009999877456580816, 'epoch': 0.0}

  0%|          | 186/60627 [03:01<12:35:13,  1.33it/s]
  0%|          | 187/60627 [03:02<12:33:42,  1.34it/s]{'loss': 5.8035, 'grad_norm': 0.87890625, 'learning_rate': 0.0009999875634406391, 'epoch': 0.0}

                                                      

  0%|          | 187/60627 [03:02<12:33:42,  1.34it/s]
  0%|          | 188/60627 [03:03<12:37:57,  1.33it/s]
                                                      
{'loss': 6.0603, 'grad_norm': 0.87109375, 'learning_rate': 0.0009999873798784405, 'epoch': 0.0}

  0%|          | 188/60627 [03:03<12:37:57,  1.33it/s]
  0%|          | 189/60627 [03:04<12:38:24,  1.33it/s]
                                                      
{'loss': 5.8246, 'grad_norm': 1.0390625, 'learning_rate': 0.0009999871949714868, 'epoch': 0.0}

  0%|          | 189/60627 [03:04<12:38:24,  1.33it/s]
  0%|          | 190/60627 [03:04<12:37:06,  1.33it/s]
                                                      
{'loss': 5.996, 'grad_norm': 1.234375, 'learning_rate': 0.0009999870087197783, 'epoch': 0.0}

  0%|          | 190/60627 [03:04<12:37:06,  1.33it/s]
  0%|          | 191/60627 [03:05<12:40:11,  1.33it/s]{'loss': 5.8021, 'grad_norm': 1.0234375, 'learning_rate': 0.0009999868211233154, 'epoch': 0.0}

                                                      

  0%|          | 191/60627 [03:05<12:40:11,  1.33it/s]
  0%|          | 192/60627 [03:06<12:37:47,  1.33it/s]
                                                      
{'loss': 5.7681, 'grad_norm': 0.83203125, 'learning_rate': 0.0009999866321820988, 'epoch': 0.0}

  0%|          | 192/60627 [03:06<12:37:47,  1.33it/s]
  0%|          | 193/60627 [03:07<12:34:15,  1.34it/s]
                                                      
{'loss': 5.5081, 'grad_norm': 0.7734375, 'learning_rate': 0.0009999864418961286, 'epoch': 0.0}

  0%|          | 193/60627 [03:07<12:34:15,  1.34it/s]
  0%|          | 194/60627 [03:07<12:33:07,  1.34it/s]{'loss': 5.1857, 'grad_norm': 0.84765625, 'learning_rate': 0.000999986250265406, 'epoch': 0.0}

                                                      

  0%|          | 194/60627 [03:07<12:33:07,  1.34it/s]
  0%|          | 195/60627 [03:08<12:34:25,  1.34it/s]
                                                      
{'loss': 5.5155, 'grad_norm': 0.76171875, 'learning_rate': 0.000999986057289931, 'epoch': 0.0}

  0%|          | 195/60627 [03:08<12:34:25,  1.34it/s]
  0%|          | 196/60627 [03:09<12:35:01,  1.33it/s]
                                                      
{'loss': 5.8783, 'grad_norm': 0.76171875, 'learning_rate': 0.0009999858629697043, 'epoch': 0.0}

  0%|          | 196/60627 [03:09<12:35:01,  1.33it/s]
  0%|          | 197/60627 [03:10<12:37:53,  1.33it/s]
                                                      
{'loss': 5.9902, 'grad_norm': 0.6484375, 'learning_rate': 0.0009999856673047263, 'epoch': 0.0}

  0%|          | 197/60627 [03:10<12:37:53,  1.33it/s]
  0%|          | 198/60627 [03:10<12:37:22,  1.33it/s]
                                                      
{'loss': 5.6886, 'grad_norm': 0.9375, 'learning_rate': 0.0009999854702949977, 'epoch': 0.0}

  0%|          | 198/60627 [03:11<12:37:22,  1.33it/s]
  0%|          | 199/60627 [03:11<12:36:30,  1.33it/s]
                                                      
{'loss': 5.7609, 'grad_norm': 0.80078125, 'learning_rate': 0.0009999852719405188, 'epoch': 0.0}

  0%|          | 199/60627 [03:11<12:36:30,  1.33it/s]
  0%|          | 200/60627 [03:12<12:37:12,  1.33it/s]
                                                      
{'loss': 5.6957, 'grad_norm': 0.76171875, 'learning_rate': 0.0009999850722412905, 'epoch': 0.0}

  0%|          | 200/60627 [03:12<12:37:12,  1.33it/s]

  0%|          | 0/157 [00:00<?, ?it/s][A

  1%|▏         | 2/157 [00:00<00:20,  7.66it/s][A

  2%|▏         | 3/157 [00:00<00:28,  5.41it/s][A

  3%|▎         | 4/157 [00:00<00:32,  4.69it/s][A

  3%|▎         | 5/157 [00:01<00:34,  4.35it/s][A

  4%|▍         | 6/157 [00:01<00:36,  4.17it/s][A

  4%|▍         | 7/157 [00:01<00:36,  4.07it/s][A

  5%|▌         | 8/157 [00:01<00:37,  4.01it/s][A

  6%|▌         | 9/157 [00:02<00:37,  3.96it/s][A

  6%|▋         | 10/157 [00:02<00:37,  3.92it/s][A

  7%|▋         | 11/157 [00:02<00:37,  3.89it/s][A

  8%|▊         | 12/157 [00:02<00:37,  3.88it/s][A

  8%|▊         | 13/157 [00:03<00:37,  3.86it/s][A

  9%|▉         | 14/157 [00:03<00:36,  3.88it/s][A

 10%|▉         | 15/157 [00:03<00:36,  3.87it/s][A

 10%|█         | 16/157 [00:03<00:36,  3.85it/s][A

 11%|█         | 17/157 [00:04<00:36,  3.85it/s][A

 11%|█▏        | 18/157 [00:04<00:36,  3.84it/s][A

 12%|█▏        | 19/157 [00:04<00:35,  3.84it/s][A

 13%|█▎        | 20/157 [00:04<00:35,  3.87it/s][A

 13%|█▎        | 21/157 [00:05<00:35,  3.85it/s][A

 14%|█▍        | 22/157 [00:05<00:35,  3.85it/s][A

 15%|█▍        | 23/157 [00:05<00:34,  3.85it/s][A

 15%|█▌        | 24/157 [00:05<00:34,  3.85it/s][A

 16%|█▌        | 25/157 [00:06<00:34,  3.84it/s][A

 17%|█▋        | 26/157 [00:06<00:34,  3.85it/s][A

 17%|█▋        | 27/157 [00:06<00:33,  3.84it/s][A

 18%|█▊        | 28/157 [00:07<00:33,  3.83it/s][A

 18%|█▊        | 29/157 [00:07<00:33,  3.83it/s][A

 19%|█▉        | 30/157 [00:07<00:33,  3.83it/s][A

 20%|█▉        | 31/157 [00:07<00:32,  3.83it/s][A

 20%|██        | 32/157 [00:08<00:32,  3.84it/s][A

 21%|██        | 33/157 [00:08<00:32,  3.84it/s][A

 22%|██▏       | 34/157 [00:08<00:32,  3.84it/s][A

 22%|██▏       | 35/157 [00:08<00:31,  3.83it/s][A

 23%|██▎       | 36/157 [00:09<00:31,  3.81it/s][A

 24%|██▎       | 37/157 [00:09<00:31,  3.80it/s][A

 24%|██▍       | 38/157 [00:09<00:31,  3.80it/s][A

 25%|██▍       | 39/157 [00:09<00:31,  3.79it/s][A

 25%|██▌       | 40/157 [00:10<00:30,  3.81it/s][A

 26%|██▌       | 41/157 [00:10<00:30,  3.81it/s][A

 27%|██▋       | 42/157 [00:10<00:30,  3.81it/s][A

 27%|██▋       | 43/157 [00:10<00:29,  3.81it/s][A

 28%|██▊       | 44/157 [00:11<00:29,  3.81it/s][A

 29%|██▊       | 45/157 [00:11<00:29,  3.85it/s][A

 29%|██▉       | 46/157 [00:11<00:28,  3.84it/s][A

 30%|██▉       | 47/157 [00:11<00:28,  3.84it/s][A

 31%|███       | 48/157 [00:12<00:28,  3.86it/s][A

 31%|███       | 49/157 [00:12<00:27,  3.88it/s][A

 32%|███▏      | 50/157 [00:12<00:27,  3.90it/s][A

 32%|███▏      | 51/157 [00:13<00:27,  3.91it/s][A

 33%|███▎      | 52/157 [00:13<00:27,  3.88it/s][A

 34%|███▍      | 53/157 [00:13<00:26,  3.86it/s][A

 34%|███▍      | 54/157 [00:13<00:26,  3.85it/s][A

 35%|███▌      | 55/157 [00:14<00:26,  3.85it/s][A

 36%|███▌      | 56/157 [00:14<00:26,  3.85it/s][A

 36%|███▋      | 57/157 [00:14<00:25,  3.87it/s][A

 37%|███▋      | 58/157 [00:14<00:25,  3.86it/s][A

 38%|███▊      | 59/157 [00:15<00:25,  3.85it/s][A

 38%|███▊      | 60/157 [00:15<00:25,  3.86it/s][A

 39%|███▉      | 61/157 [00:15<00:24,  3.85it/s][A

 39%|███▉      | 62/157 [00:15<00:24,  3.84it/s][A

 40%|████      | 63/157 [00:16<00:24,  3.83it/s][A

 41%|████      | 64/157 [00:16<00:24,  3.84it/s][A

 41%|████▏     | 65/157 [00:16<00:23,  3.84it/s][A

 42%|████▏     | 66/157 [00:16<00:23,  3.85it/s][A

 43%|████▎     | 67/157 [00:17<00:23,  3.84it/s][A

 43%|████▎     | 68/157 [00:17<00:22,  3.88it/s][A

 44%|████▍     | 69/157 [00:17<00:22,  3.86it/s][A

 45%|████▍     | 70/157 [00:17<00:22,  3.85it/s][A

 45%|████▌     | 71/157 [00:18<00:22,  3.84it/s][A

 46%|████▌     | 72/157 [00:18<00:22,  3.84it/s][A

 46%|████▋     | 73/157 [00:18<00:21,  3.85it/s][A

 47%|████▋     | 74/157 [00:18<00:21,  3.88it/s][A

 48%|████▊     | 75/157 [00:19<00:21,  3.90it/s][A

 48%|████▊     | 76/157 [00:19<00:20,  3.89it/s][A

 49%|████▉     | 77/157 [00:19<00:20,  3.91it/s][A

 50%|████▉     | 78/157 [00:20<00:20,  3.92it/s][A

 50%|█████     | 79/157 [00:20<00:19,  3.92it/s][A

 51%|█████     | 80/157 [00:20<00:19,  3.93it/s][A

 52%|█████▏    | 81/157 [00:20<00:19,  3.93it/s][A

 52%|█████▏    | 82/157 [00:21<00:19,  3.94it/s][A

 53%|█████▎    | 83/157 [00:21<00:18,  3.93it/s][A

 54%|█████▎    | 84/157 [00:21<00:18,  3.94it/s][A

 54%|█████▍    | 85/157 [00:21<00:18,  3.90it/s][A

 55%|█████▍    | 86/157 [00:22<00:18,  3.89it/s][A

 55%|█████▌    | 87/157 [00:22<00:17,  3.91it/s][A

 56%|█████▌    | 88/157 [00:22<00:17,  3.89it/s][A

 57%|█████▋    | 89/157 [00:22<00:17,  3.87it/s][A

 57%|█████▋    | 90/157 [00:23<00:17,  3.86it/s][A

 58%|█████▊    | 91/157 [00:23<00:17,  3.86it/s][A

 59%|█████▊    | 92/157 [00:23<00:16,  3.86it/s][A

 59%|█████▉    | 93/157 [00:23<00:16,  3.86it/s][A

 60%|█████▉    | 94/157 [00:24<00:16,  3.87it/s][A

 61%|██████    | 95/157 [00:24<00:15,  3.89it/s][A

 61%|██████    | 96/157 [00:24<00:15,  3.91it/s][A

 62%|██████▏   | 97/157 [00:24<00:15,  3.91it/s][A

 62%|██████▏   | 98/157 [00:25<00:15,  3.93it/s][A

 63%|██████▎   | 99/157 [00:25<00:14,  3.95it/s][A

 64%|██████▎   | 100/157 [00:25<00:14,  3.98it/s][A

 64%|██████▍   | 101/157 [00:25<00:14,  3.98it/s][A

 65%|██████▍   | 102/157 [00:26<00:13,  3.98it/s][A

 66%|██████▌   | 103/157 [00:26<00:13,  3.99it/s][A

 66%|██████▌   | 104/157 [00:26<00:13,  4.00it/s][A

 67%|██████▋   | 105/157 [00:26<00:12,  4.01it/s][A

 68%|██████▊   | 106/157 [00:27<00:12,  3.99it/s][A

 68%|██████▊   | 107/157 [00:27<00:12,  3.98it/s][A

 69%|██████▉   | 108/157 [00:27<00:12,  3.97it/s][A

 69%|██████▉   | 109/157 [00:27<00:12,  3.96it/s][A

 70%|███████   | 110/157 [00:28<00:11,  3.97it/s][A

 71%|███████   | 111/157 [00:28<00:11,  3.99it/s][A

 71%|███████▏  | 112/157 [00:28<00:11,  4.00it/s][A

 72%|███████▏  | 113/157 [00:28<00:10,  4.02it/s][A

 73%|███████▎  | 114/157 [00:29<00:10,  4.03it/s][A

 73%|███████▎  | 115/157 [00:29<00:10,  4.03it/s][A

 74%|███████▍  | 116/157 [00:29<00:10,  4.03it/s][A

 75%|███████▍  | 117/157 [00:29<00:09,  4.03it/s][A

 75%|███████▌  | 118/157 [00:30<00:09,  4.04it/s][A

 76%|███████▌  | 119/157 [00:30<00:09,  4.05it/s][A

 76%|███████▋  | 120/157 [00:30<00:09,  4.05it/s][A

 77%|███████▋  | 121/157 [00:30<00:08,  4.06it/s][A

 78%|███████▊  | 122/157 [00:31<00:08,  4.05it/s][A

 78%|███████▊  | 123/157 [00:31<00:08,  4.06it/s][A

 79%|███████▉  | 124/157 [00:31<00:08,  4.07it/s][A

 80%|███████▉  | 125/157 [00:31<00:07,  4.08it/s][A

 80%|████████  | 126/157 [00:32<00:07,  4.08it/s][A

 81%|████████  | 127/157 [00:32<00:07,  4.08it/s][A

 82%|████████▏ | 128/157 [00:32<00:07,  4.07it/s][A

 82%|████████▏ | 129/157 [00:32<00:06,  4.03it/s][A

 83%|████████▎ | 130/157 [00:33<00:06,  3.99it/s][A

 83%|████████▎ | 131/157 [00:33<00:06,  3.94it/s][A

 84%|████████▍ | 132/157 [00:33<00:06,  3.90it/s][A

 85%|████████▍ | 133/157 [00:33<00:06,  3.88it/s][A

 85%|████████▌ | 134/157 [00:34<00:05,  3.87it/s][A

 86%|████████▌ | 135/157 [00:34<00:05,  3.86it/s][A

 87%|████████▋ | 136/157 [00:34<00:05,  3.85it/s][A

 87%|████████▋ | 137/157 [00:34<00:05,  3.85it/s][A

 88%|████████▊ | 138/157 [00:35<00:04,  3.87it/s][A

 89%|████████▊ | 139/157 [00:35<00:04,  3.89it/s][A

 89%|████████▉ | 140/157 [00:35<00:04,  3.87it/s][A

 90%|████████▉ | 141/157 [00:35<00:04,  3.85it/s][A

 90%|█████████ | 142/157 [00:36<00:03,  3.85it/s][A

 91%|█████████ | 143/157 [00:36<00:03,  3.86it/s][A

 92%|█████████▏| 144/157 [00:36<00:03,  3.88it/s][A

 92%|█████████▏| 145/157 [00:36<00:03,  3.87it/s][A

 93%|█████████▎| 146/157 [00:37<00:02,  3.87it/s][A

 94%|█████████▎| 147/157 [00:37<00:02,  3.85it/s][A

 94%|█████████▍| 148/157 [00:37<00:02,  3.85it/s][A

 95%|█████████▍| 149/157 [00:38<00:02,  3.84it/s][A

 96%|█████████▌| 150/157 [00:38<00:01,  3.84it/s][A

 96%|█████████▌| 151/157 [00:38<00:01,  3.85it/s][A

 97%|█████████▋| 152/157 [00:38<00:01,  3.86it/s][A

 97%|█████████▋| 153/157 [00:39<00:01,  3.86it/s][A

 98%|█████████▊| 154/157 [00:39<00:00,  3.86it/s][A

 99%|█████████▊| 155/157 [00:39<00:00,  3.85it/s][A

 99%|█████████▉| 156/157 [00:39<00:00,  3.84it/s][A

100%|██████████| 157/157 [00:40<00:00,  4.21it/s][A
                                                      

                                                 
[A{'eval_loss': 6.25907564163208, 'eval_runtime': 40.4023, 'eval_samples_per_second': 123.755, 'eval_steps_per_second': 3.886, 'epoch': 0.0}

  0%|          | 200/60627 [03:52<12:37:12,  1.33it/s]

100%|██████████| 157/157 [00:40<00:00,  4.21it/s][A

                                                 [A
  0%|          | 201/60627 [03:55<227:20:42, 13.54s/it]
                                                       
{'loss': 5.6107, 'grad_norm': 1.0078125, 'learning_rate': 0.0009999848711973128, 'epoch': 0.0}

  0%|          | 201/60627 [03:55<227:20:42, 13.54s/it]
  0%|          | 202/60627 [03:56<162:52:54,  9.70s/it]{'loss': 5.6804, 'grad_norm': 0.76171875, 'learning_rate': 0.0009999846688085868, 'epoch': 0.0}

                                                       

  0%|          | 202/60627 [03:56<162:52:54,  9.70s/it]
  0%|          | 203/60627 [03:57<117:47:50,  7.02s/it]
                                                       
{'loss': 5.4783, 'grad_norm': 0.88671875, 'learning_rate': 0.0009999844650751127, 'epoch': 0.0}

  0%|          | 203/60627 [03:57<117:47:50,  7.02s/it]
  0%|          | 204/60627 [03:58<86:12:47,  5.14s/it] 
                                                      
{'loss': 5.7356, 'grad_norm': 0.75, 'learning_rate': 0.0009999842599968912, 'epoch': 0.0}

  0%|          | 204/60627 [03:58<86:12:47,  5.14s/it]
  0%|          | 205/60627 [03:58<64:06:52,  3.82s/it]
                                                      
{'loss': 5.572, 'grad_norm': 0.76953125, 'learning_rate': 0.0009999840535739226, 'epoch': 0.0}

  0%|          | 205/60627 [03:58<64:06:52,  3.82s/it]
  0%|          | 206/60627 [03:59<48:36:26,  2.90s/it]
                                                      
{'loss': 5.4951, 'grad_norm': 0.6640625, 'learning_rate': 0.000999983845806208, 'epoch': 0.0}

  0%|          | 206/60627 [03:59<48:36:26,  2.90s/it]
  0%|          | 207/60627 [04:00<37:48:44,  2.25s/it]
                                                      
{'loss': 5.3175, 'grad_norm': 0.73828125, 'learning_rate': 0.000999983636693747, 'epoch': 0.0}

  0%|          | 207/60627 [04:00<37:48:44,  2.25s/it]
  0%|          | 208/60627 [04:01<30:13:38,  1.80s/it]
                                                      
{'loss': 5.4299, 'grad_norm': 0.8125, 'learning_rate': 0.0009999834262365414, 'epoch': 0.0}

  0%|          | 208/60627 [04:01<30:13:38,  1.80s/it]
  0%|          | 209/60627 [04:01<24:55:15,  1.48s/it]{'loss': 5.667, 'grad_norm': 0.78125, 'learning_rate': 0.0009999832144345908, 'epoch': 0.0}

                                                      

  0%|          | 209/60627 [04:01<24:55:15,  1.48s/it]
  0%|          | 210/60627 [04:02<21:10:22,  1.26s/it]{'loss': 5.4703, 'grad_norm': 0.89453125, 'learning_rate': 0.000999983001287896, 'epoch': 0.0}

                                                      

  0%|          | 210/60627 [04:02<21:10:22,  1.26s/it]
  0%|          | 211/60627 [04:03<18:33:27,  1.11s/it]
                                                      
{'loss': 5.7761, 'grad_norm': 0.69921875, 'learning_rate': 0.000999982786796458, 'epoch': 0.0}

  0%|          | 211/60627 [04:03<18:33:27,  1.11s/it]
  0%|          | 212/60627 [04:04<16:43:27,  1.00it/s]
                                                      
{'loss': 5.5089, 'grad_norm': 0.9453125, 'learning_rate': 0.000999982570960277, 'epoch': 0.0}

  0%|          | 212/60627 [04:04<16:43:27,  1.00it/s]
  0%|          | 213/60627 [04:04<15:28:57,  1.08it/s]
                                                      
{'loss': 5.6181, 'grad_norm': 0.80078125, 'learning_rate': 0.0009999823537793536, 'epoch': 0.0}

  0%|          | 213/60627 [04:04<15:28:57,  1.08it/s]
  0%|          | 214/60627 [04:05<14:36:27,  1.15it/s]{'loss': 5.3516, 'grad_norm': 0.79296875, 'learning_rate': 0.0009999821352536882, 'epoch': 0.0}

                                                      

  0%|          | 214/60627 [04:05<14:36:27,  1.15it/s]
  0%|          | 215/60627 [04:06<14:00:13,  1.20it/s]
                                                      
{'loss': 5.6296, 'grad_norm': 0.71875, 'learning_rate': 0.0009999819153832818, 'epoch': 0.0}

  0%|          | 215/60627 [04:06<14:00:13,  1.20it/s]
  0%|          | 216/60627 [04:07<13:36:33,  1.23it/s]
                                                      
{'loss': 5.8123, 'grad_norm': 0.76953125, 'learning_rate': 0.0009999816941681347, 'epoch': 0.0}

  0%|          | 216/60627 [04:07<13:36:33,  1.23it/s]
  0%|          | 217/60627 [04:07<13:19:27,  1.26it/s]
                                                      
{'loss': 5.7902, 'grad_norm': 0.6953125, 'learning_rate': 0.0009999814716082477, 'epoch': 0.0}

  0%|          | 217/60627 [04:07<13:19:27,  1.26it/s]
  0%|          | 218/60627 [04:08<13:06:52,  1.28it/s]
                                                      
{'loss': 5.6085, 'grad_norm': 0.78125, 'learning_rate': 0.0009999812477036213, 'epoch': 0.0}

  0%|          | 218/60627 [04:08<13:06:52,  1.28it/s]
  0%|          | 219/60627 [04:09<12:57:30,  1.29it/s]{'loss': 5.7342, 'grad_norm': 0.859375, 'learning_rate': 0.000999981022454256, 'epoch': 0.0}

                                                      

  0%|          | 219/60627 [04:09<12:57:30,  1.29it/s]
  0%|          | 220/60627 [04:10<12:50:28,  1.31it/s]
                                                      
{'loss': 5.556, 'grad_norm': 0.84765625, 'learning_rate': 0.0009999807958601527, 'epoch': 0.0}

  0%|          | 220/60627 [04:10<12:50:28,  1.31it/s]
  0%|          | 221/60627 [04:10<12:46:59,  1.31it/s]
                                                      
{'loss': 5.5675, 'grad_norm': 0.73828125, 'learning_rate': 0.0009999805679213117, 'epoch': 0.0}

  0%|          | 221/60627 [04:10<12:46:59,  1.31it/s]
  0%|          | 222/60627 [04:11<12:40:11,  1.32it/s]
                                                      
{'loss': 5.0483, 'grad_norm': 0.87109375, 'learning_rate': 0.0009999803386377334, 'epoch': 0.0}

  0%|          | 222/60627 [04:11<12:40:11,  1.32it/s]
  0%|          | 223/60627 [04:12<12:39:04,  1.33it/s]
                                                      
{'loss': 5.7009, 'grad_norm': 0.78515625, 'learning_rate': 0.0009999801080094193, 'epoch': 0.0}

  0%|          | 223/60627 [04:12<12:39:04,  1.33it/s]
  0%|          | 224/60627 [04:13<12:37:02,  1.33it/s]{'loss': 5.3975, 'grad_norm': 0.71875, 'learning_rate': 0.0009999798760363691, 'epoch': 0.0}

                                                      

  0%|          | 224/60627 [04:13<12:37:02,  1.33it/s]
  0%|          | 225/60627 [04:13<12:37:07,  1.33it/s]
                                                      
{'loss': 5.716, 'grad_norm': 0.72265625, 'learning_rate': 0.0009999796427185839, 'epoch': 0.0}

  0%|          | 225/60627 [04:13<12:37:07,  1.33it/s]
  0%|          | 226/60627 [04:14<12:35:03,  1.33it/s]{'loss': 5.4898, 'grad_norm': 0.80078125, 'learning_rate': 0.000999979408056064, 'epoch': 0.0}

                                                      

  0%|          | 226/60627 [04:14<12:35:03,  1.33it/s]
  0%|          | 227/60627 [04:15<12:33:50,  1.34it/s]
                                                      
{'loss': 5.2856, 'grad_norm': 0.73828125, 'learning_rate': 0.0009999791720488105, 'epoch': 0.0}

  0%|          | 227/60627 [04:15<12:33:50,  1.34it/s]
  0%|          | 228/60627 [04:16<12:35:25,  1.33it/s]{'loss': 5.6657, 'grad_norm': 0.7890625, 'learning_rate': 0.0009999789346968237, 'epoch': 0.0}

                                                      

  0%|          | 228/60627 [04:16<12:35:25,  1.33it/s]
  0%|          | 229/60627 [04:16<12:36:06,  1.33it/s]
                                                      
{'loss': 5.3753, 'grad_norm': 0.8125, 'learning_rate': 0.0009999786960001042, 'epoch': 0.0}

  0%|          | 229/60627 [04:16<12:36:06,  1.33it/s]
  0%|          | 230/60627 [04:17<12:32:22,  1.34it/s]
                                                      
{'loss': 5.4649, 'grad_norm': 0.671875, 'learning_rate': 0.0009999784559586529, 'epoch': 0.0}

  0%|          | 230/60627 [04:17<12:32:22,  1.34it/s]
  0%|          | 231/60627 [04:18<12:32:45,  1.34it/s]
                                                      
{'loss': 5.3997, 'grad_norm': 0.77734375, 'learning_rate': 0.0009999782145724704, 'epoch': 0.0}

  0%|          | 231/60627 [04:18<12:32:45,  1.34it/s]
  0%|          | 232/60627 [04:19<12:32:31,  1.34it/s]{'loss': 5.211, 'grad_norm': 0.75390625, 'learning_rate': 0.000999977971841557, 'epoch': 0.0}

                                                      

  0%|          | 232/60627 [04:19<12:32:31,  1.34it/s]
  0%|          | 233/60627 [04:19<12:35:57,  1.33it/s]
                                                      
{'loss': 5.5549, 'grad_norm': 0.79296875, 'learning_rate': 0.0009999777277659137, 'epoch': 0.0}

  0%|          | 233/60627 [04:19<12:35:57,  1.33it/s]
  0%|          | 234/60627 [04:20<12:36:11,  1.33it/s]
                                                      
{'loss': 5.4487, 'grad_norm': 0.71484375, 'learning_rate': 0.000999977482345541, 'epoch': 0.0}

  0%|          | 234/60627 [04:20<12:36:11,  1.33it/s]
  0%|          | 235/60627 [04:21<12:35:54,  1.33it/s]
                                                      
{'loss': 5.7659, 'grad_norm': 0.71875, 'learning_rate': 0.0009999772355804397, 'epoch': 0.0}

  0%|          | 235/60627 [04:21<12:35:54,  1.33it/s]
  0%|          | 236/60627 [04:22<12:36:28,  1.33it/s]
                                                      
{'loss': 5.5375, 'grad_norm': 0.8515625, 'learning_rate': 0.0009999769874706106, 'epoch': 0.0}

  0%|          | 236/60627 [04:22<12:36:28,  1.33it/s]
  0%|          | 237/60627 [04:22<12:37:46,  1.33it/s]
                                                      
{'loss': 5.6213, 'grad_norm': 0.8359375, 'learning_rate': 0.0009999767380160537, 'epoch': 0.0}

  0%|          | 237/60627 [04:22<12:37:46,  1.33it/s]
  0%|          | 238/60627 [04:23<12:36:19,  1.33it/s]
                                                      
{'loss': 5.3659, 'grad_norm': 0.75390625, 'learning_rate': 0.0009999764872167705, 'epoch': 0.0}

  0%|          | 238/60627 [04:23<12:36:19,  1.33it/s]
  0%|          | 239/60627 [04:24<12:32:24,  1.34it/s]
                                                      
{'loss': 5.6962, 'grad_norm': 0.890625, 'learning_rate': 0.0009999762350727612, 'epoch': 0.0}

  0%|          | 239/60627 [04:24<12:32:24,  1.34it/s]
  0%|          | 240/60627 [04:25<12:34:14,  1.33it/s]{'loss': 5.7477, 'grad_norm': 0.875, 'learning_rate': 0.0009999759815840265, 'epoch': 0.0}

                                                      

  0%|          | 240/60627 [04:25<12:34:14,  1.33it/s]
  0%|          | 241/60627 [04:25<12:35:14,  1.33it/s]
                                                      
{'loss': 5.3502, 'grad_norm': 0.9765625, 'learning_rate': 0.0009999757267505672, 'epoch': 0.0}

  0%|          | 241/60627 [04:25<12:35:14,  1.33it/s]
  0%|          | 242/60627 [04:26<12:37:13,  1.33it/s]
                                                      
{'loss': 6.0078, 'grad_norm': 0.875, 'learning_rate': 0.0009999754705723837, 'epoch': 0.0}

  0%|          | 242/60627 [04:26<12:37:13,  1.33it/s]
  0%|          | 243/60627 [04:27<12:36:27,  1.33it/s]
                                                      
{'loss': 5.18, 'grad_norm': 0.74609375, 'learning_rate': 0.0009999752130494773, 'epoch': 0.0}

  0%|          | 243/60627 [04:27<12:36:27,  1.33it/s]
  0%|          | 244/60627 [04:28<12:34:50,  1.33it/s]
                                                      
{'loss': 5.4775, 'grad_norm': 0.8203125, 'learning_rate': 0.0009999749541818482, 'epoch': 0.0}

  0%|          | 244/60627 [04:28<12:34:50,  1.33it/s]
  0%|          | 245/60627 [04:28<12:36:01,  1.33it/s]
                                                      
{'loss': 5.4778, 'grad_norm': 0.796875, 'learning_rate': 0.0009999746939694971, 'epoch': 0.0}

  0%|          | 245/60627 [04:28<12:36:01,  1.33it/s]
  0%|          | 246/60627 [04:29<12:34:08,  1.33it/s]{'loss': 5.3285, 'grad_norm': 0.83984375, 'learning_rate': 0.000999974432412425, 'epoch': 0.0}

                                                      

  0%|          | 246/60627 [04:29<12:34:08,  1.33it/s]
  0%|          | 247/60627 [04:30<12:32:21,  1.34it/s]{'loss': 5.1659, 'grad_norm': 0.8203125, 'learning_rate': 0.0009999741695106324, 'epoch': 0.0}

                                                      

  0%|          | 247/60627 [04:30<12:32:21,  1.34it/s]
  0%|          | 248/60627 [04:31<12:33:10,  1.34it/s]{'loss': 5.0422, 'grad_norm': 0.7421875, 'learning_rate': 0.0009999739052641199, 'epoch': 0.0}

                                                      

  0%|          | 248/60627 [04:31<12:33:10,  1.34it/s]
  0%|          | 249/60627 [04:31<12:34:18,  1.33it/s]{'loss': 5.4177, 'grad_norm': 0.77734375, 'learning_rate': 0.0009999736396728884, 'epoch': 0.0}

                                                      

  0%|          | 249/60627 [04:31<12:34:18,  1.33it/s]
  0%|          | 250/60627 [04:32<12:34:06,  1.33it/s]
                                                      
{'loss': 5.323, 'grad_norm': 0.7890625, 'learning_rate': 0.0009999733727369387, 'epoch': 0.0}

  0%|          | 250/60627 [04:32<12:34:06,  1.33it/s]
  0%|          | 251/60627 [04:33<12:33:00,  1.34it/s]
                                                      
{'loss': 5.3064, 'grad_norm': 0.8515625, 'learning_rate': 0.0009999731044562712, 'epoch': 0.0}

  0%|          | 251/60627 [04:33<12:33:00,  1.34it/s]
  0%|          | 252/60627 [04:34<12:30:51,  1.34it/s]
                                                      
{'loss': 5.3887, 'grad_norm': 0.70703125, 'learning_rate': 0.0009999728348308867, 'epoch': 0.0}

  0%|          | 252/60627 [04:34<12:30:51,  1.34it/s]
  0%|          | 253/60627 [04:34<12:32:18,  1.34it/s]
                                                      
{'loss': 5.4012, 'grad_norm': 0.8671875, 'learning_rate': 0.0009999725638607862, 'epoch': 0.0}

  0%|          | 253/60627 [04:34<12:32:18,  1.34it/s]
  0%|          | 254/60627 [04:35<12:34:59,  1.33it/s]
                                                      
{'loss': 5.3637, 'grad_norm': 0.80078125, 'learning_rate': 0.0009999722915459703, 'epoch': 0.0}

  0%|          | 254/60627 [04:35<12:34:59,  1.33it/s]
  0%|          | 255/60627 [04:36<12:32:47,  1.34it/s]
                                                      
{'loss': 5.2285, 'grad_norm': 0.85546875, 'learning_rate': 0.0009999720178864395, 'epoch': 0.0}

  0%|          | 255/60627 [04:36<12:32:47,  1.34it/s]
  0%|          | 256/60627 [04:37<12:34:49,  1.33it/s]
                                                      
{'loss': 5.6585, 'grad_norm': 0.7578125, 'learning_rate': 0.0009999717428821949, 'epoch': 0.0}

  0%|          | 256/60627 [04:37<12:34:49,  1.33it/s]
  0%|          | 257/60627 [04:37<12:34:42,  1.33it/s]
                                                      
{'loss': 5.5396, 'grad_norm': 0.77734375, 'learning_rate': 0.0009999714665332368, 'epoch': 0.0}

  0%|          | 257/60627 [04:37<12:34:42,  1.33it/s]
  0%|          | 258/60627 [04:38<12:34:34,  1.33it/s]
                                                      
{'loss': 5.3775, 'grad_norm': 0.75, 'learning_rate': 0.0009999711888395665, 'epoch': 0.0}

  0%|          | 258/60627 [04:38<12:34:34,  1.33it/s]
  0%|          | 259/60627 [04:39<12:32:00,  1.34it/s]
                                                      
{'loss': 5.5133, 'grad_norm': 0.79296875, 'learning_rate': 0.0009999709098011842, 'epoch': 0.0}

  0%|          | 259/60627 [04:39<12:32:00,  1.34it/s]
  0%|          | 260/60627 [04:40<12:29:22,  1.34it/s]
                                                      
{'loss': 4.9147, 'grad_norm': 0.8125, 'learning_rate': 0.0009999706294180912, 'epoch': 0.0}

  0%|          | 260/60627 [04:40<12:29:22,  1.34it/s]
  0%|          | 261/60627 [04:40<12:31:32,  1.34it/s]
                                                      
{'loss': 5.1235, 'grad_norm': 0.82421875, 'learning_rate': 0.0009999703476902878, 'epoch': 0.0}

  0%|          | 261/60627 [04:40<12:31:32,  1.34it/s]
  0%|          | 262/60627 [04:41<12:33:06,  1.34it/s]
                                                      
{'loss': 5.368, 'grad_norm': 0.68359375, 'learning_rate': 0.0009999700646177747, 'epoch': 0.0}

  0%|          | 262/60627 [04:41<12:33:06,  1.34it/s]
  0%|          | 263/60627 [04:42<12:36:17,  1.33it/s]
                                                      
{'loss': 5.1572, 'grad_norm': 0.7421875, 'learning_rate': 0.0009999697802005531, 'epoch': 0.0}

  0%|          | 263/60627 [04:42<12:36:17,  1.33it/s]
  0%|          | 264/60627 [04:43<12:35:53,  1.33it/s]
                                                      
{'loss': 5.2114, 'grad_norm': 0.8046875, 'learning_rate': 0.0009999694944386236, 'epoch': 0.0}

  0%|          | 264/60627 [04:43<12:35:53,  1.33it/s]
  0%|          | 265/60627 [04:43<12:34:10,  1.33it/s]
                                                      
{'loss': 5.474, 'grad_norm': 0.76953125, 'learning_rate': 0.0009999692073319865, 'epoch': 0.0}

  0%|          | 265/60627 [04:43<12:34:10,  1.33it/s]
  0%|          | 266/60627 [04:44<12:34:11,  1.33it/s]
                                                      
{'loss': 5.359, 'grad_norm': 0.75390625, 'learning_rate': 0.0009999689188806434, 'epoch': 0.0}

  0%|          | 266/60627 [04:44<12:34:11,  1.33it/s]
  0%|          | 267/60627 [04:45<12:31:54,  1.34it/s]
                                                      
{'loss': 5.6205, 'grad_norm': 0.90625, 'learning_rate': 0.0009999686290845945, 'epoch': 0.0}

  0%|          | 267/60627 [04:45<12:31:54,  1.34it/s]
  0%|          | 268/60627 [04:46<12:31:54,  1.34it/s]
                                                      
{'loss': 5.2197, 'grad_norm': 0.7265625, 'learning_rate': 0.0009999683379438408, 'epoch': 0.0}

  0%|          | 268/60627 [04:46<12:31:54,  1.34it/s]
  0%|          | 269/60627 [04:46<12:28:42,  1.34it/s]{'loss': 5.0181, 'grad_norm': 0.71484375, 'learning_rate': 0.0009999680454583829, 'epoch': 0.0}

                                                      

  0%|          | 269/60627 [04:46<12:28:42,  1.34it/s]
  0%|          | 270/60627 [04:47<12:31:09,  1.34it/s]{'loss': 5.3478, 'grad_norm': 0.85546875, 'learning_rate': 0.0009999677516282217, 'epoch': 0.0}

                                                      

  0%|          | 270/60627 [04:47<12:31:09,  1.34it/s]
  0%|          | 271/60627 [04:48<12:29:27,  1.34it/s]
                                                      
{'loss': 4.7779, 'grad_norm': 0.765625, 'learning_rate': 0.0009999674564533582, 'epoch': 0.0}

  0%|          | 271/60627 [04:48<12:29:27,  1.34it/s]
  0%|          | 272/60627 [04:49<12:25:39,  1.35it/s]{'loss': 5.6415, 'grad_norm': 0.7734375, 'learning_rate': 0.0009999671599337928, 'epoch': 0.0}

                                                      

  0%|          | 272/60627 [04:49<12:25:39,  1.35it/s]
  0%|          | 273/60627 [04:49<12:26:39,  1.35it/s]
                                                      
{'loss': 5.3271, 'grad_norm': 0.8984375, 'learning_rate': 0.0009999668620695266, 'epoch': 0.0}

  0%|          | 273/60627 [04:49<12:26:39,  1.35it/s]
  0%|          | 274/60627 [04:50<12:26:45,  1.35it/s]
                                                      
{'loss': 5.0888, 'grad_norm': 0.80078125, 'learning_rate': 0.0009999665628605602, 'epoch': 0.0}

  0%|          | 274/60627 [04:50<12:26:45,  1.35it/s]
  0%|          | 275/60627 [04:51<12:30:31,  1.34it/s]
                                                      
{'loss': 5.3923, 'grad_norm': 0.71875, 'learning_rate': 0.0009999662623068944, 'epoch': 0.0}

  0%|          | 275/60627 [04:51<12:30:31,  1.34it/s]
  0%|          | 276/60627 [04:52<12:30:26,  1.34it/s]
                                                      
{'loss': 5.338, 'grad_norm': 0.93359375, 'learning_rate': 0.0009999659604085303, 'epoch': 0.0}

  0%|          | 276/60627 [04:52<12:30:26,  1.34it/s]
  0%|          | 277/60627 [04:52<12:30:47,  1.34it/s]
                                                      
{'loss': 4.9776, 'grad_norm': 0.6953125, 'learning_rate': 0.0009999656571654683, 'epoch': 0.0}

  0%|          | 277/60627 [04:52<12:30:47,  1.34it/s]
  0%|          | 278/60627 [04:53<12:31:39,  1.34it/s]
                                                      
{'loss': 5.4139, 'grad_norm': 0.78515625, 'learning_rate': 0.0009999653525777094, 'epoch': 0.0}

  0%|          | 278/60627 [04:53<12:31:39,  1.34it/s]
  0%|          | 279/60627 [04:54<12:31:30,  1.34it/s]
                                                      
{'loss': 5.2157, 'grad_norm': 0.84375, 'learning_rate': 0.0009999650466452547, 'epoch': 0.0}

  0%|          | 279/60627 [04:54<12:31:30,  1.34it/s]
  0%|          | 280/60627 [04:55<12:31:14,  1.34it/s]
                                                      
{'loss': 5.4312, 'grad_norm': 0.7109375, 'learning_rate': 0.0009999647393681046, 'epoch': 0.0}

  0%|          | 280/60627 [04:55<12:31:14,  1.34it/s]
  0%|          | 281/60627 [04:55<12:30:46,  1.34it/s]
                                                      
{'loss': 5.2072, 'grad_norm': 0.7109375, 'learning_rate': 0.0009999644307462602, 'epoch': 0.0}

  0%|          | 281/60627 [04:55<12:30:46,  1.34it/s]
  0%|          | 282/60627 [04:56<12:33:27,  1.33it/s]{'loss': 5.2487, 'grad_norm': 0.6328125, 'learning_rate': 0.000999964120779722, 'epoch': 0.0}

                                                      

  0%|          | 282/60627 [04:56<12:33:27,  1.33it/s]
  0%|          | 283/60627 [04:57<12:32:30,  1.34it/s]{'loss': 5.3688, 'grad_norm': 0.74609375, 'learning_rate': 0.0009999638094684913, 'epoch': 0.0}

                                                      

  0%|          | 283/60627 [04:57<12:32:30,  1.34it/s]
  0%|          | 284/60627 [04:57<12:32:04,  1.34it/s]
                                                      
{'loss': 5.3426, 'grad_norm': 0.7734375, 'learning_rate': 0.0009999634968125687, 'epoch': 0.0}

  0%|          | 284/60627 [04:58<12:32:04,  1.34it/s]
  0%|          | 285/60627 [04:58<12:33:26,  1.33it/s]
                                                      
{'loss': 5.083, 'grad_norm': 0.765625, 'learning_rate': 0.000999963182811955, 'epoch': 0.0}

  0%|          | 285/60627 [04:58<12:33:26,  1.33it/s]
  0%|          | 286/60627 [04:59<12:31:45,  1.34it/s]
                                                      
{'loss': 5.2173, 'grad_norm': 0.69921875, 'learning_rate': 0.000999962867466651, 'epoch': 0.0}

  0%|          | 286/60627 [04:59<12:31:45,  1.34it/s]
  0%|          | 287/60627 [05:00<12:35:15,  1.33it/s]
                                                      
{'loss': 5.7471, 'grad_norm': 0.7421875, 'learning_rate': 0.0009999625507766576, 'epoch': 0.0}

  0%|          | 287/60627 [05:00<12:35:15,  1.33it/s]
  0%|          | 288/60627 [05:00<12:33:23,  1.33it/s]
                                                      
{'loss': 5.0889, 'grad_norm': 0.80859375, 'learning_rate': 0.0009999622327419757, 'epoch': 0.0}

  0%|          | 288/60627 [05:01<12:33:23,  1.33it/s]
  0%|          | 289/60627 [05:01<12:33:47,  1.33it/s]
                                                      
{'loss': 5.5048, 'grad_norm': 0.74609375, 'learning_rate': 0.0009999619133626064, 'epoch': 0.0}

  0%|          | 289/60627 [05:01<12:33:47,  1.33it/s]
  0%|          | 290/60627 [05:02<12:31:37,  1.34it/s]
                                                      
{'loss': 5.4468, 'grad_norm': 0.859375, 'learning_rate': 0.00099996159263855, 'epoch': 0.0}

  0%|          | 290/60627 [05:02<12:31:37,  1.34it/s]
  0%|          | 291/60627 [05:03<12:31:44,  1.34it/s]
                                                      
{'loss': 5.1619, 'grad_norm': 0.7890625, 'learning_rate': 0.0009999612705698076, 'epoch': 0.0}

  0%|          | 291/60627 [05:03<12:31:44,  1.34it/s]
  0%|          | 292/60627 [05:03<12:33:16,  1.33it/s]
                                                      
{'loss': 5.1947, 'grad_norm': 0.859375, 'learning_rate': 0.0009999609471563803, 'epoch': 0.0}

  0%|          | 292/60627 [05:04<12:33:16,  1.33it/s]
  0%|          | 293/60627 [05:04<12:32:49,  1.34it/s]
                                                      
{'loss': 5.0781, 'grad_norm': 0.84765625, 'learning_rate': 0.0009999606223982686, 'epoch': 0.0}

  0%|          | 293/60627 [05:04<12:32:49,  1.34it/s]
  0%|          | 294/60627 [05:05<12:34:18,  1.33it/s]{'loss': 5.5571, 'grad_norm': 0.7421875, 'learning_rate': 0.0009999602962954739, 'epoch': 0.0}

                                                      

  0%|          | 294/60627 [05:05<12:34:18,  1.33it/s]
  0%|          | 295/60627 [05:06<12:32:22,  1.34it/s]{'loss': 5.1531, 'grad_norm': 0.82421875, 'learning_rate': 0.0009999599688479965, 'epoch': 0.0}

                                                      

  0%|          | 295/60627 [05:06<12:32:22,  1.34it/s]
  0%|          | 296/60627 [05:06<12:31:58,  1.34it/s]
                                                      
{'loss': 5.2111, 'grad_norm': 0.80078125, 'learning_rate': 0.0009999596400558375, 'epoch': 0.0}

  0%|          | 296/60627 [05:06<12:31:58,  1.34it/s]
  0%|          | 297/60627 [05:07<12:32:25,  1.34it/s]
                                                      
{'loss': 5.1251, 'grad_norm': 0.71484375, 'learning_rate': 0.000999959309918998, 'epoch': 0.0}

  0%|          | 297/60627 [05:07<12:32:25,  1.34it/s]
  0%|          | 298/60627 [05:08<12:31:29,  1.34it/s]
                                                      
{'loss': 5.2679, 'grad_norm': 0.80078125, 'learning_rate': 0.0009999589784374786, 'epoch': 0.0}

  0%|          | 298/60627 [05:08<12:31:29,  1.34it/s]
  0%|          | 299/60627 [05:09<12:31:58,  1.34it/s]{'loss': 5.2595, 'grad_norm': 0.7109375, 'learning_rate': 0.0009999586456112802, 'epoch': 0.0}

                                                      

  0%|          | 299/60627 [05:09<12:31:58,  1.34it/s]
  0%|          | 300/60627 [05:09<12:30:51,  1.34it/s]
                                                      
{'loss': 5.1023, 'grad_norm': 0.75, 'learning_rate': 0.0009999583114404039, 'epoch': 0.0}

  0%|          | 300/60627 [05:09<12:30:51,  1.34it/s]

  0%|          | 0/157 [00:00<?, ?it/s][A

  1%|▏         | 2/157 [00:00<00:20,  7.63it/s][A

  2%|▏         | 3/157 [00:00<00:28,  5.41it/s][A

  3%|▎         | 4/157 [00:00<00:32,  4.68it/s][A

  3%|▎         | 5/157 [00:01<00:34,  4.34it/s][A

  4%|▍         | 6/157 [00:01<00:36,  4.17it/s][A

  4%|▍         | 7/157 [00:01<00:36,  4.06it/s][A

  5%|▌         | 8/157 [00:01<00:37,  4.00it/s][A

  6%|▌         | 9/157 [00:02<00:37,  3.96it/s][A

  6%|▋         | 10/157 [00:02<00:37,  3.91it/s][A

  7%|▋         | 11/157 [00:02<00:37,  3.88it/s][A

  8%|▊         | 12/157 [00:02<00:37,  3.86it/s][A

  8%|▊         | 13/157 [00:03<00:37,  3.85it/s][A

  9%|▉         | 14/157 [00:03<00:36,  3.88it/s][A

 10%|▉         | 15/157 [00:03<00:36,  3.86it/s][A

 10%|█         | 16/157 [00:03<00:36,  3.85it/s][A

 11%|█         | 17/157 [00:04<00:36,  3.84it/s][A

 11%|█▏        | 18/157 [00:04<00:36,  3.84it/s][A

 12%|█▏        | 19/157 [00:04<00:36,  3.83it/s][A

 13%|█▎        | 20/157 [00:04<00:35,  3.86it/s][A

 13%|█▎        | 21/157 [00:05<00:35,  3.84it/s][A

 14%|█▍        | 22/157 [00:05<00:35,  3.85it/s][A

 15%|█▍        | 23/157 [00:05<00:34,  3.84it/s][A

 15%|█▌        | 24/157 [00:05<00:34,  3.85it/s][A

 16%|█▌        | 25/157 [00:06<00:34,  3.84it/s][A

 17%|█▋        | 26/157 [00:06<00:34,  3.84it/s][A

 17%|█▋        | 27/157 [00:06<00:33,  3.83it/s][A

 18%|█▊        | 28/157 [00:07<00:33,  3.83it/s][A

 18%|█▊        | 29/157 [00:07<00:33,  3.83it/s][A

 19%|█▉        | 30/157 [00:07<00:33,  3.83it/s][A

 20%|█▉        | 31/157 [00:07<00:32,  3.83it/s][A

 20%|██        | 32/157 [00:08<00:32,  3.84it/s][A

 21%|██        | 33/157 [00:08<00:32,  3.83it/s][A

 22%|██▏       | 34/157 [00:08<00:32,  3.83it/s][A

 22%|██▏       | 35/157 [00:08<00:31,  3.83it/s][A

 23%|██▎       | 36/157 [00:09<00:31,  3.82it/s][A

 24%|██▎       | 37/157 [00:09<00:31,  3.82it/s][A

 24%|██▍       | 38/157 [00:09<00:31,  3.81it/s][A

 25%|██▍       | 39/157 [00:09<00:30,  3.81it/s][A

 25%|██▌       | 40/157 [00:10<00:30,  3.82it/s][A

 26%|██▌       | 41/157 [00:10<00:30,  3.82it/s][A

 27%|██▋       | 42/157 [00:10<00:30,  3.82it/s][A

 27%|██▋       | 43/157 [00:10<00:29,  3.81it/s][A

 28%|██▊       | 44/157 [00:11<00:29,  3.81it/s][A

 29%|██▊       | 45/157 [00:11<00:29,  3.84it/s][A

 29%|██▉       | 46/157 [00:11<00:28,  3.83it/s][A

 30%|██▉       | 47/157 [00:11<00:28,  3.83it/s][A

 31%|███       | 48/157 [00:12<00:28,  3.87it/s][A

 31%|███       | 49/157 [00:12<00:27,  3.88it/s][A

 32%|███▏      | 50/157 [00:12<00:27,  3.90it/s][A

 32%|███▏      | 51/157 [00:13<00:27,  3.91it/s][A

 33%|███▎      | 52/157 [00:13<00:27,  3.88it/s][A

 34%|███▍      | 53/157 [00:13<00:26,  3.86it/s][A

 34%|███▍      | 54/157 [00:13<00:26,  3.85it/s][A

 35%|███▌      | 55/157 [00:14<00:26,  3.85it/s][A

 36%|███▌      | 56/157 [00:14<00:26,  3.85it/s][A

 36%|███▋      | 57/157 [00:14<00:25,  3.86it/s][A

 37%|███▋      | 58/157 [00:14<00:25,  3.86it/s][A

 38%|███▊      | 59/157 [00:15<00:25,  3.85it/s][A

 38%|███▊      | 60/157 [00:15<00:25,  3.86it/s][A

 39%|███▉      | 61/157 [00:15<00:24,  3.85it/s][A

 39%|███▉      | 62/157 [00:15<00:24,  3.85it/s][A

 40%|████      | 63/157 [00:16<00:24,  3.84it/s][A

 41%|████      | 64/157 [00:16<00:24,  3.84it/s][A

 41%|████▏     | 65/157 [00:16<00:23,  3.84it/s][A

 42%|████▏     | 66/157 [00:16<00:23,  3.84it/s][A

 43%|████▎     | 67/157 [00:17<00:23,  3.84it/s][A

 43%|████▎     | 68/157 [00:17<00:22,  3.87it/s][A

 44%|████▍     | 69/157 [00:17<00:22,  3.86it/s][A

 45%|████▍     | 70/157 [00:17<00:22,  3.84it/s][A

 45%|████▌     | 71/157 [00:18<00:22,  3.83it/s][A

 46%|████▌     | 72/157 [00:18<00:22,  3.83it/s][A

 46%|████▋     | 73/157 [00:18<00:21,  3.85it/s][A

 47%|████▋     | 74/157 [00:18<00:21,  3.87it/s][A

 48%|████▊     | 75/157 [00:19<00:21,  3.89it/s][A

 48%|████▊     | 76/157 [00:19<00:20,  3.88it/s][A

 49%|████▉     | 77/157 [00:19<00:20,  3.90it/s][A

 50%|████▉     | 78/157 [00:20<00:20,  3.91it/s][A

 50%|█████     | 79/157 [00:20<00:19,  3.91it/s][A

 51%|█████     | 80/157 [00:20<00:19,  3.92it/s][A

 52%|█████▏    | 81/157 [00:20<00:19,  3.93it/s][A

 52%|█████▏    | 82/157 [00:21<00:19,  3.93it/s][A

 53%|█████▎    | 83/157 [00:21<00:18,  3.93it/s][A

 54%|█████▎    | 84/157 [00:21<00:18,  3.93it/s][A

 54%|█████▍    | 85/157 [00:21<00:18,  3.89it/s][A

 55%|█████▍    | 86/157 [00:22<00:18,  3.88it/s][A

 55%|█████▌    | 87/157 [00:22<00:17,  3.90it/s][A

 56%|█████▌    | 88/157 [00:22<00:17,  3.88it/s][A

 57%|█████▋    | 89/157 [00:22<00:17,  3.87it/s][A

 57%|█████▋    | 90/157 [00:23<00:17,  3.86it/s][A

 58%|█████▊    | 91/157 [00:23<00:17,  3.86it/s][A

 59%|█████▊    | 92/157 [00:23<00:16,  3.86it/s][A

 59%|█████▉    | 93/157 [00:23<00:16,  3.87it/s][A

 60%|█████▉    | 94/157 [00:24<00:16,  3.87it/s][A

 61%|██████    | 95/157 [00:24<00:15,  3.89it/s][A

 61%|██████    | 96/157 [00:24<00:15,  3.91it/s][A

 62%|██████▏   | 97/157 [00:24<00:15,  3.91it/s][A

 62%|██████▏   | 98/157 [00:25<00:15,  3.92it/s][A

 63%|██████▎   | 99/157 [00:25<00:14,  3.95it/s][A

 64%|██████▎   | 100/157 [00:25<00:14,  3.98it/s][A

 64%|██████▍   | 101/157 [00:25<00:14,  3.97it/s][A

 65%|██████▍   | 102/157 [00:26<00:13,  3.98it/s][A

 66%|██████▌   | 103/157 [00:26<00:13,  3.99it/s][A

 66%|██████▌   | 104/157 [00:26<00:13,  4.00it/s][A

 67%|██████▋   | 105/157 [00:26<00:12,  4.01it/s][A

 68%|██████▊   | 106/157 [00:27<00:12,  3.98it/s][A

 68%|██████▊   | 107/157 [00:27<00:12,  3.98it/s][A

 69%|██████▉   | 108/157 [00:27<00:12,  3.98it/s][A

 69%|██████▉   | 109/157 [00:27<00:12,  3.96it/s][A

 70%|███████   | 110/157 [00:28<00:11,  3.98it/s][A

 71%|███████   | 111/157 [00:28<00:11,  3.99it/s][A

 71%|███████▏  | 112/157 [00:28<00:11,  4.01it/s][A

 72%|███████▏  | 113/157 [00:28<00:10,  4.02it/s][A

 73%|███████▎  | 114/157 [00:29<00:10,  4.03it/s][A

 73%|███████▎  | 115/157 [00:29<00:10,  4.02it/s][A

 74%|███████▍  | 116/157 [00:29<00:10,  4.02it/s][A

 75%|███████▍  | 117/157 [00:29<00:09,  4.02it/s][A

 75%|███████▌  | 118/157 [00:30<00:09,  4.03it/s][A

 76%|███████▌  | 119/157 [00:30<00:09,  4.04it/s][A

 76%|███████▋  | 120/157 [00:30<00:09,  4.04it/s][A

 77%|███████▋  | 121/157 [00:30<00:08,  4.05it/s][A

 78%|███████▊  | 122/157 [00:31<00:08,  4.05it/s][A

 78%|███████▊  | 123/157 [00:31<00:08,  4.06it/s][A

 79%|███████▉  | 124/157 [00:31<00:08,  4.06it/s][A

 80%|███████▉  | 125/157 [00:31<00:07,  4.08it/s][A

 80%|████████  | 126/157 [00:32<00:07,  4.08it/s][A

 81%|████████  | 127/157 [00:32<00:07,  4.08it/s][A

 82%|████████▏ | 128/157 [00:32<00:07,  4.06it/s][A

 82%|████████▏ | 129/157 [00:32<00:06,  4.02it/s][A

 83%|████████▎ | 130/157 [00:33<00:06,  3.99it/s][A

 83%|████████▎ | 131/157 [00:33<00:06,  3.94it/s][A

 84%|████████▍ | 132/157 [00:33<00:06,  3.90it/s][A

 85%|████████▍ | 133/157 [00:33<00:06,  3.87it/s][A

 85%|████████▌ | 134/157 [00:34<00:05,  3.87it/s][A

 86%|████████▌ | 135/157 [00:34<00:05,  3.85it/s][A

 87%|████████▋ | 136/157 [00:34<00:05,  3.85it/s][A

 87%|████████▋ | 137/157 [00:34<00:05,  3.85it/s][A

 88%|████████▊ | 138/157 [00:35<00:04,  3.87it/s][A

 89%|████████▊ | 139/157 [00:35<00:04,  3.88it/s][A

 89%|████████▉ | 140/157 [00:35<00:04,  3.87it/s][A

 90%|████████▉ | 141/157 [00:35<00:04,  3.85it/s][A

 90%|█████████ | 142/157 [00:36<00:03,  3.86it/s][A

 91%|█████████ | 143/157 [00:36<00:03,  3.86it/s][A

 92%|█████████▏| 144/157 [00:36<00:03,  3.87it/s][A

 92%|█████████▏| 145/157 [00:37<00:03,  3.87it/s][A

 93%|█████████▎| 146/157 [00:37<00:02,  3.87it/s][A

 94%|█████████▎| 147/157 [00:37<00:02,  3.85it/s][A

 94%|█████████▍| 148/157 [00:37<00:02,  3.84it/s][A

 95%|█████████▍| 149/157 [00:38<00:02,  3.83it/s][A

 96%|█████████▌| 150/157 [00:38<00:01,  3.83it/s][A

 96%|█████████▌| 151/157 [00:38<00:01,  3.84it/s][A

 97%|█████████▋| 152/157 [00:38<00:01,  3.85it/s][A

 97%|█████████▋| 153/157 [00:39<00:01,  3.86it/s][A

 98%|█████████▊| 154/157 [00:39<00:00,  3.85it/s][A

 99%|█████████▊| 155/157 [00:39<00:00,  3.84it/s][A

 99%|█████████▉| 156/157 [00:39<00:00,  3.83it/s][A

100%|██████████| 157/157 [00:40<00:00,  4.14it/s][A
                                                      

                                                 
[A{'eval_loss': 5.810913562774658, 'eval_runtime': 40.4354, 'eval_samples_per_second': 123.654, 'eval_steps_per_second': 3.883, 'epoch': 0.0}

  0%|          | 300/60627 [05:50<12:30:51,  1.34it/s]

100%|██████████| 157/157 [00:40<00:00,  4.14it/s][A

                                                 [A
  0%|          | 301/60627 [05:53<227:53:49, 13.60s/it]
                                                       
{'loss': 5.167, 'grad_norm': 0.73046875, 'learning_rate': 0.0009999579759248504, 'epoch': 0.0}

  0%|          | 301/60627 [05:53<227:53:49, 13.60s/it]
  0%|          | 302/60627 [05:54<163:16:46,  9.74s/it]
                                                       
{'loss': 5.3497, 'grad_norm': 0.69921875, 'learning_rate': 0.0009999576390646208, 'epoch': 0.0}

  0%|          | 302/60627 [05:54<163:16:46,  9.74s/it]
  0%|          | 303/60627 [05:55<118:03:07,  7.05s/it]
                                                       
{'loss': 5.1357, 'grad_norm': 0.76953125, 'learning_rate': 0.0009999573008597157, 'epoch': 0.0}

  0%|          | 303/60627 [05:55<118:03:07,  7.05s/it]
  1%|          | 304/60627 [05:55<86:25:16,  5.16s/it] 
                                                      
{'loss': 5.0723, 'grad_norm': 0.72265625, 'learning_rate': 0.0009999569613101363, 'epoch': 0.01}

  1%|          | 304/60627 [05:55<86:25:16,  5.16s/it]
  1%|          | 305/60627 [05:56<64:13:56,  3.83s/it]{'loss': 4.8563, 'grad_norm': 0.859375, 'learning_rate': 0.0009999566204158834, 'epoch': 0.01}

                                                      

  1%|          | 305/60627 [05:56<64:13:56,  3.83s/it]
  1%|          | 306/60627 [05:57<48:42:21,  2.91s/it]
                                                      
{'loss': 5.1453, 'grad_norm': 0.69140625, 'learning_rate': 0.000999956278176958, 'epoch': 0.01}

  1%|          | 306/60627 [05:57<48:42:21,  2.91s/it]
  1%|          | 307/60627 [05:58<37:50:48,  2.26s/it]{'loss': 5.1605, 'grad_norm': 0.8359375, 'learning_rate': 0.0009999559345933609, 'epoch': 0.01}

                                                      

  1%|          | 307/60627 [05:58<37:50:48,  2.26s/it]
  1%|          | 308/60627 [05:58<30:14:42,  1.81s/it]
                                                      
{'loss': 4.956, 'grad_norm': 0.859375, 'learning_rate': 0.000999955589665093, 'epoch': 0.01}

  1%|          | 308/60627 [05:58<30:14:42,  1.81s/it]
  1%|          | 309/60627 [05:59<24:58:23,  1.49s/it]
                                                      
{'loss': 5.5907, 'grad_norm': 0.71484375, 'learning_rate': 0.0009999552433921555, 'epoch': 0.01}

  1%|          | 309/60627 [05:59<24:58:23,  1.49s/it]
  1%|          | 310/60627 [06:00<21:14:55,  1.27s/it]
                                                      
{'loss': 5.1554, 'grad_norm': 0.76953125, 'learning_rate': 0.000999954895774549, 'epoch': 0.01}

  1%|          | 310/60627 [06:00<21:14:55,  1.27s/it]
  1%|          | 311/60627 [06:01<18:37:59,  1.11s/it]
                                                      
{'loss': 5.3375, 'grad_norm': 0.81640625, 'learning_rate': 0.0009999545468122747, 'epoch': 0.01}

  1%|          | 311/60627 [06:01<18:37:59,  1.11s/it]
  1%|          | 312/60627 [06:01<16:47:19,  1.00s/it]
                                                      
{'loss': 4.9575, 'grad_norm': 0.80859375, 'learning_rate': 0.0009999541965053332, 'epoch': 0.01}

  1%|          | 312/60627 [06:01<16:47:19,  1.00s/it]
  1%|          | 313/60627 [06:02<15:28:51,  1.08it/s]{'loss': 5.3689, 'grad_norm': 0.75390625, 'learning_rate': 0.0009999538448537259, 'epoch': 0.01}

                                                      

  1%|          | 313/60627 [06:02<15:28:51,  1.08it/s]
  1%|          | 314/60627 [06:03<14:34:35,  1.15it/s]
                                                      
{'loss': 5.4674, 'grad_norm': 0.73046875, 'learning_rate': 0.000999953491857453, 'epoch': 0.01}

  1%|          | 314/60627 [06:03<14:34:35,  1.15it/s]
  1%|          | 315/60627 [06:04<14:00:28,  1.20it/s]
                                                      
{'loss': 5.6346, 'grad_norm': 0.8359375, 'learning_rate': 0.0009999531375165164, 'epoch': 0.01}

  1%|          | 315/60627 [06:04<14:00:28,  1.20it/s]
  1%|          | 316/60627 [06:04<13:32:56,  1.24it/s]{'loss': 5.2449, 'grad_norm': 0.67578125, 'learning_rate': 0.0009999527818309165, 'epoch': 0.01}

                                                      

  1%|          | 316/60627 [06:04<13:32:56,  1.24it/s]
  1%|          | 317/60627 [06:05<13:15:04,  1.26it/s]
                                                      
{'loss': 5.3375, 'grad_norm': 0.75390625, 'learning_rate': 0.0009999524248006544, 'epoch': 0.01}

  1%|          | 317/60627 [06:05<13:15:04,  1.26it/s]
  1%|          | 318/60627 [06:06<13:03:17,  1.28it/s]
                                                      
{'loss': 5.1549, 'grad_norm': 0.703125, 'learning_rate': 0.000999952066425731, 'epoch': 0.01}

  1%|          | 318/60627 [06:06<13:03:17,  1.28it/s]
  1%|          | 319/60627 [06:07<12:53:01,  1.30it/s]
                                                      
{'loss': 5.128, 'grad_norm': 0.8828125, 'learning_rate': 0.0009999517067061472, 'epoch': 0.01}

  1%|          | 319/60627 [06:07<12:53:01,  1.30it/s]
  1%|          | 320/60627 [06:07<12:47:02,  1.31it/s]
                                                      
{'loss': 4.9888, 'grad_norm': 0.7421875, 'learning_rate': 0.000999951345641904, 'epoch': 0.01}

  1%|          | 320/60627 [06:07<12:47:02,  1.31it/s]
  1%|          | 321/60627 [06:08<12:43:56,  1.32it/s]{'loss': 5.1269, 'grad_norm': 0.7578125, 'learning_rate': 0.0009999509832330025, 'epoch': 0.01}

                                                      

  1%|          | 321/60627 [06:08<12:43:56,  1.32it/s]
  1%|          | 322/60627 [06:09<12:38:34,  1.32it/s]
                                                      
{'loss': 5.2391, 'grad_norm': 1.0859375, 'learning_rate': 0.0009999506194794435, 'epoch': 0.01}

  1%|          | 322/60627 [06:09<12:38:34,  1.32it/s]
  1%|          | 323/60627 [06:10<12:38:28,  1.33it/s]
                                                      
{'loss': 5.4225, 'grad_norm': 0.703125, 'learning_rate': 0.0009999502543812282, 'epoch': 0.01}

  1%|          | 323/60627 [06:10<12:38:28,  1.33it/s]
  1%|          | 324/60627 [06:10<12:36:58,  1.33it/s]{'loss': 4.7623, 'grad_norm': 0.8671875, 'learning_rate': 0.0009999498879383576, 'epoch': 0.01}

                                                      

  1%|          | 324/60627 [06:10<12:36:58,  1.33it/s]
  1%|          | 325/60627 [06:11<12:37:26,  1.33it/s]
                                                      
{'loss': 5.3521, 'grad_norm': 1.046875, 'learning_rate': 0.000999949520150832, 'epoch': 0.01}

  1%|          | 325/60627 [06:11<12:37:26,  1.33it/s]
  1%|          | 326/60627 [06:12<12:36:44,  1.33it/s]
                                                      
{'loss': 5.178, 'grad_norm': 0.8203125, 'learning_rate': 0.0009999491510186535, 'epoch': 0.01}

  1%|          | 326/60627 [06:12<12:36:44,  1.33it/s]
  1%|          | 327/60627 [06:13<12:34:48,  1.33it/s]
                                                      
{'loss': 4.9986, 'grad_norm': 0.99609375, 'learning_rate': 0.0009999487805418222, 'epoch': 0.01}

  1%|          | 327/60627 [06:13<12:34:48,  1.33it/s]
  1%|          | 328/60627 [06:13<12:35:57,  1.33it/s]{'loss': 5.4595, 'grad_norm': 0.7421875, 'learning_rate': 0.0009999484087203395, 'epoch': 0.01}

                                                      

  1%|          | 328/60627 [06:13<12:35:57,  1.33it/s]
  1%|          | 329/60627 [06:14<12:33:46,  1.33it/s]
                                                      
{'loss': 5.1862, 'grad_norm': 0.72265625, 'learning_rate': 0.0009999480355542063, 'epoch': 0.01}

  1%|          | 329/60627 [06:14<12:33:46,  1.33it/s]
  1%|          | 330/60627 [06:15<12:33:31,  1.33it/s]
                                                      
{'loss': 5.1938, 'grad_norm': 0.71875, 'learning_rate': 0.0009999476610434237, 'epoch': 0.01}

  1%|          | 330/60627 [06:15<12:33:31,  1.33it/s]
  1%|          | 331/60627 [06:16<12:34:08,  1.33it/s]
                                                      
{'loss': 5.0223, 'grad_norm': 0.85546875, 'learning_rate': 0.0009999472851879925, 'epoch': 0.01}

  1%|          | 331/60627 [06:16<12:34:08,  1.33it/s]
  1%|          | 332/60627 [06:16<12:31:15,  1.34it/s]{'loss': 4.6528, 'grad_norm': 0.7265625, 'learning_rate': 0.000999946907987914, 'epoch': 0.01}

                                                      

  1%|          | 332/60627 [06:16<12:31:15,  1.34it/s]
  1%|          | 333/60627 [06:17<12:33:28,  1.33it/s]
                                                      
{'loss': 5.2871, 'grad_norm': 0.765625, 'learning_rate': 0.000999946529443189, 'epoch': 0.01}

  1%|          | 333/60627 [06:17<12:33:28,  1.33it/s]
  1%|          | 334/60627 [06:18<12:32:08,  1.34it/s]
                                                      
{'loss': 5.2284, 'grad_norm': 0.7265625, 'learning_rate': 0.0009999461495538184, 'epoch': 0.01}

  1%|          | 334/60627 [06:18<12:32:08,  1.34it/s]
  1%|          | 335/60627 [06:19<12:33:01,  1.33it/s]
                                                      
{'loss': 5.1504, 'grad_norm': 0.7734375, 'learning_rate': 0.0009999457683198037, 'epoch': 0.01}

  1%|          | 335/60627 [06:19<12:33:01,  1.33it/s]
  1%|          | 336/60627 [06:19<12:29:49,  1.34it/s]
                                                      
{'loss': 5.4096, 'grad_norm': 0.7421875, 'learning_rate': 0.0009999453857411453, 'epoch': 0.01}

  1%|          | 336/60627 [06:19<12:29:49,  1.34it/s]
  1%|          | 337/60627 [06:20<12:30:17,  1.34it/s]
                                                      
{'loss': 5.0846, 'grad_norm': 0.69921875, 'learning_rate': 0.0009999450018178448, 'epoch': 0.01}

  1%|          | 337/60627 [06:20<12:30:17,  1.34it/s]
  1%|          | 338/60627 [06:21<12:28:41,  1.34it/s]
                                                      
{'loss': 4.8016, 'grad_norm': 0.86328125, 'learning_rate': 0.000999944616549903, 'epoch': 0.01}

  1%|          | 338/60627 [06:21<12:28:41,  1.34it/s]
  1%|          | 339/60627 [06:21<12:30:24,  1.34it/s]
                                                      
{'loss': 5.1679, 'grad_norm': 0.73046875, 'learning_rate': 0.0009999442299373205, 'epoch': 0.01}

  1%|          | 339/60627 [06:22<12:30:24,  1.34it/s]
  1%|          | 340/60627 [06:22<12:32:40,  1.33it/s]
                                                      
{'loss': 5.1836, 'grad_norm': 0.640625, 'learning_rate': 0.0009999438419800992, 'epoch': 0.01}

  1%|          | 340/60627 [06:22<12:32:40,  1.33it/s]
  1%|          | 341/60627 [06:23<12:33:18,  1.33it/s]
                                                      
{'loss': 4.972, 'grad_norm': 0.71484375, 'learning_rate': 0.0009999434526782394, 'epoch': 0.01}

  1%|          | 341/60627 [06:23<12:33:18,  1.33it/s]
  1%|          | 342/60627 [06:24<12:36:17,  1.33it/s]
                                                      
{'loss': 5.4908, 'grad_norm': 0.61328125, 'learning_rate': 0.0009999430620317427, 'epoch': 0.01}

  1%|          | 342/60627 [06:24<12:36:17,  1.33it/s]
  1%|          | 343/60627 [06:25<12:37:10,  1.33it/s]
                                                      
{'loss': 5.5009, 'grad_norm': 0.7109375, 'learning_rate': 0.0009999426700406098, 'epoch': 0.01}

  1%|          | 343/60627 [06:25<12:37:10,  1.33it/s]
  1%|          | 344/60627 [06:25<12:34:42,  1.33it/s]
                                                      
{'loss': 5.0065, 'grad_norm': 0.703125, 'learning_rate': 0.0009999422767048417, 'epoch': 0.01}

  1%|          | 344/60627 [06:25<12:34:42,  1.33it/s]
  1%|          | 345/60627 [06:26<12:29:48,  1.34it/s]
                                                      
{'loss': 5.2953, 'grad_norm': 0.75, 'learning_rate': 0.0009999418820244399, 'epoch': 0.01}

  1%|          | 345/60627 [06:26<12:29:48,  1.34it/s]
  1%|          | 346/60627 [06:27<12:30:11,  1.34it/s]{'loss': 4.9886, 'grad_norm': 0.66796875, 'learning_rate': 0.0009999414859994049, 'epoch': 0.01}

                                                      

  1%|          | 346/60627 [06:27<12:30:11,  1.34it/s]
  1%|          | 347/60627 [06:27<12:30:55,  1.34it/s]
                                                      
{'loss': 5.2106, 'grad_norm': 0.91015625, 'learning_rate': 0.0009999410886297382, 'epoch': 0.01}

  1%|          | 347/60627 [06:28<12:30:55,  1.34it/s]
  1%|          | 348/60627 [06:28<12:33:49,  1.33it/s]
                                                      
{'loss': 5.432, 'grad_norm': 0.70703125, 'learning_rate': 0.0009999406899154407, 'epoch': 0.01}

  1%|          | 348/60627 [06:28<12:33:49,  1.33it/s]
  1%|          | 349/60627 [06:29<12:34:25,  1.33it/s]
                                                      
{'loss': 5.0659, 'grad_norm': 0.70703125, 'learning_rate': 0.0009999402898565133, 'epoch': 0.01}

  1%|          | 349/60627 [06:29<12:34:25,  1.33it/s]
  1%|          | 350/60627 [06:30<12:34:15,  1.33it/s]
                                                      
{'loss': 5.2821, 'grad_norm': 0.734375, 'learning_rate': 0.0009999398884529573, 'epoch': 0.01}

  1%|          | 350/60627 [06:30<12:34:15,  1.33it/s]
  1%|          | 351/60627 [06:31<12:33:10,  1.33it/s]
                                                      
{'loss': 4.9766, 'grad_norm': 0.73828125, 'learning_rate': 0.000999939485704774, 'epoch': 0.01}

  1%|          | 351/60627 [06:31<12:33:10,  1.33it/s]
  1%|          | 352/60627 [06:31<12:33:30,  1.33it/s]
                                                      
{'loss': 5.0809, 'grad_norm': 0.74609375, 'learning_rate': 0.000999939081611964, 'epoch': 0.01}

  1%|          | 352/60627 [06:31<12:33:30,  1.33it/s]
  1%|          | 353/60627 [06:32<12:33:54,  1.33it/s]
                                                      
{'loss': 4.8326, 'grad_norm': 0.7109375, 'learning_rate': 0.0009999386761745286, 'epoch': 0.01}

  1%|          | 353/60627 [06:32<12:33:54,  1.33it/s]
  1%|          | 354/60627 [06:33<12:35:11,  1.33it/s]
                                                      
{'loss': 5.0917, 'grad_norm': 0.66015625, 'learning_rate': 0.000999938269392469, 'epoch': 0.01}

  1%|          | 354/60627 [06:33<12:35:11,  1.33it/s]
  1%|          | 355/60627 [06:34<12:33:55,  1.33it/s]
                                                      
{'loss': 5.0272, 'grad_norm': 0.77734375, 'learning_rate': 0.000999937861265786, 'epoch': 0.01}

  1%|          | 355/60627 [06:34<12:33:55,  1.33it/s]
  1%|          | 356/60627 [06:34<12:32:11,  1.34it/s]
                                                      
{'loss': 5.2813, 'grad_norm': 0.75, 'learning_rate': 0.000999937451794481, 'epoch': 0.01}

  1%|          | 356/60627 [06:34<12:32:11,  1.34it/s]
  1%|          | 357/60627 [06:35<12:33:34,  1.33it/s]{'loss': 4.9759, 'grad_norm': 0.74609375, 'learning_rate': 0.0009999370409785552, 'epoch': 0.01}

                                                      

  1%|          | 357/60627 [06:35<12:33:34,  1.33it/s]
  1%|          | 358/60627 [06:36<12:35:04,  1.33it/s]
                                                      
{'loss': 5.5673, 'grad_norm': 0.7265625, 'learning_rate': 0.000999936628818009, 'epoch': 0.01}

  1%|          | 358/60627 [06:36<12:35:04,  1.33it/s]
  1%|          | 359/60627 [06:37<12:31:23,  1.34it/s]{'loss': 4.9631, 'grad_norm': 0.65234375, 'learning_rate': 0.0009999362153128445, 'epoch': 0.01}

                                                      

  1%|          | 359/60627 [06:37<12:31:23,  1.34it/s]
  1%|          | 360/60627 [06:37<12:33:28,  1.33it/s]{'loss': 4.7583, 'grad_norm': 0.7578125, 'learning_rate': 0.000999935800463062, 'epoch': 0.01}

                                                      

  1%|          | 360/60627 [06:37<12:33:28,  1.33it/s]
  1%|          | 361/60627 [06:38<12:32:40,  1.33it/s]{'loss': 5.2776, 'grad_norm': 0.75, 'learning_rate': 0.0009999353842686629, 'epoch': 0.01}

                                                      

  1%|          | 361/60627 [06:38<12:32:40,  1.33it/s]
  1%|          | 362/60627 [06:39<12:33:01,  1.33it/s]
                                                      
{'loss': 5.1609, 'grad_norm': 0.7578125, 'learning_rate': 0.0009999349667296484, 'epoch': 0.01}

  1%|          | 362/60627 [06:39<12:33:01,  1.33it/s]
  1%|          | 363/60627 [06:40<12:33:30,  1.33it/s]
                                                      
{'loss': 5.0732, 'grad_norm': 0.62890625, 'learning_rate': 0.0009999345478460197, 'epoch': 0.01}

  1%|          | 363/60627 [06:40<12:33:30,  1.33it/s]
  1%|          | 364/60627 [06:40<12:31:42,  1.34it/s]
                                                      
{'loss': 5.2028, 'grad_norm': 0.71484375, 'learning_rate': 0.0009999341276177777, 'epoch': 0.01}

  1%|          | 364/60627 [06:40<12:31:42,  1.34it/s]
  1%|          | 365/60627 [06:41<12:32:34,  1.33it/s]
                                                      
{'loss': 5.4718, 'grad_norm': 0.6875, 'learning_rate': 0.0009999337060449236, 'epoch': 0.01}

  1%|          | 365/60627 [06:41<12:32:34,  1.33it/s]
  1%|          | 366/60627 [06:42<12:32:41,  1.33it/s]
                                                      
{'loss': 5.0688, 'grad_norm': 0.89453125, 'learning_rate': 0.0009999332831274587, 'epoch': 0.01}

  1%|          | 366/60627 [06:42<12:32:41,  1.33it/s]
  1%|          | 367/60627 [06:43<12:32:59,  1.33it/s]
                                                      
{'loss': 5.0288, 'grad_norm': 0.6953125, 'learning_rate': 0.000999932858865384, 'epoch': 0.01}

  1%|          | 367/60627 [06:43<12:32:59,  1.33it/s]
  1%|          | 368/60627 [06:43<12:32:58,  1.33it/s]
                                                      
{'loss': 4.9132, 'grad_norm': 0.76953125, 'learning_rate': 0.0009999324332587004, 'epoch': 0.01}

  1%|          | 368/60627 [06:43<12:32:58,  1.33it/s]
  1%|          | 369/60627 [06:44<12:30:13,  1.34it/s]
                                                      
{'loss': 4.8996, 'grad_norm': 0.8203125, 'learning_rate': 0.0009999320063074095, 'epoch': 0.01}

  1%|          | 369/60627 [06:44<12:30:13,  1.34it/s]
  1%|          | 370/60627 [06:45<12:31:37,  1.34it/s]
                                                      
{'loss': 4.9351, 'grad_norm': 0.6484375, 'learning_rate': 0.000999931578011512, 'epoch': 0.01}

  1%|          | 370/60627 [06:45<12:31:37,  1.34it/s]
  1%|          | 371/60627 [06:45<12:31:52,  1.34it/s]
                                                      
{'loss': 5.1941, 'grad_norm': 0.74609375, 'learning_rate': 0.0009999311483710096, 'epoch': 0.01}

  1%|          | 371/60627 [06:46<12:31:52,  1.34it/s]
  1%|          | 372/60627 [06:46<12:33:33,  1.33it/s]
                                                      
{'loss': 4.7575, 'grad_norm': 0.69140625, 'learning_rate': 0.0009999307173859029, 'epoch': 0.01}

  1%|          | 372/60627 [06:46<12:33:33,  1.33it/s]
  1%|          | 373/60627 [06:47<12:31:54,  1.34it/s]
                                                      
{'loss': 4.6547, 'grad_norm': 0.62890625, 'learning_rate': 0.0009999302850561935, 'epoch': 0.01}

  1%|          | 373/60627 [06:47<12:31:54,  1.34it/s]
  1%|          | 374/60627 [06:48<12:33:55,  1.33it/s]
                                                      
{'loss': 5.041, 'grad_norm': 0.76953125, 'learning_rate': 0.0009999298513818822, 'epoch': 0.01}

  1%|          | 374/60627 [06:48<12:33:55,  1.33it/s]
  1%|          | 375/60627 [06:48<12:33:47,  1.33it/s]
                                                      
{'loss': 5.0825, 'grad_norm': 0.78125, 'learning_rate': 0.0009999294163629705, 'epoch': 0.01}

  1%|          | 375/60627 [06:49<12:33:47,  1.33it/s]
  1%|          | 376/60627 [06:49<12:35:30,  1.33it/s]
                                                      
{'loss': 5.05, 'grad_norm': 0.66796875, 'learning_rate': 0.0009999289799994592, 'epoch': 0.01}

  1%|          | 376/60627 [06:49<12:35:30,  1.33it/s]
  1%|          | 377/60627 [06:50<12:37:25,  1.33it/s]
                                                      
{'loss': 5.4052, 'grad_norm': 0.64453125, 'learning_rate': 0.0009999285422913496, 'epoch': 0.01}

  1%|          | 377/60627 [06:50<12:37:25,  1.33it/s]
  1%|          | 378/60627 [06:51<12:34:33,  1.33it/s]
                                                      
{'loss': 4.9366, 'grad_norm': 0.69921875, 'learning_rate': 0.000999928103238643, 'epoch': 0.01}

  1%|          | 378/60627 [06:51<12:34:33,  1.33it/s]
  1%|          | 379/60627 [06:52<12:33:15,  1.33it/s]{'loss': 4.8019, 'grad_norm': 0.734375, 'learning_rate': 0.0009999276628413407, 'epoch': 0.01}

                                                      

  1%|          | 379/60627 [06:52<12:33:15,  1.33it/s]
  1%|          | 380/60627 [06:52<12:31:44,  1.34it/s]{'loss': 4.7314, 'grad_norm': 0.640625, 'learning_rate': 0.0009999272210994437, 'epoch': 0.01}

                                                      

  1%|          | 380/60627 [06:52<12:31:44,  1.34it/s]
  1%|          | 381/60627 [06:53<12:28:00,  1.34it/s]
                                                      
{'loss': 4.8049, 'grad_norm': 0.71875, 'learning_rate': 0.000999926778012953, 'epoch': 0.01}

  1%|          | 381/60627 [06:53<12:28:00,  1.34it/s]
  1%|          | 382/60627 [06:54<12:31:09,  1.34it/s]
                                                      
{'loss': 4.9128, 'grad_norm': 0.6484375, 'learning_rate': 0.0009999263335818702, 'epoch': 0.01}

  1%|          | 382/60627 [06:54<12:31:09,  1.34it/s]
  1%|          | 383/60627 [06:54<12:29:53,  1.34it/s]
                                                      
{'loss': 5.0794, 'grad_norm': 0.70703125, 'learning_rate': 0.0009999258878061962, 'epoch': 0.01}

  1%|          | 383/60627 [06:54<12:29:53,  1.34it/s]
  1%|          | 384/60627 [06:55<12:33:32,  1.33it/s]
                                                      
{'loss': 5.0891, 'grad_norm': 0.80859375, 'learning_rate': 0.0009999254406859324, 'epoch': 0.01}

  1%|          | 384/60627 [06:55<12:33:32,  1.33it/s]
  1%|          | 385/60627 [06:56<12:30:55,  1.34it/s]
                                                      
{'loss': 5.0772, 'grad_norm': 0.66796875, 'learning_rate': 0.0009999249922210797, 'epoch': 0.01}

  1%|          | 385/60627 [06:56<12:30:55,  1.34it/s]
  1%|          | 386/60627 [06:57<12:28:50,  1.34it/s]
                                                      
{'loss': 5.0447, 'grad_norm': 0.92578125, 'learning_rate': 0.0009999245424116396, 'epoch': 0.01}

  1%|          | 386/60627 [06:57<12:28:50,  1.34it/s]
  1%|          | 387/60627 [06:57<12:29:30,  1.34it/s]
                                                      
{'loss': 4.8984, 'grad_norm': 0.7109375, 'learning_rate': 0.0009999240912576134, 'epoch': 0.01}

  1%|          | 387/60627 [06:57<12:29:30,  1.34it/s]
  1%|          | 388/60627 [06:58<12:29:30,  1.34it/s]
                                                      
{'loss': 4.9707, 'grad_norm': 0.70703125, 'learning_rate': 0.0009999236387590019, 'epoch': 0.01}

  1%|          | 388/60627 [06:58<12:29:30,  1.34it/s]
  1%|          | 389/60627 [06:59<12:31:08,  1.34it/s]
                                                      
{'loss': 4.9358, 'grad_norm': 0.8125, 'learning_rate': 0.0009999231849158064, 'epoch': 0.01}

  1%|          | 389/60627 [06:59<12:31:08,  1.34it/s]
  1%|          | 390/60627 [07:00<12:28:04,  1.34it/s]{'loss': 4.8355, 'grad_norm': 0.921875, 'learning_rate': 0.0009999227297280285, 'epoch': 0.01}

                                                      

  1%|          | 390/60627 [07:00<12:28:04,  1.34it/s]
  1%|          | 391/60627 [07:00<12:30:16,  1.34it/s]
                                                      
{'loss': 5.0514, 'grad_norm': 0.6328125, 'learning_rate': 0.000999922273195669, 'epoch': 0.01}

  1%|          | 391/60627 [07:00<12:30:16,  1.34it/s]
  1%|          | 392/60627 [07:01<12:29:08,  1.34it/s]
                                                      
{'loss': 4.8812, 'grad_norm': 0.78515625, 'learning_rate': 0.0009999218153187296, 'epoch': 0.01}

  1%|          | 392/60627 [07:01<12:29:08,  1.34it/s]
  1%|          | 393/60627 [07:02<12:31:09,  1.34it/s]
                                                      
{'loss': 4.7703, 'grad_norm': 0.80859375, 'learning_rate': 0.000999921356097211, 'epoch': 0.01}

  1%|          | 393/60627 [07:02<12:31:09,  1.34it/s]
  1%|          | 394/60627 [07:03<12:33:42,  1.33it/s]
                                                      
{'loss': 4.9329, 'grad_norm': 0.6953125, 'learning_rate': 0.0009999208955311146, 'epoch': 0.01}

  1%|          | 394/60627 [07:03<12:33:42,  1.33it/s]
  1%|          | 395/60627 [07:03<12:35:24,  1.33it/s]
                                                      
{'loss': 5.2416, 'grad_norm': 0.7421875, 'learning_rate': 0.000999920433620442, 'epoch': 0.01}

  1%|          | 395/60627 [07:03<12:35:24,  1.33it/s]
  1%|          | 396/60627 [07:04<12:33:01,  1.33it/s]
                                                      
{'loss': 5.0758, 'grad_norm': 0.6953125, 'learning_rate': 0.000999919970365194, 'epoch': 0.01}

  1%|          | 396/60627 [07:04<12:33:01,  1.33it/s]
  1%|          | 397/60627 [07:05<12:34:41,  1.33it/s]
                                                      
{'loss': 5.2302, 'grad_norm': 0.63671875, 'learning_rate': 0.0009999195057653718, 'epoch': 0.01}

  1%|          | 397/60627 [07:05<12:34:41,  1.33it/s]
  1%|          | 398/60627 [07:06<12:35:43,  1.33it/s]
                                                      
{'loss': 4.8571, 'grad_norm': 0.64453125, 'learning_rate': 0.0009999190398209772, 'epoch': 0.01}

  1%|          | 398/60627 [07:06<12:35:43,  1.33it/s]
  1%|          | 399/60627 [07:06<12:35:25,  1.33it/s]
                                                      
{'loss': 5.0514, 'grad_norm': 0.671875, 'learning_rate': 0.000999918572532011, 'epoch': 0.01}

  1%|          | 399/60627 [07:06<12:35:25,  1.33it/s]
  1%|          | 400/60627 [07:07<12:32:54,  1.33it/s]
                                                      
{'loss': 5.0187, 'grad_norm': 0.65625, 'learning_rate': 0.0009999181038984743, 'epoch': 0.01}

  1%|          | 400/60627 [07:07<12:32:54,  1.33it/s]

  0%|          | 0/157 [00:00<?, ?it/s][A

  1%|▏         | 2/157 [00:00<00:20,  7.58it/s][A

  2%|▏         | 3/157 [00:00<00:28,  5.38it/s][A

  3%|▎         | 4/157 [00:00<00:32,  4.67it/s][A

  3%|▎         | 5/157 [00:01<00:35,  4.34it/s][A

  4%|▍         | 6/157 [00:01<00:36,  4.15it/s][A

  4%|▍         | 7/157 [00:01<00:37,  4.05it/s][A

  5%|▌         | 8/157 [00:01<00:37,  3.99it/s][A

  6%|▌         | 9/157 [00:02<00:37,  3.95it/s][A

  6%|▋         | 10/157 [00:02<00:37,  3.90it/s][A

  7%|▋         | 11/157 [00:02<00:37,  3.88it/s][A

  8%|▊         | 12/157 [00:02<00:37,  3.86it/s][A

  8%|▊         | 13/157 [00:03<00:37,  3.85it/s][A

  9%|▉         | 14/157 [00:03<00:36,  3.88it/s][A

 10%|▉         | 15/157 [00:03<00:36,  3.86it/s][A

 10%|█         | 16/157 [00:03<00:36,  3.85it/s][A

 11%|█         | 17/157 [00:04<00:36,  3.84it/s][A

 11%|█▏        | 18/157 [00:04<00:36,  3.83it/s][A

 12%|█▏        | 19/157 [00:04<00:36,  3.83it/s][A

 13%|█▎        | 20/157 [00:04<00:35,  3.85it/s][A

 13%|█▎        | 21/157 [00:05<00:35,  3.84it/s][A

 14%|█▍        | 22/157 [00:05<00:35,  3.84it/s][A

 15%|█▍        | 23/157 [00:05<00:34,  3.84it/s][A

 15%|█▌        | 24/157 [00:05<00:34,  3.84it/s][A

 16%|█▌        | 25/157 [00:06<00:34,  3.83it/s][A

 17%|█▋        | 26/157 [00:06<00:34,  3.84it/s][A

 17%|█▋        | 27/157 [00:06<00:33,  3.83it/s][A

 18%|█▊        | 28/157 [00:07<00:33,  3.82it/s][A

 18%|█▊        | 29/157 [00:07<00:33,  3.82it/s][A

 19%|█▉        | 30/157 [00:07<00:33,  3.82it/s][A

 20%|█▉        | 31/157 [00:07<00:32,  3.83it/s][A

 20%|██        | 32/157 [00:08<00:32,  3.84it/s][A

 21%|██        | 33/157 [00:08<00:32,  3.82it/s][A

 22%|██▏       | 34/157 [00:08<00:32,  3.82it/s][A

 22%|██▏       | 35/157 [00:08<00:31,  3.82it/s][A

 23%|██▎       | 36/157 [00:09<00:31,  3.82it/s][A

 24%|██▎       | 37/157 [00:09<00:31,  3.82it/s][A

 24%|██▍       | 38/157 [00:09<00:31,  3.81it/s][A

 25%|██▍       | 39/157 [00:09<00:30,  3.81it/s][A

 25%|██▌       | 40/157 [00:10<00:30,  3.82it/s][A

 26%|██▌       | 41/157 [00:10<00:30,  3.82it/s][A

 27%|██▋       | 42/157 [00:10<00:30,  3.81it/s][A

 27%|██▋       | 43/157 [00:10<00:29,  3.81it/s][A

 28%|██▊       | 44/157 [00:11<00:29,  3.81it/s][A

 29%|██▊       | 45/157 [00:11<00:29,  3.84it/s][A

 29%|██▉       | 46/157 [00:11<00:28,  3.83it/s][A

 30%|██▉       | 47/157 [00:12<00:28,  3.83it/s][A

 31%|███       | 48/157 [00:12<00:28,  3.86it/s][A

 31%|███       | 49/157 [00:12<00:27,  3.88it/s][A

 32%|███▏      | 50/157 [00:12<00:27,  3.89it/s][A

 32%|███▏      | 51/157 [00:13<00:27,  3.90it/s][A

 33%|███▎      | 52/157 [00:13<00:27,  3.87it/s][A

 34%|███▍      | 53/157 [00:13<00:27,  3.85it/s][A

 34%|███▍      | 54/157 [00:13<00:26,  3.85it/s][A

 35%|███▌      | 55/157 [00:14<00:26,  3.84it/s][A

 36%|███▌      | 56/157 [00:14<00:26,  3.84it/s][A

 36%|███▋      | 57/157 [00:14<00:25,  3.85it/s][A

 37%|███▋      | 58/157 [00:14<00:25,  3.85it/s][A

 38%|███▊      | 59/157 [00:15<00:25,  3.85it/s][A

 38%|███▊      | 60/157 [00:15<00:25,  3.86it/s][A

 39%|███▉      | 61/157 [00:15<00:24,  3.85it/s][A

 39%|███▉      | 62/157 [00:15<00:24,  3.84it/s][A

 40%|████      | 63/157 [00:16<00:24,  3.83it/s][A

 41%|████      | 64/157 [00:16<00:24,  3.83it/s][A

 41%|████▏     | 65/157 [00:16<00:24,  3.83it/s][A

 42%|████▏     | 66/157 [00:16<00:23,  3.83it/s][A

 43%|████▎     | 67/157 [00:17<00:23,  3.83it/s][A

 43%|████▎     | 68/157 [00:17<00:23,  3.86it/s][A

 44%|████▍     | 69/157 [00:17<00:22,  3.84it/s][A

 45%|████▍     | 70/157 [00:17<00:22,  3.84it/s][A

 45%|████▌     | 71/157 [00:18<00:22,  3.83it/s][A

 46%|████▌     | 72/157 [00:18<00:22,  3.82it/s][A

 46%|████▋     | 73/157 [00:18<00:21,  3.85it/s][A

 47%|████▋     | 74/157 [00:19<00:21,  3.87it/s][A

 48%|████▊     | 75/157 [00:19<00:21,  3.89it/s][A

 48%|████▊     | 76/157 [00:19<00:20,  3.89it/s][A

 49%|████▉     | 77/157 [00:19<00:20,  3.90it/s][A

 50%|████▉     | 78/157 [00:20<00:20,  3.91it/s][A

 50%|█████     | 79/157 [00:20<00:19,  3.91it/s][A

 51%|█████     | 80/157 [00:20<00:19,  3.93it/s][A

 52%|█████▏    | 81/157 [00:20<00:19,  3.93it/s][A

 52%|█████▏    | 82/157 [00:21<00:19,  3.93it/s][A

 53%|█████▎    | 83/157 [00:21<00:18,  3.92it/s][A

 54%|█████▎    | 84/157 [00:21<00:18,  3.93it/s][A

 54%|█████▍    | 85/157 [00:21<00:18,  3.89it/s][A

 55%|█████▍    | 86/157 [00:22<00:18,  3.88it/s][A

 55%|█████▌    | 87/157 [00:22<00:17,  3.90it/s][A

 56%|█████▌    | 88/157 [00:22<00:17,  3.88it/s][A

 57%|█████▋    | 89/157 [00:22<00:17,  3.86it/s][A

 57%|█████▋    | 90/157 [00:23<00:17,  3.85it/s][A

 58%|█████▊    | 91/157 [00:23<00:17,  3.86it/s][A

 59%|█████▊    | 92/157 [00:23<00:16,  3.85it/s][A

 59%|█████▉    | 93/157 [00:23<00:16,  3.86it/s][A

 60%|█████▉    | 94/157 [00:24<00:16,  3.87it/s][A

 61%|██████    | 95/157 [00:24<00:15,  3.89it/s][A

 61%|██████    | 96/157 [00:24<00:15,  3.91it/s][A

 62%|██████▏   | 97/157 [00:24<00:15,  3.90it/s][A

 62%|██████▏   | 98/157 [00:25<00:15,  3.92it/s][A

 63%|██████▎   | 99/157 [00:25<00:14,  3.95it/s][A

 64%|██████▎   | 100/157 [00:25<00:14,  3.97it/s][A

 64%|██████▍   | 101/157 [00:25<00:14,  3.96it/s][A

 65%|██████▍   | 102/157 [00:26<00:13,  3.97it/s][A

 66%|██████▌   | 103/157 [00:26<00:13,  3.98it/s][A

 66%|██████▌   | 104/157 [00:26<00:13,  3.99it/s][A

 67%|██████▋   | 105/157 [00:26<00:12,  4.00it/s][A

 68%|██████▊   | 106/157 [00:27<00:12,  3.97it/s][A

 68%|██████▊   | 107/157 [00:27<00:12,  3.97it/s][A

 69%|██████▉   | 108/157 [00:27<00:12,  3.97it/s][A

 69%|██████▉   | 109/157 [00:27<00:12,  3.95it/s][A

 70%|███████   | 110/157 [00:28<00:11,  3.96it/s][A

 71%|███████   | 111/157 [00:28<00:11,  3.98it/s][A

 71%|███████▏  | 112/157 [00:28<00:11,  4.00it/s][A

 72%|███████▏  | 113/157 [00:28<00:10,  4.01it/s][A

 73%|███████▎  | 114/157 [00:29<00:10,  4.02it/s][A

 73%|███████▎  | 115/157 [00:29<00:10,  4.02it/s][A

 74%|███████▍  | 116/157 [00:29<00:10,  4.02it/s][A

 75%|███████▍  | 117/157 [00:29<00:09,  4.02it/s][A

 75%|███████▌  | 118/157 [00:30<00:09,  4.03it/s][A

 76%|███████▌  | 119/157 [00:30<00:09,  4.03it/s][A

 76%|███████▋  | 120/157 [00:30<00:09,  4.04it/s][A

 77%|███████▋  | 121/157 [00:30<00:08,  4.05it/s][A

 78%|███████▊  | 122/157 [00:31<00:08,  4.05it/s][A

 78%|███████▊  | 123/157 [00:31<00:08,  4.05it/s][A

 79%|███████▉  | 124/157 [00:31<00:08,  4.06it/s][A

 80%|███████▉  | 125/157 [00:31<00:07,  4.07it/s][A

 80%|████████  | 126/157 [00:32<00:07,  4.08it/s][A

 81%|████████  | 127/157 [00:32<00:07,  4.08it/s][A

 82%|████████▏ | 128/157 [00:32<00:07,  4.05it/s][A

 82%|████████▏ | 129/157 [00:32<00:06,  4.02it/s][A

 83%|████████▎ | 130/157 [00:33<00:06,  3.99it/s][A

 83%|████████▎ | 131/157 [00:33<00:06,  3.94it/s][A

 84%|████████▍ | 132/157 [00:33<00:06,  3.90it/s][A

 85%|████████▍ | 133/157 [00:33<00:06,  3.88it/s][A

 85%|████████▌ | 134/157 [00:34<00:05,  3.87it/s][A

 86%|████████▌ | 135/157 [00:34<00:05,  3.85it/s][A

 87%|████████▋ | 136/157 [00:34<00:05,  3.85it/s][A

 87%|████████▋ | 137/157 [00:34<00:05,  3.85it/s][A

 88%|████████▊ | 138/157 [00:35<00:04,  3.87it/s][A

 89%|████████▊ | 139/157 [00:35<00:04,  3.87it/s][A

 89%|████████▉ | 140/157 [00:35<00:04,  3.86it/s][A

 90%|████████▉ | 141/157 [00:36<00:04,  3.84it/s][A

 90%|█████████ | 142/157 [00:36<00:03,  3.85it/s][A

 91%|█████████ | 143/157 [00:36<00:03,  3.86it/s][A

 92%|█████████▏| 144/157 [00:36<00:03,  3.88it/s][A

 92%|█████████▏| 145/157 [00:37<00:03,  3.87it/s][A

 93%|█████████▎| 146/157 [00:37<00:02,  3.86it/s][A

 94%|█████████▎| 147/157 [00:37<00:02,  3.85it/s][A

 94%|█████████▍| 148/157 [00:37<00:02,  3.84it/s][A

 95%|█████████▍| 149/157 [00:38<00:02,  3.84it/s][A

 96%|█████████▌| 150/157 [00:38<00:01,  3.83it/s][A

 96%|█████████▌| 151/157 [00:38<00:01,  3.84it/s][A

 97%|█████████▋| 152/157 [00:38<00:01,  3.85it/s][A

 97%|█████████▋| 153/157 [00:39<00:01,  3.85it/s][A

 98%|█████████▊| 154/157 [00:39<00:00,  3.85it/s][A

 99%|█████████▊| 155/157 [00:39<00:00,  3.84it/s][A

 99%|█████████▉| 156/157 [00:39<00:00,  3.83it/s][A

100%|██████████| 157/157 [00:40<00:00,  4.13it/s][A
                                                      

                                                 
[A{'eval_loss': 5.550302982330322, 'eval_runtime': 40.4986, 'eval_samples_per_second': 123.461, 'eval_steps_per_second': 3.877, 'epoch': 0.01}

  1%|          | 400/60627 [07:48<12:32:54,  1.33it/s]

100%|██████████| 157/157 [00:40<00:00,  4.13it/s][A

                                                 [A
  1%|          | 401/60627 [07:51<227:58:16, 13.63s/it]
                                                       
{'loss': 4.8417, 'grad_norm': 0.69140625, 'learning_rate': 0.000999917633920369, 'epoch': 0.01}

  1%|          | 401/60627 [07:51<227:58:16, 13.63s/it]
  1%|          | 402/60627 [07:52<163:24:01,  9.77s/it]
                                                       
{'loss': 4.7361, 'grad_norm': 0.60546875, 'learning_rate': 0.0009999171625976958, 'epoch': 0.01}

  1%|          | 402/60627 [07:52<163:24:01,  9.77s/it]
  1%|          | 403/60627 [07:52<118:09:05,  7.06s/it]
                                                       
{'loss': 5.1634, 'grad_norm': 0.64453125, 'learning_rate': 0.000999916689930456, 'epoch': 0.01}

  1%|          | 403/60627 [07:52<118:09:05,  7.06s/it]
  1%|          | 404/60627 [07:53<86:27:38,  5.17s/it] 
                                                      
{'loss': 5.0852, 'grad_norm': 0.734375, 'learning_rate': 0.0009999162159186514, 'epoch': 0.01}

  1%|          | 404/60627 [07:53<86:27:38,  5.17s/it]
  1%|          | 405/60627 [07:54<64:15:40,  3.84s/it]
                                                      
{'loss': 4.7845, 'grad_norm': 0.77734375, 'learning_rate': 0.0009999157405622828, 'epoch': 0.01}

  1%|          | 405/60627 [07:54<64:15:40,  3.84s/it]
  1%|          | 406/60627 [07:55<48:43:00,  2.91s/it]{'loss': 5.0307, 'grad_norm': 0.78515625, 'learning_rate': 0.0009999152638613513, 'epoch': 0.01}

                                                      

  1%|          | 406/60627 [07:55<48:43:00,  2.91s/it]
  1%|          | 407/60627 [07:55<37:52:30,  2.26s/it]
                                                      
{'loss': 5.0471, 'grad_norm': 0.75390625, 'learning_rate': 0.0009999147858158587, 'epoch': 0.01}

  1%|          | 407/60627 [07:55<37:52:30,  2.26s/it]
  1%|          | 408/60627 [07:56<30:12:50,  1.81s/it]
                                                      
{'loss': 4.6953, 'grad_norm': 0.68359375, 'learning_rate': 0.0009999143064258061, 'epoch': 0.01}

  1%|          | 408/60627 [07:56<30:12:50,  1.81s/it]
  1%|          | 409/60627 [07:57<24:53:39,  1.49s/it]
                                                      
{'loss': 4.9932, 'grad_norm': 0.80078125, 'learning_rate': 0.0009999138256911945, 'epoch': 0.01}

  1%|          | 409/60627 [07:57<24:53:39,  1.49s/it]
  1%|          | 410/60627 [07:58<21:12:31,  1.27s/it]
                                                      
{'loss': 4.6662, 'grad_norm': 0.68359375, 'learning_rate': 0.0009999133436120256, 'epoch': 0.01}

  1%|          | 410/60627 [07:58<21:12:31,  1.27s/it]
  1%|          | 411/60627 [07:58<18:37:59,  1.11s/it]
                                                      
{'loss': 4.9638, 'grad_norm': 0.69140625, 'learning_rate': 0.0009999128601883005, 'epoch': 0.01}

  1%|          | 411/60627 [07:58<18:37:59,  1.11s/it]
  1%|          | 412/60627 [07:59<16:48:58,  1.01s/it]
                                                      
{'loss': 5.1591, 'grad_norm': 0.6796875, 'learning_rate': 0.0009999123754200205, 'epoch': 0.01}

  1%|          | 412/60627 [07:59<16:48:58,  1.01s/it]
  1%|          | 413/60627 [08:00<15:28:28,  1.08it/s]
                                                      
{'loss': 4.9867, 'grad_norm': 0.74609375, 'learning_rate': 0.000999911889307187, 'epoch': 0.01}

  1%|          | 413/60627 [08:00<15:28:28,  1.08it/s]
  1%|          | 414/60627 [08:01<14:36:27,  1.15it/s]
                                                      
{'loss': 4.6887, 'grad_norm': 0.87890625, 'learning_rate': 0.0009999114018498013, 'epoch': 0.01}

  1%|          | 414/60627 [08:01<14:36:27,  1.15it/s]
  1%|          | 415/60627 [08:01<13:55:35,  1.20it/s]
                                                      
{'loss': 4.905, 'grad_norm': 0.8984375, 'learning_rate': 0.0009999109130478644, 'epoch': 0.01}

  1%|          | 415/60627 [08:01<13:55:35,  1.20it/s]
  1%|          | 416/60627 [08:02<13:28:49,  1.24it/s]
                                                      
{'loss': 5.006, 'grad_norm': 0.7421875, 'learning_rate': 0.000999910422901378, 'epoch': 0.01}

  1%|          | 416/60627 [08:02<13:28:49,  1.24it/s]
  1%|          | 417/60627 [08:03<13:11:04,  1.27it/s]
                                                      
{'loss': 5.0672, 'grad_norm': 0.81640625, 'learning_rate': 0.0009999099314103434, 'epoch': 0.01}

  1%|          | 417/60627 [08:03<13:11:04,  1.27it/s]
  1%|          | 418/60627 [08:04<12:59:08,  1.29it/s]
                                                      
{'loss': 5.0888, 'grad_norm': 0.83984375, 'learning_rate': 0.0009999094385747618, 'epoch': 0.01}

  1%|          | 418/60627 [08:04<12:59:08,  1.29it/s]
  1%|          | 419/60627 [08:04<12:50:11,  1.30it/s]
                                                      
{'loss': 4.8125, 'grad_norm': 0.8203125, 'learning_rate': 0.0009999089443946344, 'epoch': 0.01}

  1%|          | 419/60627 [08:04<12:50:11,  1.30it/s]
  1%|          | 420/60627 [08:05<12:44:06,  1.31it/s]{'loss': 4.9415, 'grad_norm': 0.73828125, 'learning_rate': 0.0009999084488699626, 'epoch': 0.01}

                                                      

  1%|          | 420/60627 [08:05<12:44:06,  1.31it/s]
  1%|          | 421/60627 [08:06<12:38:26,  1.32it/s]
                                                      
{'loss': 5.217, 'grad_norm': 0.7734375, 'learning_rate': 0.000999907952000748, 'epoch': 0.01}

  1%|          | 421/60627 [08:06<12:38:26,  1.32it/s]
  1%|          | 422/60627 [08:07<12:35:48,  1.33it/s]
                                                      
{'loss': 4.7094, 'grad_norm': 0.75390625, 'learning_rate': 0.0009999074537869915, 'epoch': 0.01}

  1%|          | 422/60627 [08:07<12:35:48,  1.33it/s]
  1%|          | 423/60627 [08:07<12:35:41,  1.33it/s]
                                                      
{'loss': 4.9731, 'grad_norm': 0.6875, 'learning_rate': 0.0009999069542286948, 'epoch': 0.01}

  1%|          | 423/60627 [08:07<12:35:41,  1.33it/s]
  1%|          | 424/60627 [08:08<12:36:03,  1.33it/s]
                                                      
{'loss': 5.1942, 'grad_norm': 0.71484375, 'learning_rate': 0.0009999064533258591, 'epoch': 0.01}

  1%|          | 424/60627 [08:08<12:36:03,  1.33it/s]
  1%|          | 425/60627 [08:09<12:37:43,  1.32it/s]
                                                      
{'loss': 5.0266, 'grad_norm': 0.7578125, 'learning_rate': 0.0009999059510784856, 'epoch': 0.01}

  1%|          | 425/60627 [08:09<12:37:43,  1.32it/s]
  1%|          | 426/60627 [08:10<12:37:16,  1.32it/s]
                                                      
{'loss': 4.8963, 'grad_norm': 0.6640625, 'learning_rate': 0.0009999054474865762, 'epoch': 0.01}

  1%|          | 426/60627 [08:10<12:37:16,  1.32it/s]
  1%|          | 427/60627 [08:10<12:35:08,  1.33it/s]
                                                      
{'loss': 5.0656, 'grad_norm': 0.80859375, 'learning_rate': 0.0009999049425501315, 'epoch': 0.01}

  1%|          | 427/60627 [08:10<12:35:08,  1.33it/s]
  1%|          | 428/60627 [08:11<12:38:16,  1.32it/s]{'loss': 5.3845, 'grad_norm': 0.7265625, 'learning_rate': 0.0009999044362691532, 'epoch': 0.01}

                                                      

  1%|          | 428/60627 [08:11<12:38:16,  1.32it/s]
  1%|          | 429/60627 [08:12<12:36:27,  1.33it/s]
                                                      
{'loss': 4.8161, 'grad_norm': 0.64453125, 'learning_rate': 0.0009999039286436428, 'epoch': 0.01}

  1%|          | 429/60627 [08:12<12:36:27,  1.33it/s]
  1%|          | 430/60627 [08:13<12:34:01,  1.33it/s]
                                                      
{'loss': 4.2811, 'grad_norm': 0.57421875, 'learning_rate': 0.0009999034196736018, 'epoch': 0.01}

  1%|          | 430/60627 [08:13<12:34:01,  1.33it/s]
  1%|          | 431/60627 [08:13<12:33:36,  1.33it/s]{'loss': 5.2134, 'grad_norm': 0.69921875, 'learning_rate': 0.000999902909359031, 'epoch': 0.01}

                                                      

  1%|          | 431/60627 [08:13<12:33:36,  1.33it/s]
  1%|          | 432/60627 [08:14<12:36:02,  1.33it/s]
                                                      
{'loss': 5.0581, 'grad_norm': 0.6953125, 'learning_rate': 0.0009999023976999322, 'epoch': 0.01}

  1%|          | 432/60627 [08:14<12:36:02,  1.33it/s]
  1%|          | 433/60627 [08:15<12:35:13,  1.33it/s]
                                                      
{'loss': 4.5842, 'grad_norm': 0.640625, 'learning_rate': 0.0009999018846963065, 'epoch': 0.01}

  1%|          | 433/60627 [08:15<12:35:13,  1.33it/s]
  1%|          | 434/60627 [08:16<12:34:05,  1.33it/s]{'loss': 5.134, 'grad_norm': 0.5625, 'learning_rate': 0.0009999013703481557, 'epoch': 0.01}

                                                      

  1%|          | 434/60627 [08:16<12:34:05,  1.33it/s]
  1%|          | 435/60627 [08:16<12:35:48,  1.33it/s]
                                                      
{'loss': 4.6505, 'grad_norm': 0.62890625, 'learning_rate': 0.000999900854655481, 'epoch': 0.01}

  1%|          | 435/60627 [08:16<12:35:48,  1.33it/s]
  1%|          | 436/60627 [08:17<12:35:07,  1.33it/s]
                                                      
{'loss': 4.8971, 'grad_norm': 0.65234375, 'learning_rate': 0.0009999003376182833, 'epoch': 0.01}

  1%|          | 436/60627 [08:17<12:35:07,  1.33it/s]
  1%|          | 437/60627 [08:18<12:30:36,  1.34it/s]{'loss': 4.5142, 'grad_norm': 0.69140625, 'learning_rate': 0.0009998998192365647, 'epoch': 0.01}

                                                      

  1%|          | 437/60627 [08:18<12:30:36,  1.34it/s]
  1%|          | 438/60627 [08:19<12:31:57,  1.33it/s]
                                                      
{'loss': 5.0527, 'grad_norm': 0.5703125, 'learning_rate': 0.000999899299510326, 'epoch': 0.01}

  1%|          | 438/60627 [08:19<12:31:57,  1.33it/s]
  1%|          | 439/60627 [08:19<12:31:13,  1.34it/s]
                                                      
{'loss': 5.3304, 'grad_norm': 0.6328125, 'learning_rate': 0.0009998987784395695, 'epoch': 0.01}

  1%|          | 439/60627 [08:19<12:31:13,  1.34it/s]
  1%|          | 440/60627 [08:20<12:33:34,  1.33it/s]
                                                      
{'loss': 4.8466, 'grad_norm': 0.72265625, 'learning_rate': 0.0009998982560242954, 'epoch': 0.01}

  1%|          | 440/60627 [08:20<12:33:34,  1.33it/s]
  1%|          | 441/60627 [08:21<12:31:29,  1.33it/s]
                                                      
{'loss': 4.8313, 'grad_norm': 0.671875, 'learning_rate': 0.000999897732264506, 'epoch': 0.01}

  1%|          | 441/60627 [08:21<12:31:29,  1.33it/s]
  1%|          | 442/60627 [08:22<12:34:28,  1.33it/s]{'loss': 4.727, 'grad_norm': 0.609375, 'learning_rate': 0.0009998972071602024, 'epoch': 0.01}

                                                      

  1%|          | 442/60627 [08:22<12:34:28,  1.33it/s]
  1%|          | 443/60627 [08:23<13:35:03,  1.23it/s]
                                                      
{'loss': 4.7078, 'grad_norm': 0.69140625, 'learning_rate': 0.000999896680711386, 'epoch': 0.01}

  1%|          | 443/60627 [08:23<13:35:03,  1.23it/s]
  1%|          | 444/60627 [08:23<13:16:20,  1.26it/s]
                                                      
{'loss': 4.8396, 'grad_norm': 0.60546875, 'learning_rate': 0.0009998961529180583, 'epoch': 0.01}

  1%|          | 444/60627 [08:23<13:16:20,  1.26it/s]
  1%|          | 445/60627 [08:24<13:04:12,  1.28it/s]
                                                      
{'loss': 4.9197, 'grad_norm': 0.6484375, 'learning_rate': 0.0009998956237802206, 'epoch': 0.01}

  1%|          | 445/60627 [08:24<13:04:12,  1.28it/s]
  1%|          | 446/60627 [08:25<12:53:11,  1.30it/s]
                                                      
{'loss': 4.3478, 'grad_norm': 0.6328125, 'learning_rate': 0.0009998950932978744, 'epoch': 0.01}

  1%|          | 446/60627 [08:25<12:53:11,  1.30it/s]
  1%|          | 447/60627 [08:26<12:42:33,  1.32it/s]
                                                      
{'loss': 4.7328, 'grad_norm': 0.7109375, 'learning_rate': 0.000999894561471021, 'epoch': 0.01}

  1%|          | 447/60627 [08:26<12:42:33,  1.32it/s]
  1%|          | 448/60627 [08:26<12:41:51,  1.32it/s]
                                                      
{'loss': 5.2341, 'grad_norm': 0.640625, 'learning_rate': 0.000999894028299662, 'epoch': 0.01}

  1%|          | 448/60627 [08:26<12:41:51,  1.32it/s]
  1%|          | 449/60627 [08:27<12:38:26,  1.32it/s]
                                                      
{'loss': 4.7484, 'grad_norm': 0.625, 'learning_rate': 0.000999893493783799, 'epoch': 0.01}

  1%|          | 449/60627 [08:27<12:38:26,  1.32it/s]
  1%|          | 450/60627 [08:28<12:36:25,  1.33it/s]{'loss': 4.6746, 'grad_norm': 0.66796875, 'learning_rate': 0.000999892957923433, 'epoch': 0.01}

                                                      

  1%|          | 450/60627 [08:28<12:36:25,  1.33it/s]
  1%|          | 451/60627 [08:29<12:34:32,  1.33it/s]
                                                      
{'loss': 4.299, 'grad_norm': 0.65625, 'learning_rate': 0.0009998924207185655, 'epoch': 0.01}

  1%|          | 451/60627 [08:29<12:34:32,  1.33it/s]
  1%|          | 452/60627 [08:29<12:34:24,  1.33it/s]
                                                      
{'loss': 5.0627, 'grad_norm': 0.625, 'learning_rate': 0.0009998918821691985, 'epoch': 0.01}

  1%|          | 452/60627 [08:29<12:34:24,  1.33it/s]
  1%|          | 453/60627 [08:30<12:31:19,  1.33it/s]
                                                      
{'loss': 5.0875, 'grad_norm': 0.70703125, 'learning_rate': 0.0009998913422753328, 'epoch': 0.01}

  1%|          | 453/60627 [08:30<12:31:19,  1.33it/s]
  1%|          | 454/60627 [08:31<12:33:20,  1.33it/s]
                                                      
{'loss': 4.9511, 'grad_norm': 0.83984375, 'learning_rate': 0.00099989080103697, 'epoch': 0.01}

  1%|          | 454/60627 [08:31<12:33:20,  1.33it/s]
  1%|          | 455/60627 [08:32<12:29:34,  1.34it/s]
                                                      
{'loss': 4.6032, 'grad_norm': 0.7890625, 'learning_rate': 0.0009998902584541119, 'epoch': 0.01}

  1%|          | 455/60627 [08:32<12:29:34,  1.34it/s]
  1%|          | 456/60627 [08:32<12:32:30,  1.33it/s]
                                                      
{'loss': 5.0428, 'grad_norm': 0.6796875, 'learning_rate': 0.0009998897145267595, 'epoch': 0.01}

  1%|          | 456/60627 [08:32<12:32:30,  1.33it/s]
  1%|          | 457/60627 [08:33<12:30:11,  1.34it/s]
                                                      
{'loss': 4.9813, 'grad_norm': 0.71484375, 'learning_rate': 0.0009998891692549147, 'epoch': 0.01}

  1%|          | 457/60627 [08:33<12:30:11,  1.34it/s]
  1%|          | 458/60627 [08:34<12:28:31,  1.34it/s]{'loss': 4.9631, 'grad_norm': 0.64453125, 'learning_rate': 0.0009998886226385787, 'epoch': 0.01}

                                                      

  1%|          | 458/60627 [08:34<12:28:31,  1.34it/s]
  1%|          | 459/60627 [08:35<12:29:51,  1.34it/s]
                                                      
{'loss': 5.118, 'grad_norm': 0.7421875, 'learning_rate': 0.0009998880746777527, 'epoch': 0.01}

  1%|          | 459/60627 [08:35<12:29:51,  1.34it/s]
  1%|          | 460/60627 [08:35<12:31:54,  1.33it/s]
                                                      
{'loss': 4.9972, 'grad_norm': 0.69921875, 'learning_rate': 0.0009998875253724388, 'epoch': 0.01}

  1%|          | 460/60627 [08:35<12:31:54,  1.33it/s]
  1%|          | 461/60627 [08:36<12:32:24,  1.33it/s]
                                                      
{'loss': 5.1306, 'grad_norm': 0.640625, 'learning_rate': 0.0009998869747226383, 'epoch': 0.01}

  1%|          | 461/60627 [08:36<12:32:24,  1.33it/s]
  1%|          | 462/60627 [08:37<12:31:53,  1.33it/s]
                                                      
{'loss': 4.7092, 'grad_norm': 1.140625, 'learning_rate': 0.000999886422728352, 'epoch': 0.01}

  1%|          | 462/60627 [08:37<12:31:53,  1.33it/s]
  1%|          | 463/60627 [08:38<12:29:50,  1.34it/s]
                                                      
{'loss': 4.9271, 'grad_norm': 0.78515625, 'learning_rate': 0.0009998858693895825, 'epoch': 0.01}

  1%|          | 463/60627 [08:38<12:29:50,  1.34it/s]
  1%|          | 464/60627 [08:38<12:30:14,  1.34it/s]
                                                      
{'loss': 4.9847, 'grad_norm': 0.6875, 'learning_rate': 0.0009998853147063305, 'epoch': 0.01}

  1%|          | 464/60627 [08:38<12:30:14,  1.34it/s]
  1%|          | 465/60627 [08:39<12:33:40,  1.33it/s]
                                                      
{'loss': 5.0537, 'grad_norm': 0.60546875, 'learning_rate': 0.0009998847586785977, 'epoch': 0.01}

  1%|          | 465/60627 [08:39<12:33:40,  1.33it/s]
  1%|          | 466/60627 [08:40<12:32:43,  1.33it/s]
                                                      
{'loss': 4.809, 'grad_norm': 0.76171875, 'learning_rate': 0.0009998842013063858, 'epoch': 0.01}

  1%|          | 466/60627 [08:40<12:32:43,  1.33it/s]
  1%|          | 467/60627 [08:41<12:35:40,  1.33it/s]
                                                      
{'loss': 4.9377, 'grad_norm': 0.7109375, 'learning_rate': 0.0009998836425896957, 'epoch': 0.01}

  1%|          | 467/60627 [08:41<12:35:40,  1.33it/s]
  1%|          | 468/60627 [08:41<12:35:27,  1.33it/s]
                                                      
{'loss': 4.5312, 'grad_norm': 0.65234375, 'learning_rate': 0.0009998830825285296, 'epoch': 0.01}

  1%|          | 468/60627 [08:41<12:35:27,  1.33it/s]
  1%|          | 469/60627 [08:42<12:34:31,  1.33it/s]
                                                      
{'loss': 4.8621, 'grad_norm': 0.671875, 'learning_rate': 0.0009998825211228887, 'epoch': 0.01}

  1%|          | 469/60627 [08:42<12:34:31,  1.33it/s]
  1%|          | 470/60627 [08:43<12:34:44,  1.33it/s]
                                                      
{'loss': 5.1529, 'grad_norm': 0.6953125, 'learning_rate': 0.0009998819583727746, 'epoch': 0.01}

  1%|          | 470/60627 [08:43<12:34:44,  1.33it/s]
  1%|          | 471/60627 [08:44<12:31:17,  1.33it/s]
                                                      
{'loss': 4.7004, 'grad_norm': 0.69921875, 'learning_rate': 0.0009998813942781886, 'epoch': 0.01}

  1%|          | 471/60627 [08:44<12:31:17,  1.33it/s]
  1%|          | 472/60627 [08:44<12:34:09,  1.33it/s]
                                                      
{'loss': 4.7436, 'grad_norm': 0.640625, 'learning_rate': 0.0009998808288391324, 'epoch': 0.01}

  1%|          | 472/60627 [08:44<12:34:09,  1.33it/s]
  1%|          | 473/60627 [08:45<12:33:00,  1.33it/s]{'loss': 4.8859, 'grad_norm': 0.84375, 'learning_rate': 0.0009998802620556073, 'epoch': 0.01}

                                                      

  1%|          | 473/60627 [08:45<12:33:00,  1.33it/s]
  1%|          | 474/60627 [08:46<12:32:53,  1.33it/s]
                                                      
{'loss': 5.2442, 'grad_norm': 0.6484375, 'learning_rate': 0.0009998796939276152, 'epoch': 0.01}

  1%|          | 474/60627 [08:46<12:32:53,  1.33it/s]
  1%|          | 475/60627 [08:47<12:29:53,  1.34it/s]
                                                      
{'loss': 4.6604, 'grad_norm': 0.625, 'learning_rate': 0.0009998791244551575, 'epoch': 0.01}

  1%|          | 475/60627 [08:47<12:29:53,  1.34it/s]
  1%|          | 476/60627 [08:47<12:30:03,  1.34it/s]{'loss': 4.5487, 'grad_norm': 0.73828125, 'learning_rate': 0.0009998785536382356, 'epoch': 0.01}

                                                      

  1%|          | 476/60627 [08:47<12:30:03,  1.34it/s]
  1%|          | 477/60627 [08:48<12:30:31,  1.34it/s]{'loss': 4.8095, 'grad_norm': 0.74609375, 'learning_rate': 0.0009998779814768509, 'epoch': 0.01}

                                                      

  1%|          | 477/60627 [08:48<12:30:31,  1.34it/s]
  1%|          | 478/60627 [08:49<12:29:52,  1.34it/s]
                                                      
{'loss': 4.9592, 'grad_norm': 0.73828125, 'learning_rate': 0.0009998774079710054, 'epoch': 0.01}

  1%|          | 478/60627 [08:49<12:29:52,  1.34it/s]
  1%|          | 479/60627 [08:50<12:30:11,  1.34it/s]
                                                      
{'loss': 5.2377, 'grad_norm': 0.890625, 'learning_rate': 0.0009998768331207003, 'epoch': 0.01}

  1%|          | 479/60627 [08:50<12:30:11,  1.34it/s]
  1%|          | 480/60627 [08:50<12:33:12,  1.33it/s]
                                                      
{'loss': 5.0809, 'grad_norm': 0.765625, 'learning_rate': 0.0009998762569259371, 'epoch': 0.01}

  1%|          | 480/60627 [08:50<12:33:12,  1.33it/s]
  1%|          | 481/60627 [08:51<12:31:51,  1.33it/s]
                                                      
{'loss': 4.9065, 'grad_norm': 0.625, 'learning_rate': 0.0009998756793867176, 'epoch': 0.01}

  1%|          | 481/60627 [08:51<12:31:51,  1.33it/s]
  1%|          | 482/60627 [08:52<12:31:16,  1.33it/s]
                                                      
{'loss': 5.0141, 'grad_norm': 0.71875, 'learning_rate': 0.000999875100503043, 'epoch': 0.01}

  1%|          | 482/60627 [08:52<12:31:16,  1.33it/s]
  1%|          | 483/60627 [08:53<12:31:00,  1.33it/s]{'loss': 5.0177, 'grad_norm': 0.7265625, 'learning_rate': 0.0009998745202749154, 'epoch': 0.01}

                                                      

  1%|          | 483/60627 [08:53<12:31:00,  1.33it/s]
  1%|          | 484/60627 [08:53<12:32:38,  1.33it/s]
                                                      
{'loss': 4.6608, 'grad_norm': 0.734375, 'learning_rate': 0.000999873938702336, 'epoch': 0.01}

  1%|          | 484/60627 [08:53<12:32:38,  1.33it/s]
  1%|          | 485/60627 [08:54<12:28:00,  1.34it/s]{'loss': 4.4326, 'grad_norm': 0.66796875, 'learning_rate': 0.0009998733557853062, 'epoch': 0.01}

                                                      

  1%|          | 485/60627 [08:54<12:28:00,  1.34it/s]
  1%|          | 486/60627 [08:55<12:28:28,  1.34it/s]
                                                      
{'loss': 4.9395, 'grad_norm': 0.6875, 'learning_rate': 0.0009998727715238279, 'epoch': 0.01}

  1%|          | 486/60627 [08:55<12:28:28,  1.34it/s]
  1%|          | 487/60627 [08:56<12:27:55,  1.34it/s]
                                                      
{'loss': 4.8544, 'grad_norm': 0.78515625, 'learning_rate': 0.0009998721859179026, 'epoch': 0.01}

  1%|          | 487/60627 [08:56<12:27:55,  1.34it/s]
  1%|          | 488/60627 [08:56<12:26:57,  1.34it/s]{'loss': 4.7429, 'grad_norm': 0.71875, 'learning_rate': 0.0009998715989675319, 'epoch': 0.01}

                                                      

  1%|          | 488/60627 [08:56<12:26:57,  1.34it/s]
  1%|          | 489/60627 [08:57<12:26:57,  1.34it/s]
                                                      
{'loss': 4.7914, 'grad_norm': 0.671875, 'learning_rate': 0.000999871010672717, 'epoch': 0.01}

  1%|          | 489/60627 [08:57<12:26:57,  1.34it/s]
  1%|          | 490/60627 [08:58<12:28:20,  1.34it/s]
                                                      
{'loss': 4.877, 'grad_norm': 0.74609375, 'learning_rate': 0.00099987042103346, 'epoch': 0.01}

  1%|          | 490/60627 [08:58<12:28:20,  1.34it/s]
  1%|          | 491/60627 [08:59<12:24:00,  1.35it/s]
                                                      
{'loss': 4.4972, 'grad_norm': 0.70703125, 'learning_rate': 0.0009998698300497622, 'epoch': 0.01}

  1%|          | 491/60627 [08:59<12:24:00,  1.35it/s]
  1%|          | 492/60627 [08:59<12:25:46,  1.34it/s]{'loss': 4.5564, 'grad_norm': 0.65234375, 'learning_rate': 0.0009998692377216254, 'epoch': 0.01}

                                                      

  1%|          | 492/60627 [08:59<12:25:46,  1.34it/s]
  1%|          | 493/60627 [09:00<12:24:46,  1.35it/s]
                                                      
{'loss': 4.8294, 'grad_norm': 0.6875, 'learning_rate': 0.000999868644049051, 'epoch': 0.01}

  1%|          | 493/60627 [09:00<12:24:46,  1.35it/s]
  1%|          | 494/60627 [09:01<12:27:26,  1.34it/s]
                                                      
{'loss': 4.6009, 'grad_norm': 0.68359375, 'learning_rate': 0.0009998680490320405, 'epoch': 0.01}

  1%|          | 494/60627 [09:01<12:27:26,  1.34it/s]
  1%|          | 495/60627 [09:02<12:27:03,  1.34it/s]{'loss': 4.6204, 'grad_norm': 0.70703125, 'learning_rate': 0.0009998674526705957, 'epoch': 0.01}

                                                      

  1%|          | 495/60627 [09:02<12:27:03,  1.34it/s]
  1%|          | 496/60627 [09:02<12:27:35,  1.34it/s]
                                                      
{'loss': 4.325, 'grad_norm': 0.75390625, 'learning_rate': 0.0009998668549647182, 'epoch': 0.01}

  1%|          | 496/60627 [09:02<12:27:35,  1.34it/s]
  1%|          | 497/60627 [09:03<12:27:24,  1.34it/s]
                                                      
{'loss': 4.7807, 'grad_norm': 0.609375, 'learning_rate': 0.0009998662559144095, 'epoch': 0.01}

  1%|          | 497/60627 [09:03<12:27:24,  1.34it/s]
  1%|          | 498/60627 [09:04<12:27:35,  1.34it/s]
                                                      
{'loss': 4.9064, 'grad_norm': 0.69921875, 'learning_rate': 0.0009998656555196715, 'epoch': 0.01}

  1%|          | 498/60627 [09:04<12:27:35,  1.34it/s]
  1%|          | 499/60627 [09:05<12:29:46,  1.34it/s]{'loss': 4.871, 'grad_norm': 0.63671875, 'learning_rate': 0.0009998650537805054, 'epoch': 0.01}

                                                      

  1%|          | 499/60627 [09:05<12:29:46,  1.34it/s]
  1%|          | 500/60627 [09:05<12:28:33,  1.34it/s]{'loss': 5.0362, 'grad_norm': 0.72265625, 'learning_rate': 0.000999864450696913, 'epoch': 0.01}

                                                      

  1%|          | 500/60627 [09:05<12:28:33,  1.34it/s]

  0%|          | 0/157 [00:00<?, ?it/s][A

  1%|▏         | 2/157 [00:00<00:20,  7.66it/s][A

  2%|▏         | 3/157 [00:00<00:28,  5.42it/s][A

  3%|▎         | 4/157 [00:00<00:32,  4.70it/s][A

  3%|▎         | 5/157 [00:01<00:34,  4.35it/s][A

  4%|▍         | 6/157 [00:01<00:36,  4.17it/s][A

  4%|▍         | 7/157 [00:01<00:36,  4.07it/s][A

  5%|▌         | 8/157 [00:01<00:37,  4.01it/s][A

  6%|▌         | 9/157 [00:02<00:37,  3.96it/s][A

  6%|▋         | 10/157 [00:02<00:37,  3.92it/s][A

  7%|▋         | 11/157 [00:02<00:37,  3.89it/s][A

  8%|▊         | 12/157 [00:02<00:37,  3.88it/s][A

  8%|▊         | 13/157 [00:03<00:37,  3.86it/s][A

  9%|▉         | 14/157 [00:03<00:36,  3.88it/s][A

 10%|▉         | 15/157 [00:03<00:36,  3.87it/s][A

 10%|█         | 16/157 [00:03<00:36,  3.85it/s][A

 11%|█         | 17/157 [00:04<00:36,  3.85it/s][A

 11%|█▏        | 18/157 [00:04<00:36,  3.84it/s][A

 12%|█▏        | 19/157 [00:04<00:35,  3.84it/s][A

 13%|█▎        | 20/157 [00:04<00:35,  3.87it/s][A

 13%|█▎        | 21/157 [00:05<00:35,  3.85it/s][A

 14%|█▍        | 22/157 [00:05<00:35,  3.85it/s][A

 15%|█▍        | 23/157 [00:05<00:34,  3.85it/s][A

 15%|█▌        | 24/157 [00:05<00:34,  3.85it/s][A

 16%|█▌        | 25/157 [00:06<00:34,  3.84it/s][A

 17%|█▋        | 26/157 [00:06<00:34,  3.84it/s][A

 17%|█▋        | 27/157 [00:06<00:33,  3.84it/s][A

 18%|█▊        | 28/157 [00:07<00:33,  3.83it/s][A

 18%|█▊        | 29/157 [00:07<00:33,  3.83it/s][A

 19%|█▉        | 30/157 [00:07<00:33,  3.84it/s][A

 20%|█▉        | 31/157 [00:07<00:32,  3.84it/s][A

 20%|██        | 32/157 [00:08<00:32,  3.84it/s][A

 21%|██        | 33/157 [00:08<00:32,  3.84it/s][A

 22%|██▏       | 34/157 [00:08<00:32,  3.84it/s][A

 22%|██▏       | 35/157 [00:08<00:31,  3.83it/s][A

 23%|██▎       | 36/157 [00:09<00:31,  3.83it/s][A

 24%|██▎       | 37/157 [00:09<00:31,  3.83it/s][A

 24%|██▍       | 38/157 [00:09<00:31,  3.82it/s][A

 25%|██▍       | 39/157 [00:09<00:30,  3.82it/s][A

 25%|██▌       | 40/157 [00:10<00:30,  3.82it/s][A

 26%|██▌       | 41/157 [00:10<00:30,  3.82it/s][A

 27%|██▋       | 42/157 [00:10<00:30,  3.82it/s][A

 27%|██▋       | 43/157 [00:10<00:29,  3.82it/s][A

 28%|██▊       | 44/157 [00:11<00:29,  3.81it/s][A

 29%|██▊       | 45/157 [00:11<00:29,  3.85it/s][A

 29%|██▉       | 46/157 [00:11<00:28,  3.84it/s][A

 30%|██▉       | 47/157 [00:11<00:28,  3.84it/s][A

 31%|███       | 48/157 [00:12<00:28,  3.88it/s][A

 31%|███       | 49/157 [00:12<00:27,  3.89it/s][A

 32%|███▏      | 50/157 [00:12<00:27,  3.91it/s][A

 32%|███▏      | 51/157 [00:12<00:27,  3.92it/s][A

 33%|███▎      | 52/157 [00:13<00:27,  3.88it/s][A

 34%|███▍      | 53/157 [00:13<00:26,  3.87it/s][A

 34%|███▍      | 54/157 [00:13<00:26,  3.86it/s][A

 35%|███▌      | 55/157 [00:14<00:26,  3.86it/s][A

 36%|███▌      | 56/157 [00:14<00:26,  3.86it/s][A

 36%|███▋      | 57/157 [00:14<00:25,  3.87it/s][A

 37%|███▋      | 58/157 [00:14<00:25,  3.87it/s][A

 38%|███▊      | 59/157 [00:15<00:25,  3.86it/s][A

 38%|███▊      | 60/157 [00:15<00:25,  3.87it/s][A

 39%|███▉      | 61/157 [00:15<00:24,  3.86it/s][A

 39%|███▉      | 62/157 [00:15<00:24,  3.85it/s][A

 40%|████      | 63/157 [00:16<00:24,  3.84it/s][A

 41%|████      | 64/157 [00:16<00:24,  3.85it/s][A

 41%|████▏     | 65/157 [00:16<00:23,  3.85it/s][A

 42%|████▏     | 66/157 [00:16<00:23,  3.85it/s][A

 43%|████▎     | 67/157 [00:17<00:23,  3.85it/s][A

 43%|████▎     | 68/157 [00:17<00:22,  3.88it/s][A

 44%|████▍     | 69/157 [00:17<00:22,  3.86it/s][A

 45%|████▍     | 70/157 [00:17<00:22,  3.85it/s][A

 45%|████▌     | 71/157 [00:18<00:22,  3.84it/s][A

 46%|████▌     | 72/157 [00:18<00:22,  3.84it/s][A

 46%|████▋     | 73/157 [00:18<00:21,  3.86it/s][A

 47%|████▋     | 74/157 [00:18<00:21,  3.88it/s][A

 48%|████▊     | 75/157 [00:19<00:21,  3.89it/s][A

 48%|████▊     | 76/157 [00:19<00:20,  3.89it/s][A

 49%|████▉     | 77/157 [00:19<00:20,  3.91it/s][A

 50%|████▉     | 78/157 [00:19<00:20,  3.92it/s][A

 50%|█████     | 79/157 [00:20<00:19,  3.92it/s][A

 51%|█████     | 80/157 [00:20<00:19,  3.93it/s][A

 52%|█████▏    | 81/157 [00:20<00:19,  3.93it/s][A

 52%|█████▏    | 82/157 [00:20<00:19,  3.94it/s][A

 53%|█████▎    | 83/157 [00:21<00:18,  3.94it/s][A

 54%|█████▎    | 84/157 [00:21<00:18,  3.94it/s][A

 54%|█████▍    | 85/157 [00:21<00:18,  3.90it/s][A

 55%|█████▍    | 86/157 [00:22<00:18,  3.90it/s][A

 55%|█████▌    | 87/157 [00:22<00:17,  3.91it/s][A

 56%|█████▌    | 88/157 [00:22<00:17,  3.89it/s][A

 57%|█████▋    | 89/157 [00:22<00:17,  3.87it/s][A

 57%|█████▋    | 90/157 [00:23<00:17,  3.87it/s][A

 58%|█████▊    | 91/157 [00:23<00:17,  3.86it/s][A

 59%|█████▊    | 92/157 [00:23<00:16,  3.86it/s][A

 59%|█████▉    | 93/157 [00:23<00:16,  3.86it/s][A

 60%|█████▉    | 94/157 [00:24<00:16,  3.86it/s][A

 61%|██████    | 95/157 [00:24<00:15,  3.89it/s][A

 61%|██████    | 96/157 [00:24<00:15,  3.91it/s][A

 62%|██████▏   | 97/157 [00:24<00:15,  3.91it/s][A

 62%|██████▏   | 98/157 [00:25<00:15,  3.92it/s][A

 63%|██████▎   | 99/157 [00:25<00:14,  3.95it/s][A

 64%|██████▎   | 100/157 [00:25<00:14,  3.97it/s][A

 64%|██████▍   | 101/157 [00:25<00:14,  3.97it/s][A

 65%|██████▍   | 102/157 [00:26<00:13,  3.97it/s][A

 66%|██████▌   | 103/157 [00:26<00:13,  3.99it/s][A

 66%|██████▌   | 104/157 [00:26<00:13,  4.00it/s][A

 67%|██████▋   | 105/157 [00:26<00:12,  4.01it/s][A

 68%|██████▊   | 106/157 [00:27<00:12,  3.98it/s][A

 68%|██████▊   | 107/157 [00:27<00:12,  3.98it/s][A

 69%|██████▉   | 108/157 [00:27<00:12,  3.97it/s][A

 69%|██████▉   | 109/157 [00:27<00:12,  3.96it/s][A

 70%|███████   | 110/157 [00:28<00:11,  3.97it/s][A

 71%|███████   | 111/157 [00:28<00:11,  3.99it/s][A

 71%|███████▏  | 112/157 [00:28<00:11,  4.01it/s][A

 72%|███████▏  | 113/157 [00:28<00:10,  4.02it/s][A

 73%|███████▎  | 114/157 [00:29<00:10,  4.03it/s][A

 73%|███████▎  | 115/157 [00:29<00:10,  4.03it/s][A

 74%|███████▍  | 116/157 [00:29<00:10,  4.03it/s][A

 75%|███████▍  | 117/157 [00:29<00:09,  4.03it/s][A

 75%|███████▌  | 118/157 [00:30<00:09,  4.04it/s][A

 76%|███████▌  | 119/157 [00:30<00:09,  4.04it/s][A

 76%|███████▋  | 120/157 [00:30<00:09,  4.05it/s][A

 77%|███████▋  | 121/157 [00:30<00:08,  4.05it/s][A

 78%|███████▊  | 122/157 [00:31<00:08,  4.05it/s][A

 78%|███████▊  | 123/157 [00:31<00:08,  4.06it/s][A

 79%|███████▉  | 124/157 [00:31<00:08,  4.06it/s][A

 80%|███████▉  | 125/157 [00:31<00:07,  4.07it/s][A

 80%|████████  | 126/157 [00:32<00:07,  4.08it/s][A

 81%|████████  | 127/157 [00:32<00:07,  4.09it/s][A

 82%|████████▏ | 128/157 [00:32<00:07,  4.06it/s][A

 82%|████████▏ | 129/157 [00:32<00:06,  4.02it/s][A

 83%|████████▎ | 130/157 [00:33<00:06,  3.99it/s][A

 83%|████████▎ | 131/157 [00:33<00:06,  3.94it/s][A

 84%|████████▍ | 132/157 [00:33<00:06,  3.90it/s][A

 85%|████████▍ | 133/157 [00:33<00:06,  3.88it/s][A

 85%|████████▌ | 134/157 [00:34<00:05,  3.87it/s][A

 86%|████████▌ | 135/157 [00:34<00:05,  3.86it/s][A

 87%|████████▋ | 136/157 [00:34<00:05,  3.85it/s][A

 87%|████████▋ | 137/157 [00:34<00:05,  3.86it/s][A

 88%|████████▊ | 138/157 [00:35<00:04,  3.87it/s][A

 89%|████████▊ | 139/157 [00:35<00:04,  3.88it/s][A

 89%|████████▉ | 140/157 [00:35<00:04,  3.87it/s][A

 90%|████████▉ | 141/157 [00:35<00:04,  3.85it/s][A

 90%|█████████ | 142/157 [00:36<00:03,  3.86it/s][A

 91%|█████████ | 143/157 [00:36<00:03,  3.87it/s][A

 92%|█████████▏| 144/157 [00:36<00:03,  3.88it/s][A

 92%|█████████▏| 145/157 [00:36<00:03,  3.88it/s][A

 93%|█████████▎| 146/157 [00:37<00:02,  3.87it/s][A

 94%|█████████▎| 147/157 [00:37<00:02,  3.86it/s][A

 94%|█████████▍| 148/157 [00:37<00:02,  3.86it/s][A

 95%|█████████▍| 149/157 [00:37<00:02,  3.85it/s][A

 96%|█████████▌| 150/157 [00:38<00:01,  3.85it/s][A

 96%|█████████▌| 151/157 [00:38<00:01,  3.85it/s][A

 97%|█████████▋| 152/157 [00:38<00:01,  3.86it/s][A

 97%|█████████▋| 153/157 [00:39<00:01,  3.86it/s][A

 98%|█████████▊| 154/157 [00:39<00:00,  3.86it/s][A

 99%|█████████▊| 155/157 [00:39<00:00,  3.86it/s][A

 99%|█████████▉| 156/157 [00:39<00:00,  3.84it/s][A

100%|██████████| 157/157 [00:39<00:00,  4.23it/s][A
                                                      

                                                 
[A{'eval_loss': 5.369073390960693, 'eval_runtime': 40.3717, 'eval_samples_per_second': 123.849, 'eval_steps_per_second': 3.889, 'epoch': 0.01}

  1%|          | 500/60627 [09:46<12:28:33,  1.34it/s]

100%|██████████| 157/157 [00:40<00:00,  4.23it/s][A

                                                 [A
  1%|          | 501/60627 [09:49<226:50:46, 13.58s/it]
                                                       
{'loss': 5.1164, 'grad_norm': 0.8828125, 'learning_rate': 0.000999863846268896, 'epoch': 0.01}

  1%|          | 501/60627 [09:49<226:50:46, 13.58s/it]
  1%|          | 502/60627 [09:50<162:35:41,  9.74s/it]
                                                       
{'loss': 4.6483, 'grad_norm': 0.765625, 'learning_rate': 0.000999863240496456, 'epoch': 0.01}

  1%|          | 502/60627 [09:50<162:35:41,  9.74s/it]
  1%|          | 503/60627 [09:50<117:35:55,  7.04s/it]
                                                       
{'loss': 4.6228, 'grad_norm': 0.61328125, 'learning_rate': 0.0009998626333795944, 'epoch': 0.01}

  1%|          | 503/60627 [09:50<117:35:55,  7.04s/it]
  1%|          | 504/60627 [09:51<86:05:31,  5.15s/it] 
                                                      
{'loss': 4.9026, 'grad_norm': 0.671875, 'learning_rate': 0.000999862024918313, 'epoch': 0.01}

  1%|          | 504/60627 [09:51<86:05:31,  5.15s/it]
  1%|          | 505/60627 [09:52<64:01:21,  3.83s/it]{'loss': 4.6493, 'grad_norm': 0.65234375, 'learning_rate': 0.0009998614151126137, 'epoch': 0.01}

                                                      

  1%|          | 505/60627 [09:52<64:01:21,  3.83s/it]
  1%|          | 506/60627 [09:53<48:33:16,  2.91s/it]
                                                      
{'loss': 4.9985, 'grad_norm': 0.57421875, 'learning_rate': 0.0009998608039624977, 'epoch': 0.01}

  1%|          | 506/60627 [09:53<48:33:16,  2.91s/it]
  1%|          | 507/60627 [09:53<37:45:09,  2.26s/it]
                                                      
{'loss': 4.8385, 'grad_norm': 0.6015625, 'learning_rate': 0.000999860191467967, 'epoch': 0.01}

  1%|          | 507/60627 [09:53<37:45:09,  2.26s/it]
  1%|          | 508/60627 [09:54<30:10:14,  1.81s/it]
                                                      
{'loss': 4.5622, 'grad_norm': 0.7265625, 'learning_rate': 0.0009998595776290228, 'epoch': 0.01}

  1%|          | 508/60627 [09:54<30:10:14,  1.81s/it]
  1%|          | 509/60627 [09:55<24:54:09,  1.49s/it]
                                                      
{'loss': 4.7323, 'grad_norm': 0.77734375, 'learning_rate': 0.0009998589624456674, 'epoch': 0.01}

  1%|          | 509/60627 [09:55<24:54:09,  1.49s/it]
  1%|          | 510/60627 [09:56<21:11:55,  1.27s/it]
                                                      
{'loss': 4.7857, 'grad_norm': 0.828125, 'learning_rate': 0.000999858345917902, 'epoch': 0.01}

  1%|          | 510/60627 [09:56<21:11:55,  1.27s/it]
  1%|          | 511/60627 [09:56<18:35:09,  1.11s/it]{'loss': 4.6898, 'grad_norm': 0.7265625, 'learning_rate': 0.0009998577280457281, 'epoch': 0.01}

                                                      

  1%|          | 511/60627 [09:56<18:35:09,  1.11s/it]
  1%|          | 512/60627 [09:57<16:44:18,  1.00s/it]
                                                      
{'loss': 4.6691, 'grad_norm': 0.98046875, 'learning_rate': 0.0009998571088291478, 'epoch': 0.01}

  1%|          | 512/60627 [09:57<16:44:18,  1.00s/it]
  1%|          | 513/60627 [09:58<15:25:28,  1.08it/s]
                                                      
{'loss': 4.4414, 'grad_norm': 0.59765625, 'learning_rate': 0.0009998564882681624, 'epoch': 0.01}

  1%|          | 513/60627 [09:58<15:25:28,  1.08it/s]
  1%|          | 514/60627 [09:59<14:34:59,  1.15it/s]
                                                      
{'loss': 4.9234, 'grad_norm': 0.7109375, 'learning_rate': 0.0009998558663627739, 'epoch': 0.01}

  1%|          | 514/60627 [09:59<14:34:59,  1.15it/s]
  1%|          | 515/60627 [09:59<13:55:45,  1.20it/s]
                                                      
{'loss': 4.3785, 'grad_norm': 0.9765625, 'learning_rate': 0.0009998552431129838, 'epoch': 0.01}

  1%|          | 515/60627 [09:59<13:55:45,  1.20it/s]
  1%|          | 516/60627 [10:00<13:32:44,  1.23it/s]{'loss': 4.9247, 'grad_norm': 0.68359375, 'learning_rate': 0.0009998546185187938, 'epoch': 0.01}

                                                      

  1%|          | 516/60627 [10:00<13:32:44,  1.23it/s]
  1%|          | 517/60627 [10:01<13:11:46,  1.27it/s]
                                                      
{'loss': 4.0486, 'grad_norm': 0.69921875, 'learning_rate': 0.0009998539925802055, 'epoch': 0.01}

  1%|          | 517/60627 [10:01<13:11:46,  1.27it/s]
  1%|          | 518/60627 [10:02<12:57:47,  1.29it/s]
                                                      
{'loss': 4.7136, 'grad_norm': 0.98046875, 'learning_rate': 0.0009998533652972208, 'epoch': 0.01}

  1%|          | 518/60627 [10:02<12:57:47,  1.29it/s]
  1%|          | 519/60627 [10:02<12:48:05,  1.30it/s]
                                                      
{'loss': 4.6855, 'grad_norm': 0.84375, 'learning_rate': 0.000999852736669841, 'epoch': 0.01}

  1%|          | 519/60627 [10:02<12:48:05,  1.30it/s]
  1%|          | 520/60627 [10:03<12:44:15,  1.31it/s]
                                                      
{'loss': 4.9709, 'grad_norm': 0.67578125, 'learning_rate': 0.0009998521066980684, 'epoch': 0.01}

  1%|          | 520/60627 [10:03<12:44:15,  1.31it/s]
  1%|          | 521/60627 [10:04<12:39:34,  1.32it/s]
                                                      
{'loss': 4.9897, 'grad_norm': 0.6953125, 'learning_rate': 0.000999851475381904, 'epoch': 0.01}

  1%|          | 521/60627 [10:04<12:39:34,  1.32it/s]
  1%|          | 522/60627 [10:05<12:37:25,  1.32it/s]
                                                      
{'loss': 5.0801, 'grad_norm': 0.83203125, 'learning_rate': 0.00099985084272135, 'epoch': 0.01}

  1%|          | 522/60627 [10:05<12:37:25,  1.32it/s]
  1%|          | 523/60627 [10:05<12:33:38,  1.33it/s]
                                                      
{'loss': 4.8647, 'grad_norm': 0.8828125, 'learning_rate': 0.000999850208716408, 'epoch': 0.01}

  1%|          | 523/60627 [10:05<12:33:38,  1.33it/s]
  1%|          | 524/60627 [10:06<12:34:19,  1.33it/s]
                                                      
{'loss': 4.9278, 'grad_norm': 0.8515625, 'learning_rate': 0.0009998495733670794, 'epoch': 0.01}

  1%|          | 524/60627 [10:06<12:34:19,  1.33it/s]
  1%|          | 525/60627 [10:07<12:34:58,  1.33it/s]
                                                      
{'loss': 4.8116, 'grad_norm': 0.7265625, 'learning_rate': 0.0009998489366733663, 'epoch': 0.01}

  1%|          | 525/60627 [10:07<12:34:58,  1.33it/s]
  1%|          | 526/60627 [10:08<12:33:03,  1.33it/s]
                                                      
{'loss': 4.6851, 'grad_norm': 0.76171875, 'learning_rate': 0.0009998482986352702, 'epoch': 0.01}

  1%|          | 526/60627 [10:08<12:33:03,  1.33it/s]
  1%|          | 527/60627 [10:08<12:32:07,  1.33it/s]
                                                      
{'loss': 4.9203, 'grad_norm': 0.796875, 'learning_rate': 0.0009998476592527927, 'epoch': 0.01}

  1%|          | 527/60627 [10:08<12:32:07,  1.33it/s]
  1%|          | 528/60627 [10:09<12:31:49,  1.33it/s]
                                                      
{'loss': 4.6758, 'grad_norm': 0.61328125, 'learning_rate': 0.0009998470185259359, 'epoch': 0.01}

  1%|          | 528/60627 [10:09<12:31:49,  1.33it/s]
  1%|          | 529/60627 [10:10<12:33:46,  1.33it/s]
                                                      
{'loss': 5.1199, 'grad_norm': 0.7421875, 'learning_rate': 0.0009998463764547012, 'epoch': 0.01}

  1%|          | 529/60627 [10:10<12:33:46,  1.33it/s]
  1%|          | 530/60627 [10:11<12:30:55,  1.33it/s]{'loss': 4.8797, 'grad_norm': 0.71484375, 'learning_rate': 0.0009998457330390907, 'epoch': 0.01}

                                                      

  1%|          | 530/60627 [10:11<12:30:55,  1.33it/s]
  1%|          | 531/60627 [10:11<12:30:39,  1.33it/s]
                                                      
{'loss': 4.9549, 'grad_norm': 0.734375, 'learning_rate': 0.0009998450882791057, 'epoch': 0.01}

  1%|          | 531/60627 [10:11<12:30:39,  1.33it/s]
  1%|          | 532/60627 [10:12<12:30:02,  1.34it/s]
                                                      
{'loss': 4.6916, 'grad_norm': 0.78125, 'learning_rate': 0.000999844442174748, 'epoch': 0.01}

  1%|          | 532/60627 [10:12<12:30:02,  1.34it/s]
  1%|          | 533/60627 [10:13<12:29:45,  1.34it/s]
                                                      
{'loss': 4.7475, 'grad_norm': 0.7578125, 'learning_rate': 0.0009998437947260194, 'epoch': 0.01}

  1%|          | 533/60627 [10:13<12:29:45,  1.34it/s]
  1%|          | 534/60627 [10:14<12:27:29,  1.34it/s]
                                                      
{'loss': 4.3744, 'grad_norm': 0.84375, 'learning_rate': 0.0009998431459329218, 'epoch': 0.01}

  1%|          | 534/60627 [10:14<12:27:29,  1.34it/s]
  1%|          | 535/60627 [10:14<12:27:44,  1.34it/s]
                                                      
{'loss': 4.5675, 'grad_norm': 0.68359375, 'learning_rate': 0.000999842495795457, 'epoch': 0.01}

  1%|          | 535/60627 [10:14<12:27:44,  1.34it/s]
  1%|          | 536/60627 [10:15<12:28:21,  1.34it/s]
                                                      
{'loss': 4.5922, 'grad_norm': 0.6640625, 'learning_rate': 0.0009998418443136264, 'epoch': 0.01}

  1%|          | 536/60627 [10:15<12:28:21,  1.34it/s]
  1%|          | 537/60627 [10:16<12:29:48,  1.34it/s]
                                                      
{'loss': 4.905, 'grad_norm': 0.74609375, 'learning_rate': 0.0009998411914874318, 'epoch': 0.01}

  1%|          | 537/60627 [10:16<12:29:48,  1.34it/s]
  1%|          | 538/60627 [10:16<12:28:28,  1.34it/s]
                                                      
{'loss': 4.8113, 'grad_norm': 0.8671875, 'learning_rate': 0.0009998405373168753, 'epoch': 0.01}

  1%|          | 538/60627 [10:17<12:28:28,  1.34it/s]
  1%|          | 539/60627 [10:17<12:28:17,  1.34it/s]
                                                      
{'loss': 4.4648, 'grad_norm': 0.71875, 'learning_rate': 0.0009998398818019585, 'epoch': 0.01}

  1%|          | 539/60627 [10:17<12:28:17,  1.34it/s]
  1%|          | 540/60627 [10:18<12:31:25,  1.33it/s]
                                                      
{'loss': 4.9767, 'grad_norm': 0.65625, 'learning_rate': 0.000999839224942683, 'epoch': 0.01}

  1%|          | 540/60627 [10:18<12:31:25,  1.33it/s]
  1%|          | 541/60627 [10:19<12:33:37,  1.33it/s]
                                                      
{'loss': 4.9023, 'grad_norm': 0.72265625, 'learning_rate': 0.0009998385667390505, 'epoch': 0.01}

  1%|          | 541/60627 [10:19<12:33:37,  1.33it/s]
  1%|          | 542/60627 [10:20<12:32:22,  1.33it/s]
                                                      
{'loss': 4.5395, 'grad_norm': 0.734375, 'learning_rate': 0.0009998379071910633, 'epoch': 0.01}

  1%|          | 542/60627 [10:20<12:32:22,  1.33it/s]
  1%|          | 543/60627 [10:20<12:34:30,  1.33it/s]
                                                      
{'loss': 4.8349, 'grad_norm': 0.5859375, 'learning_rate': 0.0009998372462987225, 'epoch': 0.01}

  1%|          | 543/60627 [10:20<12:34:30,  1.33it/s]
  1%|          | 544/60627 [10:21<12:33:29,  1.33it/s]
                                                      
{'loss': 4.688, 'grad_norm': 0.8515625, 'learning_rate': 0.0009998365840620303, 'epoch': 0.01}

  1%|          | 544/60627 [10:21<12:33:29,  1.33it/s]
  1%|          | 545/60627 [10:22<12:33:30,  1.33it/s]
                                                      
{'loss': 4.5725, 'grad_norm': 0.6328125, 'learning_rate': 0.0009998359204809884, 'epoch': 0.01}

  1%|          | 545/60627 [10:22<12:33:30,  1.33it/s]
  1%|          | 546/60627 [10:23<12:34:30,  1.33it/s]
                                                      
{'loss': 4.8544, 'grad_norm': 0.6796875, 'learning_rate': 0.0009998352555555985, 'epoch': 0.01}

  1%|          | 546/60627 [10:23<12:34:30,  1.33it/s]
  1%|          | 547/60627 [10:23<12:35:18,  1.33it/s]{'loss': 4.9199, 'grad_norm': 0.78125, 'learning_rate': 0.0009998345892858627, 'epoch': 0.01}

                                                      

  1%|          | 547/60627 [10:23<12:35:18,  1.33it/s]
  1%|          | 548/60627 [10:24<12:32:33,  1.33it/s]
                                                      
{'loss': 4.7416, 'grad_norm': 0.78515625, 'learning_rate': 0.0009998339216717822, 'epoch': 0.01}

  1%|          | 548/60627 [10:24<12:32:33,  1.33it/s]
  1%|          | 549/60627 [10:25<12:31:31,  1.33it/s]
                                                      
{'loss': 4.8489, 'grad_norm': 0.69921875, 'learning_rate': 0.0009998332527133592, 'epoch': 0.01}

  1%|          | 549/60627 [10:25<12:31:31,  1.33it/s]
  1%|          | 550/60627 [10:26<12:33:05,  1.33it/s]{'loss': 4.6879, 'grad_norm': 1.0546875, 'learning_rate': 0.0009998325824105956, 'epoch': 0.01}

                                                      

  1%|          | 550/60627 [10:26<12:33:05,  1.33it/s]
  1%|          | 551/60627 [10:26<12:33:30,  1.33it/s]
                                                      
{'loss': 5.0213, 'grad_norm': 0.86328125, 'learning_rate': 0.000999831910763493, 'epoch': 0.01}

  1%|          | 551/60627 [10:26<12:33:30,  1.33it/s]
  1%|          | 552/60627 [10:27<12:33:30,  1.33it/s]
                                                      
{'loss': 4.7898, 'grad_norm': 0.73828125, 'learning_rate': 0.0009998312377720534, 'epoch': 0.01}

  1%|          | 552/60627 [10:27<12:33:30,  1.33it/s]
  1%|          | 553/60627 [10:28<12:32:21,  1.33it/s]
                                                      
{'loss': 4.5041, 'grad_norm': 0.64453125, 'learning_rate': 0.000999830563436278, 'epoch': 0.01}

  1%|          | 553/60627 [10:28<12:32:21,  1.33it/s]
  1%|          | 554/60627 [10:29<12:33:31,  1.33it/s]
                                                      
{'loss': 4.7977, 'grad_norm': 0.75, 'learning_rate': 0.0009998298877561696, 'epoch': 0.01}

  1%|          | 554/60627 [10:29<12:33:31,  1.33it/s]
  1%|          | 555/60627 [10:29<12:32:51,  1.33it/s]
                                                      
{'loss': 4.9158, 'grad_norm': 0.640625, 'learning_rate': 0.0009998292107317292, 'epoch': 0.01}

  1%|          | 555/60627 [10:29<12:32:51,  1.33it/s]
  1%|          | 556/60627 [10:30<12:34:26,  1.33it/s]
                                                      
{'loss': 4.8663, 'grad_norm': 0.7265625, 'learning_rate': 0.000999828532362959, 'epoch': 0.01}

  1%|          | 556/60627 [10:30<12:34:26,  1.33it/s]
  1%|          | 557/60627 [10:31<12:31:48,  1.33it/s]
                                                      
{'loss': 4.5955, 'grad_norm': 0.73046875, 'learning_rate': 0.0009998278526498604, 'epoch': 0.01}

  1%|          | 557/60627 [10:31<12:31:48,  1.33it/s]
  1%|          | 558/60627 [10:32<12:31:38,  1.33it/s]
                                                      
{'loss': 4.5992, 'grad_norm': 0.73828125, 'learning_rate': 0.000999827171592436, 'epoch': 0.01}

  1%|          | 558/60627 [10:32<12:31:38,  1.33it/s]
  1%|          | 559/60627 [10:32<12:32:15,  1.33it/s]
                                                      
{'loss': 4.4201, 'grad_norm': 0.72265625, 'learning_rate': 0.000999826489190687, 'epoch': 0.01}

  1%|          | 559/60627 [10:32<12:32:15,  1.33it/s]
  1%|          | 560/60627 [10:33<12:34:30,  1.33it/s]
                                                      
{'loss': 4.7241, 'grad_norm': 0.7890625, 'learning_rate': 0.0009998258054446155, 'epoch': 0.01}

  1%|          | 560/60627 [10:33<12:34:30,  1.33it/s]
  1%|          | 561/60627 [10:34<12:34:23,  1.33it/s]
                                                      
{'loss': 4.7862, 'grad_norm': 0.80859375, 'learning_rate': 0.0009998251203542233, 'epoch': 0.01}

  1%|          | 561/60627 [10:34<12:34:23,  1.33it/s]
  1%|          | 562/60627 [10:35<12:32:39,  1.33it/s]{'loss': 4.4496, 'grad_norm': 0.71875, 'learning_rate': 0.0009998244339195122, 'epoch': 0.01}

                                                      

  1%|          | 562/60627 [10:35<12:32:39,  1.33it/s]
  1%|          | 563/60627 [10:35<12:34:40,  1.33it/s]
                                                      
{'loss': 4.677, 'grad_norm': 0.84765625, 'learning_rate': 0.0009998237461404838, 'epoch': 0.01}

  1%|          | 563/60627 [10:35<12:34:40,  1.33it/s]
  1%|          | 564/60627 [10:36<12:30:17,  1.33it/s]{'loss': 4.1592, 'grad_norm': 0.76953125, 'learning_rate': 0.0009998230570171405, 'epoch': 0.01}

                                                      

  1%|          | 564/60627 [10:36<12:30:17,  1.33it/s]
  1%|          | 565/60627 [10:37<12:30:49,  1.33it/s]
                                                      
{'loss': 4.5004, 'grad_norm': 0.64453125, 'learning_rate': 0.0009998223665494837, 'epoch': 0.01}

  1%|          | 565/60627 [10:37<12:30:49,  1.33it/s]
  1%|          | 566/60627 [10:38<12:31:11,  1.33it/s]
                                                      
{'loss': 4.7141, 'grad_norm': 0.75390625, 'learning_rate': 0.0009998216747375156, 'epoch': 0.01}

  1%|          | 566/60627 [10:38<12:31:11,  1.33it/s]
  1%|          | 567/60627 [10:38<12:32:30,  1.33it/s]
                                                      
{'loss': 4.9287, 'grad_norm': 0.671875, 'learning_rate': 0.0009998209815812375, 'epoch': 0.01}

  1%|          | 567/60627 [10:38<12:32:30,  1.33it/s]
  1%|          | 568/60627 [10:39<12:32:51,  1.33it/s]
                                                      
{'loss': 4.8868, 'grad_norm': 0.6640625, 'learning_rate': 0.000999820287080652, 'epoch': 0.01}

  1%|          | 568/60627 [10:39<12:32:51,  1.33it/s]
  1%|          | 569/60627 [10:40<12:29:53,  1.33it/s]
                                                      
{'loss': 4.7579, 'grad_norm': 0.625, 'learning_rate': 0.0009998195912357605, 'epoch': 0.01}

  1%|          | 569/60627 [10:40<12:29:53,  1.33it/s]
  1%|          | 570/60627 [10:41<12:29:11,  1.34it/s]
                                                      
{'loss': 4.5687, 'grad_norm': 0.734375, 'learning_rate': 0.000999818894046565, 'epoch': 0.01}

  1%|          | 570/60627 [10:41<12:29:11,  1.34it/s]
  1%|          | 571/60627 [10:41<12:28:56,  1.34it/s]{'loss': 4.9673, 'grad_norm': 0.64453125, 'learning_rate': 0.0009998181955130675, 'epoch': 0.01}

                                                      

  1%|          | 571/60627 [10:41<12:28:56,  1.34it/s]
  1%|          | 572/60627 [10:42<12:32:43,  1.33it/s]
                                                      
{'loss': 4.5698, 'grad_norm': 0.65625, 'learning_rate': 0.0009998174956352694, 'epoch': 0.01}

  1%|          | 572/60627 [10:42<12:32:43,  1.33it/s]
  1%|          | 573/60627 [10:43<12:32:21,  1.33it/s]{'loss': 4.4086, 'grad_norm': 0.61328125, 'learning_rate': 0.000999816794413173, 'epoch': 0.01}

                                                      

  1%|          | 573/60627 [10:43<12:32:21,  1.33it/s]
  1%|          | 574/60627 [10:44<12:31:32,  1.33it/s]
                                                      
{'loss': 4.771, 'grad_norm': 0.625, 'learning_rate': 0.0009998160918467803, 'epoch': 0.01}

  1%|          | 574/60627 [10:44<12:31:32,  1.33it/s]
  1%|          | 575/60627 [10:44<12:31:44,  1.33it/s]
                                                      
{'loss': 4.4497, 'grad_norm': 0.6171875, 'learning_rate': 0.000999815387936093, 'epoch': 0.01}

  1%|          | 575/60627 [10:44<12:31:44,  1.33it/s]
  1%|          | 576/60627 [10:45<12:32:17,  1.33it/s]
                                                      
{'loss': 4.5659, 'grad_norm': 0.55078125, 'learning_rate': 0.0009998146826811127, 'epoch': 0.01}

  1%|          | 576/60627 [10:45<12:32:17,  1.33it/s]
  1%|          | 577/60627 [10:46<12:34:26,  1.33it/s]
                                                      
{'loss': 4.666, 'grad_norm': 0.5859375, 'learning_rate': 0.0009998139760818419, 'epoch': 0.01}

  1%|          | 577/60627 [10:46<12:34:26,  1.33it/s]
  1%|          | 578/60627 [10:47<12:33:34,  1.33it/s]
                                                      
{'loss': 4.7398, 'grad_norm': 0.64453125, 'learning_rate': 0.000999813268138282, 'epoch': 0.01}

  1%|          | 578/60627 [10:47<12:33:34,  1.33it/s]
  1%|          | 579/60627 [10:47<12:34:14,  1.33it/s]{'loss': 4.6101, 'grad_norm': 0.58203125, 'learning_rate': 0.000999812558850435, 'epoch': 0.01}

                                                      

  1%|          | 579/60627 [10:47<12:34:14,  1.33it/s]
  1%|          | 580/60627 [10:48<12:34:41,  1.33it/s]
                                                      
{'loss': 4.8695, 'grad_norm': 0.62109375, 'learning_rate': 0.000999811848218303, 'epoch': 0.01}

  1%|          | 580/60627 [10:48<12:34:41,  1.33it/s]
  1%|          | 581/60627 [10:49<12:34:25,  1.33it/s]
                                                      
{'loss': 4.6795, 'grad_norm': 0.71875, 'learning_rate': 0.000999811136241888, 'epoch': 0.01}

  1%|          | 581/60627 [10:49<12:34:25,  1.33it/s]
  1%|          | 582/60627 [10:50<12:32:58,  1.33it/s]
                                                      
{'loss': 4.3695, 'grad_norm': 0.66015625, 'learning_rate': 0.0009998104229211914, 'epoch': 0.01}

  1%|          | 582/60627 [10:50<12:32:58,  1.33it/s]
  1%|          | 583/60627 [10:50<12:29:31,  1.34it/s]
                                                      
{'loss': 4.4722, 'grad_norm': 0.73046875, 'learning_rate': 0.0009998097082562156, 'epoch': 0.01}

  1%|          | 583/60627 [10:50<12:29:31,  1.34it/s]
  1%|          | 584/60627 [10:51<12:27:00,  1.34it/s]
                                                      
{'loss': 4.3739, 'grad_norm': 0.7421875, 'learning_rate': 0.0009998089922469624, 'epoch': 0.01}

  1%|          | 584/60627 [10:51<12:27:00,  1.34it/s]
  1%|          | 585/60627 [10:52<12:29:17,  1.34it/s]
                                                      
{'loss': 4.8585, 'grad_norm': 0.62109375, 'learning_rate': 0.0009998082748934336, 'epoch': 0.01}

  1%|          | 585/60627 [10:52<12:29:17,  1.34it/s]
  1%|          | 586/60627 [10:53<12:26:56,  1.34it/s]
                                                      
{'loss': 4.643, 'grad_norm': 0.7421875, 'learning_rate': 0.0009998075561956313, 'epoch': 0.01}

  1%|          | 586/60627 [10:53<12:26:56,  1.34it/s]
  1%|          | 587/60627 [10:53<12:27:58,  1.34it/s]{'loss': 4.8375, 'grad_norm': 0.63671875, 'learning_rate': 0.0009998068361535574, 'epoch': 0.01}

                                                      

  1%|          | 587/60627 [10:53<12:27:58,  1.34it/s]
  1%|          | 588/60627 [10:54<12:28:05,  1.34it/s]
                                                      
{'loss': 4.5603, 'grad_norm': 0.76171875, 'learning_rate': 0.0009998061147672137, 'epoch': 0.01}

  1%|          | 588/60627 [10:54<12:28:05,  1.34it/s]
  1%|          | 589/60627 [10:55<12:28:49,  1.34it/s]
                                                      
{'loss': 4.4273, 'grad_norm': 0.61328125, 'learning_rate': 0.000999805392036602, 'epoch': 0.01}

  1%|          | 589/60627 [10:55<12:28:49,  1.34it/s]
  1%|          | 590/60627 [10:56<12:29:26,  1.34it/s]
                                                      
{'loss': 4.8677, 'grad_norm': 0.66796875, 'learning_rate': 0.000999804667961725, 'epoch': 0.01}

  1%|          | 590/60627 [10:56<12:29:26,  1.34it/s]
  1%|          | 591/60627 [10:56<12:27:56,  1.34it/s]
                                                      
{'loss': 4.6362, 'grad_norm': 0.68359375, 'learning_rate': 0.0009998039425425838, 'epoch': 0.01}

  1%|          | 591/60627 [10:56<12:27:56,  1.34it/s]
  1%|          | 592/60627 [10:57<12:27:49,  1.34it/s]
                                                      
{'loss': 4.7298, 'grad_norm': 0.703125, 'learning_rate': 0.0009998032157791806, 'epoch': 0.01}

  1%|          | 592/60627 [10:57<12:27:49,  1.34it/s]
  1%|          | 593/60627 [10:58<12:29:46,  1.33it/s]
                                                      
{'loss': 4.9326, 'grad_norm': 0.7109375, 'learning_rate': 0.0009998024876715175, 'epoch': 0.01}

  1%|          | 593/60627 [10:58<12:29:46,  1.33it/s]
  1%|          | 594/60627 [10:59<12:30:26,  1.33it/s]
                                                      
{'loss': 4.5428, 'grad_norm': 0.64453125, 'learning_rate': 0.0009998017582195963, 'epoch': 0.01}

  1%|          | 594/60627 [10:59<12:30:26,  1.33it/s]
  1%|          | 595/60627 [10:59<12:29:49,  1.33it/s]
                                                      
{'loss': 4.8468, 'grad_norm': 0.69921875, 'learning_rate': 0.0009998010274234193, 'epoch': 0.01}

  1%|          | 595/60627 [10:59<12:29:49,  1.33it/s]
  1%|          | 596/60627 [11:00<12:30:46,  1.33it/s]
                                                      
{'loss': 4.8825, 'grad_norm': 0.6328125, 'learning_rate': 0.0009998002952829879, 'epoch': 0.01}

  1%|          | 596/60627 [11:00<12:30:46,  1.33it/s]
  1%|          | 597/60627 [11:01<12:30:55,  1.33it/s]
                                                      
{'loss': 4.7939, 'grad_norm': 0.58984375, 'learning_rate': 0.0009997995617983045, 'epoch': 0.01}

  1%|          | 597/60627 [11:01<12:30:55,  1.33it/s]
  1%|          | 598/60627 [11:02<12:30:47,  1.33it/s]
                                                      
{'loss': 4.8492, 'grad_norm': 0.6640625, 'learning_rate': 0.000999798826969371, 'epoch': 0.01}

  1%|          | 598/60627 [11:02<12:30:47,  1.33it/s]
  1%|          | 599/60627 [11:02<12:30:22,  1.33it/s]
                                                      
{'loss': 4.4093, 'grad_norm': 0.6171875, 'learning_rate': 0.0009997980907961892, 'epoch': 0.01}

  1%|          | 599/60627 [11:02<12:30:22,  1.33it/s]
  1%|          | 600/60627 [11:03<12:32:05,  1.33it/s]
                                                      
{'loss': 4.5253, 'grad_norm': 0.59375, 'learning_rate': 0.0009997973532787615, 'epoch': 0.01}

  1%|          | 600/60627 [11:03<12:32:05,  1.33it/s]

  0%|          | 0/157 [00:00<?, ?it/s][A

  1%|▏         | 2/157 [00:00<00:20,  7.67it/s][A

  2%|▏         | 3/157 [00:00<00:28,  5.40it/s][A

  3%|▎         | 4/157 [00:00<00:32,  4.69it/s][A

  3%|▎         | 5/157 [00:01<00:34,  4.35it/s][A

  4%|▍         | 6/157 [00:01<00:36,  4.17it/s][A

  4%|▍         | 7/157 [00:01<00:36,  4.07it/s][A

  5%|▌         | 8/157 [00:01<00:37,  4.01it/s][A

  6%|▌         | 9/157 [00:02<00:37,  3.96it/s][A

  6%|▋         | 10/157 [00:02<00:37,  3.92it/s][A

  7%|▋         | 11/157 [00:02<00:37,  3.89it/s][A

  8%|▊         | 12/157 [00:02<00:37,  3.86it/s][A

  8%|▊         | 13/157 [00:03<00:37,  3.85it/s][A

  9%|▉         | 14/157 [00:03<00:36,  3.87it/s][A

 10%|▉         | 15/157 [00:03<00:36,  3.86it/s][A

 10%|█         | 16/157 [00:03<00:36,  3.85it/s][A

 11%|█         | 17/157 [00:04<00:36,  3.84it/s][A

 11%|█▏        | 18/157 [00:04<00:36,  3.83it/s][A

 12%|█▏        | 19/157 [00:04<00:36,  3.83it/s][A

 13%|█▎        | 20/157 [00:04<00:35,  3.86it/s][A

 13%|█▎        | 21/157 [00:05<00:35,  3.85it/s][A

 14%|█▍        | 22/157 [00:05<00:35,  3.85it/s][A

 15%|█▍        | 23/157 [00:05<00:34,  3.85it/s][A

 15%|█▌        | 24/157 [00:05<00:34,  3.86it/s][A

 16%|█▌        | 25/157 [00:06<00:34,  3.84it/s][A

 17%|█▋        | 26/157 [00:06<00:34,  3.84it/s][A

 17%|█▋        | 27/157 [00:06<00:33,  3.84it/s][A

 18%|█▊        | 28/157 [00:07<00:33,  3.83it/s][A

 18%|█▊        | 29/157 [00:07<00:33,  3.83it/s][A

 19%|█▉        | 30/157 [00:07<00:33,  3.84it/s][A

 20%|█▉        | 31/157 [00:07<00:32,  3.84it/s][A

 20%|██        | 32/157 [00:08<00:32,  3.84it/s][A

 21%|██        | 33/157 [00:08<00:32,  3.83it/s][A

 22%|██▏       | 34/157 [00:08<00:32,  3.83it/s][A

 22%|██▏       | 35/157 [00:08<00:31,  3.82it/s][A

 23%|██▎       | 36/157 [00:09<00:31,  3.82it/s][A

 24%|██▎       | 37/157 [00:09<00:31,  3.81it/s][A

 24%|██▍       | 38/157 [00:09<00:31,  3.81it/s][A

 25%|██▍       | 39/157 [00:09<00:30,  3.81it/s][A

 25%|██▌       | 40/157 [00:10<00:30,  3.82it/s][A

 26%|██▌       | 41/157 [00:10<00:30,  3.82it/s][A

 27%|██▋       | 42/157 [00:10<00:30,  3.82it/s][A

 27%|██▋       | 43/157 [00:10<00:29,  3.82it/s][A

 28%|██▊       | 44/157 [00:11<00:29,  3.82it/s][A

 29%|██▊       | 45/157 [00:11<00:29,  3.85it/s][A

 29%|██▉       | 46/157 [00:11<00:28,  3.84it/s][A

 30%|██▉       | 47/157 [00:11<00:28,  3.83it/s][A

 31%|███       | 48/157 [00:12<00:28,  3.87it/s][A

 31%|███       | 49/157 [00:12<00:27,  3.89it/s][A

 32%|███▏      | 50/157 [00:12<00:27,  3.91it/s][A

 32%|███▏      | 51/157 [00:13<00:27,  3.91it/s][A

 33%|███▎      | 52/157 [00:13<00:27,  3.87it/s][A

 34%|███▍      | 53/157 [00:13<00:26,  3.86it/s][A

 34%|███▍      | 54/157 [00:13<00:26,  3.86it/s][A

 35%|███▌      | 55/157 [00:14<00:26,  3.85it/s][A

 36%|███▌      | 56/157 [00:14<00:26,  3.86it/s][A

 36%|███▋      | 57/157 [00:14<00:25,  3.87it/s][A

 37%|███▋      | 58/157 [00:14<00:25,  3.86it/s][A

 38%|███▊      | 59/157 [00:15<00:25,  3.85it/s][A

 38%|███▊      | 60/157 [00:15<00:25,  3.86it/s][A

 39%|███▉      | 61/157 [00:15<00:24,  3.86it/s][A

 39%|███▉      | 62/157 [00:15<00:24,  3.85it/s][A

 40%|████      | 63/157 [00:16<00:24,  3.84it/s][A

 41%|████      | 64/157 [00:16<00:24,  3.84it/s][A

 41%|████▏     | 65/157 [00:16<00:23,  3.84it/s][A

 42%|████▏     | 66/157 [00:16<00:23,  3.84it/s][A

 43%|████▎     | 67/157 [00:17<00:23,  3.84it/s][A

 43%|████▎     | 68/157 [00:17<00:22,  3.87it/s][A

 44%|████▍     | 69/157 [00:17<00:22,  3.85it/s][A

 45%|████▍     | 70/157 [00:17<00:22,  3.84it/s][A

 45%|████▌     | 71/157 [00:18<00:22,  3.84it/s][A

 46%|████▌     | 72/157 [00:18<00:22,  3.83it/s][A

 46%|████▋     | 73/157 [00:18<00:21,  3.85it/s][A

 47%|████▋     | 74/157 [00:18<00:21,  3.87it/s][A

 48%|████▊     | 75/157 [00:19<00:21,  3.90it/s][A

 48%|████▊     | 76/157 [00:19<00:20,  3.89it/s][A

 49%|████▉     | 77/157 [00:19<00:20,  3.91it/s][A

 50%|████▉     | 78/157 [00:20<00:20,  3.91it/s][A

 50%|█████     | 79/157 [00:20<00:19,  3.92it/s][A

 51%|█████     | 80/157 [00:20<00:19,  3.92it/s][A

 52%|█████▏    | 81/157 [00:20<00:19,  3.93it/s][A

 52%|█████▏    | 82/157 [00:21<00:19,  3.93it/s][A

 53%|█████▎    | 83/157 [00:21<00:18,  3.93it/s][A

 54%|█████▎    | 84/157 [00:21<00:18,  3.93it/s][A

 54%|█████▍    | 85/157 [00:21<00:18,  3.89it/s][A

 55%|█████▍    | 86/157 [00:22<00:18,  3.89it/s][A

 55%|█████▌    | 87/157 [00:22<00:17,  3.91it/s][A

 56%|█████▌    | 88/157 [00:22<00:17,  3.89it/s][A

 57%|█████▋    | 89/157 [00:22<00:17,  3.87it/s][A

 57%|█████▋    | 90/157 [00:23<00:17,  3.86it/s][A

 58%|█████▊    | 91/157 [00:23<00:17,  3.86it/s][A

 59%|█████▊    | 92/157 [00:23<00:16,  3.86it/s][A

 59%|█████▉    | 93/157 [00:23<00:16,  3.86it/s][A

 60%|█████▉    | 94/157 [00:24<00:16,  3.87it/s][A

 61%|██████    | 95/157 [00:24<00:15,  3.89it/s][A

 61%|██████    | 96/157 [00:24<00:15,  3.91it/s][A

 62%|██████▏   | 97/157 [00:24<00:15,  3.91it/s][A

 62%|██████▏   | 98/157 [00:25<00:15,  3.92it/s][A

 63%|██████▎   | 99/157 [00:25<00:14,  3.95it/s][A

 64%|██████▎   | 100/157 [00:25<00:14,  3.97it/s][A

 64%|██████▍   | 101/157 [00:25<00:14,  3.97it/s][A

 65%|██████▍   | 102/157 [00:26<00:13,  3.97it/s][A

 66%|██████▌   | 103/157 [00:26<00:13,  3.98it/s][A

 66%|██████▌   | 104/157 [00:26<00:13,  3.99it/s][A

 67%|██████▋   | 105/157 [00:26<00:12,  4.01it/s][A

 68%|██████▊   | 106/157 [00:27<00:12,  3.98it/s][A

 68%|██████▊   | 107/157 [00:27<00:12,  3.97it/s][A

 69%|██████▉   | 108/157 [00:27<00:12,  3.97it/s][A

 69%|██████▉   | 109/157 [00:27<00:12,  3.95it/s][A

 70%|███████   | 110/157 [00:28<00:11,  3.97it/s][A

 71%|███████   | 111/157 [00:28<00:11,  3.98it/s][A

 71%|███████▏  | 112/157 [00:28<00:11,  3.99it/s][A

 72%|███████▏  | 113/157 [00:28<00:10,  4.01it/s][A

 73%|███████▎  | 114/157 [00:29<00:10,  4.02it/s][A

 73%|███████▎  | 115/157 [00:29<00:10,  4.02it/s][A

 74%|███████▍  | 116/157 [00:29<00:10,  4.02it/s][A

 75%|███████▍  | 117/157 [00:29<00:09,  4.03it/s][A

 75%|███████▌  | 118/157 [00:30<00:09,  4.04it/s][A

 76%|███████▌  | 119/157 [00:30<00:09,  4.04it/s][A

 76%|███████▋  | 120/157 [00:30<00:09,  4.05it/s][A

 77%|███████▋  | 121/157 [00:30<00:08,  4.06it/s][A

 78%|███████▊  | 122/157 [00:31<00:08,  4.05it/s][A

 78%|███████▊  | 123/157 [00:31<00:08,  4.05it/s][A

 79%|███████▉  | 124/157 [00:31<00:08,  4.06it/s][A

 80%|███████▉  | 125/157 [00:31<00:07,  4.08it/s][A

 80%|████████  | 126/157 [00:32<00:07,  4.08it/s][A

 81%|████████  | 127/157 [00:32<00:07,  4.08it/s][A

 82%|████████▏ | 128/157 [00:32<00:07,  4.06it/s][A

 82%|████████▏ | 129/157 [00:32<00:06,  4.03it/s][A

 83%|████████▎ | 130/157 [00:33<00:06,  3.99it/s][A

 83%|████████▎ | 131/157 [00:33<00:06,  3.94it/s][A

 84%|████████▍ | 132/157 [00:33<00:06,  3.90it/s][A

 85%|████████▍ | 133/157 [00:33<00:06,  3.88it/s][A

 85%|████████▌ | 134/157 [00:34<00:05,  3.87it/s][A

 86%|████████▌ | 135/157 [00:34<00:05,  3.85it/s][A

 87%|████████▋ | 136/157 [00:34<00:05,  3.84it/s][A

 87%|████████▋ | 137/157 [00:34<00:05,  3.85it/s][A

 88%|████████▊ | 138/157 [00:35<00:04,  3.87it/s][A

 89%|████████▊ | 139/157 [00:35<00:04,  3.87it/s][A

 89%|████████▉ | 140/157 [00:35<00:04,  3.87it/s][A

 90%|████████▉ | 141/157 [00:35<00:04,  3.85it/s][A

 90%|█████████ | 142/157 [00:36<00:03,  3.86it/s][A

 91%|█████████ | 143/157 [00:36<00:03,  3.86it/s][A

 92%|█████████▏| 144/157 [00:36<00:03,  3.88it/s][A

 92%|█████████▏| 145/157 [00:36<00:03,  3.88it/s][A

 93%|█████████▎| 146/157 [00:37<00:02,  3.87it/s][A

 94%|█████████▎| 147/157 [00:37<00:02,  3.86it/s][A

 94%|█████████▍| 148/157 [00:37<00:02,  3.84it/s][A

 95%|█████████▍| 149/157 [00:38<00:02,  3.84it/s][A

 96%|█████████▌| 150/157 [00:38<00:01,  3.84it/s][A

 96%|█████████▌| 151/157 [00:38<00:01,  3.85it/s][A

 97%|█████████▋| 152/157 [00:38<00:01,  3.86it/s][A

 97%|█████████▋| 153/157 [00:39<00:01,  3.86it/s][A

 98%|█████████▊| 154/157 [00:39<00:00,  3.86it/s][A

 99%|█████████▊| 155/157 [00:39<00:00,  3.85it/s][A

 99%|█████████▉| 156/157 [00:39<00:00,  3.84it/s][A

100%|██████████| 157/157 [00:40<00:00,  4.21it/s][A
                                                      

                                                 
[A{'eval_loss': 5.227970600128174, 'eval_runtime': 40.4238, 'eval_samples_per_second': 123.689, 'eval_steps_per_second': 3.884, 'epoch': 0.01}

  1%|          | 600/60627 [11:44<12:32:05,  1.33it/s]

100%|██████████| 157/157 [00:40<00:00,  4.21it/s][A

                                                 [A
  1%|          | 601/60627 [11:47<226:50:13, 13.60s/it]
                                                       
{'loss': 4.8281, 'grad_norm': 0.80859375, 'learning_rate': 0.0009997966144170893, 'epoch': 0.01}

  1%|          | 601/60627 [11:47<226:50:13, 13.60s/it]
  1%|          | 602/60627 [11:47<162:34:30,  9.75s/it]
                                                       
{'loss': 4.7899, 'grad_norm': 0.65234375, 'learning_rate': 0.000999795874211175, 'epoch': 0.01}

  1%|          | 602/60627 [11:47<162:34:30,  9.75s/it]
  1%|          | 603/60627 [11:48<117:35:03,  7.05s/it]
                                                       
{'loss': 4.666, 'grad_norm': 0.609375, 'learning_rate': 0.0009997951326610203, 'epoch': 0.01}

  1%|          | 603/60627 [11:48<117:35:03,  7.05s/it]
  1%|          | 604/60627 [11:49<86:01:50,  5.16s/it] {'loss': 4.4235, 'grad_norm': 0.6953125, 'learning_rate': 0.0009997943897666276, 'epoch': 0.01}

                                                      

  1%|          | 604/60627 [11:49<86:01:50,  5.16s/it]
  1%|          | 605/60627 [11:50<63:59:09,  3.84s/it]
                                                      
{'loss': 4.6534, 'grad_norm': 0.66015625, 'learning_rate': 0.0009997936455279986, 'epoch': 0.01}

  1%|          | 605/60627 [11:50<63:59:09,  3.84s/it]
  1%|          | 606/60627 [11:50<48:31:22,  2.91s/it]
                                                      
{'loss': 4.5512, 'grad_norm': 0.7109375, 'learning_rate': 0.0009997928999451353, 'epoch': 0.01}

  1%|          | 606/60627 [11:50<48:31:22,  2.91s/it]
  1%|          | 607/60627 [11:51<37:39:42,  2.26s/it]
                                                      
{'loss': 4.4224, 'grad_norm': 0.67578125, 'learning_rate': 0.0009997921530180399, 'epoch': 0.01}

  1%|          | 607/60627 [11:51<37:39:42,  2.26s/it]
  1%|          | 608/60627 [11:52<30:06:06,  1.81s/it]
                                                      
{'loss': 4.862, 'grad_norm': 0.69140625, 'learning_rate': 0.0009997914047467143, 'epoch': 0.01}

  1%|          | 608/60627 [11:52<30:06:06,  1.81s/it]
  1%|          | 609/60627 [11:53<24:49:24,  1.49s/it]
                                                      
{'loss': 4.7323, 'grad_norm': 0.68359375, 'learning_rate': 0.0009997906551311602, 'epoch': 0.01}

  1%|          | 609/60627 [11:53<24:49:24,  1.49s/it]
  1%|          | 610/60627 [11:53<21:09:18,  1.27s/it]{'loss': 4.821, 'grad_norm': 0.78515625, 'learning_rate': 0.0009997899041713802, 'epoch': 0.01}

                                                      

  1%|          | 610/60627 [11:53<21:09:18,  1.27s/it]
  1%|          | 611/60627 [11:54<18:33:11,  1.11s/it]{'loss': 4.5661, 'grad_norm': 0.59375, 'learning_rate': 0.000999789151867376, 'epoch': 0.01}

                                                      

  1%|          | 611/60627 [11:54<18:33:11,  1.11s/it]
  1%|          | 612/60627 [11:55<16:46:33,  1.01s/it]
                                                      
{'loss': 4.6569, 'grad_norm': 0.60546875, 'learning_rate': 0.0009997883982191494, 'epoch': 0.01}

  1%|          | 612/60627 [11:55<16:46:33,  1.01s/it]
  1%|          | 613/60627 [11:56<15:30:45,  1.07it/s]
                                                      
{'loss': 4.3752, 'grad_norm': 0.76171875, 'learning_rate': 0.0009997876432267028, 'epoch': 0.01}

  1%|          | 613/60627 [11:56<15:30:45,  1.07it/s]
  1%|          | 614/60627 [11:56<14:33:42,  1.14it/s]
                                                      
{'loss': 4.6131, 'grad_norm': 0.67578125, 'learning_rate': 0.000999786886890038, 'epoch': 0.01}

  1%|          | 614/60627 [11:56<14:33:42,  1.14it/s]
  1%|          | 615/60627 [11:57<13:53:19,  1.20it/s]
                                                      
{'loss': 4.3667, 'grad_norm': 0.671875, 'learning_rate': 0.0009997861292091574, 'epoch': 0.01}

  1%|          | 615/60627 [11:57<13:53:19,  1.20it/s]
  1%|          | 616/60627 [11:58<13:30:37,  1.23it/s]
                                                      
{'loss': 4.5244, 'grad_norm': 0.76171875, 'learning_rate': 0.0009997853701840629, 'epoch': 0.01}

  1%|          | 616/60627 [11:58<13:30:37,  1.23it/s]
  1%|          | 617/60627 [11:59<13:13:12,  1.26it/s]
                                                      
{'loss': 4.7025, 'grad_norm': 0.65625, 'learning_rate': 0.000999784609814756, 'epoch': 0.01}

  1%|          | 617/60627 [11:59<13:13:12,  1.26it/s]
  1%|          | 618/60627 [11:59<12:59:30,  1.28it/s]
                                                      
{'loss': 4.4138, 'grad_norm': 0.578125, 'learning_rate': 0.0009997838481012394, 'epoch': 0.01}

  1%|          | 618/60627 [11:59<12:59:30,  1.28it/s]
  1%|          | 619/60627 [12:00<12:47:13,  1.30it/s]
                                                      
{'loss': 4.0078, 'grad_norm': 0.59375, 'learning_rate': 0.000999783085043515, 'epoch': 0.01}

  1%|          | 619/60627 [12:00<12:47:13,  1.30it/s]
  1%|          | 620/60627 [12:01<12:42:54,  1.31it/s]
                                                      
{'loss': 4.6975, 'grad_norm': 0.6484375, 'learning_rate': 0.0009997823206415845, 'epoch': 0.01}

  1%|          | 620/60627 [12:01<12:42:54,  1.31it/s]
  1%|          | 621/60627 [12:02<12:38:04,  1.32it/s]
                                                      
{'loss': 4.5695, 'grad_norm': 0.6640625, 'learning_rate': 0.0009997815548954505, 'epoch': 0.01}

  1%|          | 621/60627 [12:02<12:38:04,  1.32it/s]
  1%|          | 622/60627 [12:02<12:36:26,  1.32it/s]
                                                      
{'loss': 4.9313, 'grad_norm': 0.59765625, 'learning_rate': 0.0009997807878051146, 'epoch': 0.01}

  1%|          | 622/60627 [12:02<12:36:26,  1.32it/s]
  1%|          | 623/60627 [12:03<12:35:22,  1.32it/s]{'loss': 4.6456, 'grad_norm': 0.61328125, 'learning_rate': 0.000999780019370579, 'epoch': 0.01}

                                                      

  1%|          | 623/60627 [12:03<12:35:22,  1.32it/s]
  1%|          | 624/60627 [12:04<12:33:17,  1.33it/s]
                                                      
{'loss': 4.6895, 'grad_norm': 0.6171875, 'learning_rate': 0.000999779249591846, 'epoch': 0.01}

  1%|          | 624/60627 [12:04<12:33:17,  1.33it/s]
  1%|          | 625/60627 [12:05<12:31:25,  1.33it/s]{'loss': 4.7273, 'grad_norm': 0.578125, 'learning_rate': 0.0009997784784689173, 'epoch': 0.01}

                                                      

  1%|          | 625/60627 [12:05<12:31:25,  1.33it/s]
  1%|          | 626/60627 [12:05<12:30:39,  1.33it/s]
                                                      
{'loss': 4.7872, 'grad_norm': 0.640625, 'learning_rate': 0.0009997777060017953, 'epoch': 0.01}

  1%|          | 626/60627 [12:05<12:30:39,  1.33it/s]
  1%|          | 627/60627 [12:06<12:31:58,  1.33it/s]{'loss': 4.9062, 'grad_norm': 0.72265625, 'learning_rate': 0.0009997769321904819, 'epoch': 0.01}

                                                      

  1%|          | 627/60627 [12:06<12:31:58,  1.33it/s]
  1%|          | 628/60627 [12:07<12:32:06,  1.33it/s]
                                                      
{'loss': 4.8361, 'grad_norm': 0.59765625, 'learning_rate': 0.0009997761570349792, 'epoch': 0.01}

  1%|          | 628/60627 [12:07<12:32:06,  1.33it/s]
  1%|          | 629/60627 [12:08<12:31:18,  1.33it/s]{'loss': 4.4638, 'grad_norm': 0.7265625, 'learning_rate': 0.0009997753805352893, 'epoch': 0.01}

                                                      

  1%|          | 629/60627 [12:08<12:31:18,  1.33it/s]
  1%|          | 630/60627 [12:08<12:29:20,  1.33it/s]
                                                      
{'loss': 4.3361, 'grad_norm': 0.72265625, 'learning_rate': 0.0009997746026914143, 'epoch': 0.01}

  1%|          | 630/60627 [12:08<12:29:20,  1.33it/s]
  1%|          | 631/60627 [12:09<12:30:31,  1.33it/s]
                                                      
{'loss': 4.9913, 'grad_norm': 0.65234375, 'learning_rate': 0.0009997738235033562, 'epoch': 0.01}

  1%|          | 631/60627 [12:09<12:30:31,  1.33it/s]
  1%|          | 632/60627 [12:10<12:27:41,  1.34it/s]{'loss': 4.7416, 'grad_norm': 0.6796875, 'learning_rate': 0.0009997730429711174, 'epoch': 0.01}

                                                      

  1%|          | 632/60627 [12:10<12:27:41,  1.34it/s]
  1%|          | 633/60627 [12:11<12:27:32,  1.34it/s]
                                                      
{'loss': 4.8287, 'grad_norm': 0.6328125, 'learning_rate': 0.0009997722610946996, 'epoch': 0.01}

  1%|          | 633/60627 [12:11<12:27:32,  1.34it/s]
  1%|          | 634/60627 [12:11<12:27:21,  1.34it/s]
                                                      
{'loss': 4.4841, 'grad_norm': 0.62890625, 'learning_rate': 0.0009997714778741049, 'epoch': 0.01}

  1%|          | 634/60627 [12:11<12:27:21,  1.34it/s]
  1%|          | 635/60627 [12:12<12:30:10,  1.33it/s]
                                                      
{'loss': 5.0615, 'grad_norm': 0.63671875, 'learning_rate': 0.0009997706933093358, 'epoch': 0.01}

  1%|          | 635/60627 [12:12<12:30:10,  1.33it/s]
  1%|          | 636/60627 [12:13<12:29:15,  1.33it/s]
                                                      
{'loss': 4.4737, 'grad_norm': 0.67578125, 'learning_rate': 0.0009997699074003944, 'epoch': 0.01}

  1%|          | 636/60627 [12:13<12:29:15,  1.33it/s]
  1%|          | 637/60627 [12:14<12:27:42,  1.34it/s]
                                                      
{'loss': 4.1493, 'grad_norm': 0.63671875, 'learning_rate': 0.0009997691201472823, 'epoch': 0.01}

  1%|          | 637/60627 [12:14<12:27:42,  1.34it/s]
  1%|          | 638/60627 [12:14<12:27:31,  1.34it/s]{'loss': 4.7599, 'grad_norm': 0.6484375, 'learning_rate': 0.000999768331550002, 'epoch': 0.01}

                                                      

  1%|          | 638/60627 [12:14<12:27:31,  1.34it/s]
  1%|          | 639/60627 [12:15<12:28:26,  1.34it/s]{'loss': 4.7484, 'grad_norm': 0.68359375, 'learning_rate': 0.0009997675416085555, 'epoch': 0.01}

                                                      

  1%|          | 639/60627 [12:15<12:28:26,  1.34it/s]
  1%|          | 640/60627 [12:16<12:29:23,  1.33it/s]
                                                      
{'loss': 4.5568, 'grad_norm': 0.625, 'learning_rate': 0.000999766750322945, 'epoch': 0.01}

  1%|          | 640/60627 [12:16<12:29:23,  1.33it/s]
  1%|          | 641/60627 [12:17<12:26:58,  1.34it/s]
                                                      
{'loss': 4.5707, 'grad_norm': 0.671875, 'learning_rate': 0.0009997659576931727, 'epoch': 0.01}

  1%|          | 641/60627 [12:17<12:26:58,  1.34it/s]
  1%|          | 642/60627 [12:17<12:27:25,  1.34it/s]{'loss': 4.3243, 'grad_norm': 0.640625, 'learning_rate': 0.0009997651637192405, 'epoch': 0.01}

                                                      

  1%|          | 642/60627 [12:17<12:27:25,  1.34it/s]
  1%|          | 643/60627 [12:18<12:30:02,  1.33it/s]
                                                      
{'loss': 4.7021, 'grad_norm': 0.64453125, 'learning_rate': 0.0009997643684011507, 'epoch': 0.01}

  1%|          | 643/60627 [12:18<12:30:02,  1.33it/s]
  1%|          | 644/60627 [12:19<12:29:50,  1.33it/s]
                                                      
{'loss': 4.2217, 'grad_norm': 0.59765625, 'learning_rate': 0.0009997635717389054, 'epoch': 0.01}

  1%|          | 644/60627 [12:19<12:29:50,  1.33it/s]
  1%|          | 645/60627 [12:20<12:29:46,  1.33it/s]
                                                      
{'loss': 4.5092, 'grad_norm': 0.61328125, 'learning_rate': 0.000999762773732507, 'epoch': 0.01}

  1%|          | 645/60627 [12:20<12:29:46,  1.33it/s]
  1%|          | 646/60627 [12:20<12:30:56,  1.33it/s]{'loss': 4.7574, 'grad_norm': 0.62109375, 'learning_rate': 0.0009997619743819571, 'epoch': 0.01}

                                                      

  1%|          | 646/60627 [12:20<12:30:56,  1.33it/s]
  1%|          | 647/60627 [12:21<12:26:12,  1.34it/s]
                                                      
{'loss': 4.2617, 'grad_norm': 0.625, 'learning_rate': 0.0009997611736872582, 'epoch': 0.01}

  1%|          | 647/60627 [12:21<12:26:12,  1.34it/s]
  1%|          | 648/60627 [12:22<12:24:57,  1.34it/s]{'loss': 4.5484, 'grad_norm': 0.6015625, 'learning_rate': 0.0009997603716484125, 'epoch': 0.01}

                                                      

  1%|          | 648/60627 [12:22<12:24:57,  1.34it/s]
  1%|          | 649/60627 [12:23<12:28:37,  1.34it/s]
                                                      
{'loss': 4.4969, 'grad_norm': 0.78515625, 'learning_rate': 0.000999759568265422, 'epoch': 0.01}

  1%|          | 649/60627 [12:23<12:28:37,  1.34it/s]
  1%|          | 650/60627 [12:23<12:25:52,  1.34it/s]
                                                      
{'loss': 4.7614, 'grad_norm': 0.6484375, 'learning_rate': 0.000999758763538289, 'epoch': 0.01}

  1%|          | 650/60627 [12:23<12:25:52,  1.34it/s]
  1%|          | 651/60627 [12:24<12:26:59,  1.34it/s]
                                                      
{'loss': 4.645, 'grad_norm': 0.56640625, 'learning_rate': 0.0009997579574670154, 'epoch': 0.01}

  1%|          | 651/60627 [12:24<12:26:59,  1.34it/s]
  1%|          | 652/60627 [12:25<12:29:16,  1.33it/s]
                                                      
{'loss': 4.9086, 'grad_norm': 0.63671875, 'learning_rate': 0.0009997571500516035, 'epoch': 0.01}

  1%|          | 652/60627 [12:25<12:29:16,  1.33it/s]
  1%|          | 653/60627 [12:26<12:28:16,  1.34it/s]
                                                      
{'loss': 4.6515, 'grad_norm': 0.76171875, 'learning_rate': 0.000999756341292056, 'epoch': 0.01}

  1%|          | 653/60627 [12:26<12:28:16,  1.34it/s]
  1%|          | 654/60627 [12:26<12:26:20,  1.34it/s]
                                                      
{'loss': 4.7896, 'grad_norm': 0.5859375, 'learning_rate': 0.000999755531188374, 'epoch': 0.01}

  1%|          | 654/60627 [12:26<12:26:20,  1.34it/s]
  1%|          | 655/60627 [12:27<12:27:14,  1.34it/s]{'loss': 4.526, 'grad_norm': 0.66015625, 'learning_rate': 0.0009997547197405606, 'epoch': 0.01}

                                                      

  1%|          | 655/60627 [12:27<12:27:14,  1.34it/s]
  1%|          | 656/60627 [12:28<12:26:51,  1.34it/s]
                                                      
{'loss': 4.386, 'grad_norm': 0.67578125, 'learning_rate': 0.0009997539069486177, 'epoch': 0.01}

  1%|          | 656/60627 [12:28<12:26:51,  1.34it/s]
  1%|          | 657/60627 [12:29<12:29:11,  1.33it/s]{'loss': 4.6653, 'grad_norm': 0.671875, 'learning_rate': 0.0009997530928125473, 'epoch': 0.01}

                                                      

  1%|          | 657/60627 [12:29<12:29:11,  1.33it/s]
  1%|          | 658/60627 [12:29<12:30:38,  1.33it/s]
                                                      
{'loss': 4.5977, 'grad_norm': 0.57421875, 'learning_rate': 0.0009997522773323518, 'epoch': 0.01}

  1%|          | 658/60627 [12:29<12:30:38,  1.33it/s]
  1%|          | 659/60627 [12:30<12:31:39,  1.33it/s]
                                                      
{'loss': 4.4825, 'grad_norm': 0.640625, 'learning_rate': 0.0009997514605080333, 'epoch': 0.01}

  1%|          | 659/60627 [12:30<12:31:39,  1.33it/s]
  1%|          | 660/60627 [12:31<12:30:42,  1.33it/s]
                                                      
{'loss': 3.9363, 'grad_norm': 0.65234375, 'learning_rate': 0.0009997506423395938, 'epoch': 0.01}

  1%|          | 660/60627 [12:31<12:30:42,  1.33it/s]
  1%|          | 661/60627 [12:32<12:30:18,  1.33it/s]
                                                      
{'loss': 4.6874, 'grad_norm': 0.62890625, 'learning_rate': 0.0009997498228270362, 'epoch': 0.01}

  1%|          | 661/60627 [12:32<12:30:18,  1.33it/s]
  1%|          | 662/60627 [12:32<12:29:54,  1.33it/s]
                                                      
{'loss': 4.1937, 'grad_norm': 0.65234375, 'learning_rate': 0.0009997490019703619, 'epoch': 0.01}

  1%|          | 662/60627 [12:32<12:29:54,  1.33it/s]
  1%|          | 663/60627 [12:33<12:30:01,  1.33it/s]
                                                      
{'loss': 4.4643, 'grad_norm': 0.7265625, 'learning_rate': 0.0009997481797695735, 'epoch': 0.01}

  1%|          | 663/60627 [12:33<12:30:01,  1.33it/s]
  1%|          | 664/60627 [12:34<12:28:15,  1.34it/s]
                                                      
{'loss': 4.5917, 'grad_norm': 0.71484375, 'learning_rate': 0.000999747356224673, 'epoch': 0.01}

  1%|          | 664/60627 [12:34<12:28:15,  1.34it/s]
  1%|          | 665/60627 [12:35<12:27:04,  1.34it/s]
                                                      
{'loss': 4.1047, 'grad_norm': 0.69140625, 'learning_rate': 0.0009997465313356631, 'epoch': 0.01}

  1%|          | 665/60627 [12:35<12:27:04,  1.34it/s]
  1%|          | 666/60627 [12:35<12:27:12,  1.34it/s]
                                                      
{'loss': 4.4895, 'grad_norm': 0.75390625, 'learning_rate': 0.0009997457051025454, 'epoch': 0.01}

  1%|          | 666/60627 [12:35<12:27:12,  1.34it/s]
  1%|          | 667/60627 [12:36<12:28:01,  1.34it/s]
                                                      
{'loss': 4.5941, 'grad_norm': 0.6953125, 'learning_rate': 0.0009997448775253227, 'epoch': 0.01}

  1%|          | 667/60627 [12:36<12:28:01,  1.34it/s]
  1%|          | 668/60627 [12:37<12:27:00,  1.34it/s]{'loss': 4.5571, 'grad_norm': 0.66015625, 'learning_rate': 0.0009997440486039966, 'epoch': 0.01}

                                                      

  1%|          | 668/60627 [12:37<12:27:00,  1.34it/s]
  1%|          | 669/60627 [12:38<12:29:15,  1.33it/s]
                                                      
{'loss': 4.445, 'grad_norm': 0.65234375, 'learning_rate': 0.0009997432183385699, 'epoch': 0.01}

  1%|          | 669/60627 [12:38<12:29:15,  1.33it/s]
  1%|          | 670/60627 [12:38<12:28:29,  1.34it/s]
                                                      
{'loss': 4.3746, 'grad_norm': 0.65234375, 'learning_rate': 0.0009997423867290445, 'epoch': 0.01}

  1%|          | 670/60627 [12:38<12:28:29,  1.34it/s]
  1%|          | 671/60627 [12:39<12:28:12,  1.34it/s]
                                                      
{'loss': 4.2907, 'grad_norm': 0.6953125, 'learning_rate': 0.0009997415537754226, 'epoch': 0.01}

  1%|          | 671/60627 [12:39<12:28:12,  1.34it/s]
  1%|          | 672/60627 [12:40<12:28:45,  1.33it/s]
                                                      
{'loss': 4.115, 'grad_norm': 0.58984375, 'learning_rate': 0.0009997407194777066, 'epoch': 0.01}

  1%|          | 672/60627 [12:40<12:28:45,  1.33it/s]
  1%|          | 673/60627 [12:41<12:29:22,  1.33it/s]
                                                      
{'loss': 4.6208, 'grad_norm': 0.65234375, 'learning_rate': 0.000999739883835899, 'epoch': 0.01}

  1%|          | 673/60627 [12:41<12:29:22,  1.33it/s]
  1%|          | 674/60627 [12:41<12:29:12,  1.33it/s]
                                                      
{'loss': 4.4427, 'grad_norm': 0.59765625, 'learning_rate': 0.0009997390468500014, 'epoch': 0.01}

  1%|          | 674/60627 [12:41<12:29:12,  1.33it/s]
  1%|          | 675/60627 [12:42<12:29:45,  1.33it/s]
                                                      
{'loss': 4.5165, 'grad_norm': 0.62890625, 'learning_rate': 0.0009997382085200166, 'epoch': 0.01}

  1%|          | 675/60627 [12:42<12:29:45,  1.33it/s]
  1%|          | 676/60627 [12:43<12:28:50,  1.33it/s]
                                                      
{'loss': 4.6856, 'grad_norm': 0.69140625, 'learning_rate': 0.0009997373688459467, 'epoch': 0.01}

  1%|          | 676/60627 [12:43<12:28:50,  1.33it/s]
  1%|          | 677/60627 [12:44<12:30:36,  1.33it/s]
                                                      
{'loss': 4.7801, 'grad_norm': 0.58203125, 'learning_rate': 0.0009997365278277938, 'epoch': 0.01}

  1%|          | 677/60627 [12:44<12:30:36,  1.33it/s]
  1%|          | 678/60627 [12:44<12:30:31,  1.33it/s]
                                                      
{'loss': 4.3391, 'grad_norm': 0.66015625, 'learning_rate': 0.0009997356854655605, 'epoch': 0.01}

  1%|          | 678/60627 [12:44<12:30:31,  1.33it/s]
  1%|          | 679/60627 [12:45<12:29:54,  1.33it/s]
                                                      
{'loss': 4.5611, 'grad_norm': 0.66015625, 'learning_rate': 0.0009997348417592486, 'epoch': 0.01}

  1%|          | 679/60627 [12:45<12:29:54,  1.33it/s]
  1%|          | 680/60627 [12:46<12:27:43,  1.34it/s]
                                                      
{'loss': 4.8523, 'grad_norm': 0.64453125, 'learning_rate': 0.0009997339967088609, 'epoch': 0.01}

  1%|          | 680/60627 [12:46<12:27:43,  1.34it/s]
  1%|          | 681/60627 [12:47<12:29:20,  1.33it/s]
                                                      
{'loss': 4.9365, 'grad_norm': 0.57421875, 'learning_rate': 0.000999733150314399, 'epoch': 0.01}

  1%|          | 681/60627 [12:47<12:29:20,  1.33it/s]
  1%|          | 682/60627 [12:47<12:30:32,  1.33it/s]
                                                      
{'loss': 4.6231, 'grad_norm': 0.671875, 'learning_rate': 0.0009997323025758658, 'epoch': 0.01}

  1%|          | 682/60627 [12:47<12:30:32,  1.33it/s]
  1%|          | 683/60627 [12:48<12:31:33,  1.33it/s]
                                                      
{'loss': 4.4239, 'grad_norm': 0.58203125, 'learning_rate': 0.0009997314534932634, 'epoch': 0.01}

  1%|          | 683/60627 [12:48<12:31:33,  1.33it/s]
  1%|          | 684/60627 [12:49<12:31:31,  1.33it/s]
                                                      
{'loss': 4.51, 'grad_norm': 0.578125, 'learning_rate': 0.000999730603066594, 'epoch': 0.01}

  1%|          | 684/60627 [12:49<12:31:31,  1.33it/s]
  1%|          | 685/60627 [12:50<12:27:33,  1.34it/s]
                                                      
{'loss': 4.3638, 'grad_norm': 0.72265625, 'learning_rate': 0.00099972975129586, 'epoch': 0.01}

  1%|          | 685/60627 [12:50<12:27:33,  1.34it/s]
  1%|          | 686/60627 [12:50<12:28:11,  1.34it/s]
                                                      
{'loss': 4.4275, 'grad_norm': 0.703125, 'learning_rate': 0.0009997288981810635, 'epoch': 0.01}

  1%|          | 686/60627 [12:50<12:28:11,  1.34it/s]
  1%|          | 687/60627 [12:51<12:27:46,  1.34it/s]
                                                      
{'loss': 4.3127, 'grad_norm': 0.578125, 'learning_rate': 0.0009997280437222067, 'epoch': 0.01}

  1%|          | 687/60627 [12:51<12:27:46,  1.34it/s]
  1%|          | 688/60627 [12:52<12:28:48,  1.33it/s]
                                                      
{'loss': 4.4779, 'grad_norm': 0.67578125, 'learning_rate': 0.0009997271879192925, 'epoch': 0.01}

  1%|          | 688/60627 [12:52<12:28:48,  1.33it/s]
  1%|          | 689/60627 [12:53<12:28:00,  1.34it/s]
                                                      
{'loss': 4.7555, 'grad_norm': 0.70703125, 'learning_rate': 0.0009997263307723226, 'epoch': 0.01}

  1%|          | 689/60627 [12:53<12:28:00,  1.34it/s]
  1%|          | 690/60627 [12:53<12:29:24,  1.33it/s]
                                                      
{'loss': 4.8014, 'grad_norm': 0.6640625, 'learning_rate': 0.0009997254722812995, 'epoch': 0.01}

  1%|          | 690/60627 [12:53<12:29:24,  1.33it/s]
  1%|          | 691/60627 [12:54<12:29:56,  1.33it/s]
                                                      
{'loss': 4.3114, 'grad_norm': 0.63671875, 'learning_rate': 0.0009997246124462257, 'epoch': 0.01}

  1%|          | 691/60627 [12:54<12:29:56,  1.33it/s]
  1%|          | 692/60627 [12:55<12:29:56,  1.33it/s]
                                                      
{'loss': 4.5472, 'grad_norm': 0.671875, 'learning_rate': 0.000999723751267103, 'epoch': 0.01}

  1%|          | 692/60627 [12:55<12:29:56,  1.33it/s]
  1%|          | 693/60627 [12:56<12:28:46,  1.33it/s]
                                                      
{'loss': 4.2737, 'grad_norm': 0.6171875, 'learning_rate': 0.0009997228887439343, 'epoch': 0.01}

  1%|          | 693/60627 [12:56<12:28:46,  1.33it/s]
  1%|          | 694/60627 [12:56<12:29:54,  1.33it/s]
                                                      
{'loss': 4.781, 'grad_norm': 0.65625, 'learning_rate': 0.0009997220248767215, 'epoch': 0.01}

  1%|          | 694/60627 [12:56<12:29:54,  1.33it/s]
  1%|          | 695/60627 [12:57<12:30:35,  1.33it/s]
                                                      
{'loss': 4.7614, 'grad_norm': 0.65234375, 'learning_rate': 0.0009997211596654673, 'epoch': 0.01}

  1%|          | 695/60627 [12:57<12:30:35,  1.33it/s]
  1%|          | 696/60627 [12:58<12:28:35,  1.33it/s]{'loss': 4.6718, 'grad_norm': 0.65625, 'learning_rate': 0.0009997202931101737, 'epoch': 0.01}

                                                      

  1%|          | 696/60627 [12:58<12:28:35,  1.33it/s]
  1%|          | 697/60627 [12:59<12:27:22,  1.34it/s]
                                                      
{'loss': 4.8489, 'grad_norm': 0.63671875, 'learning_rate': 0.0009997194252108431, 'epoch': 0.01}

  1%|          | 697/60627 [12:59<12:27:22,  1.34it/s]
  1%|          | 698/60627 [12:59<12:24:47,  1.34it/s]
                                                      
{'loss': 4.4418, 'grad_norm': 0.67578125, 'learning_rate': 0.0009997185559674781, 'epoch': 0.01}

  1%|          | 698/60627 [12:59<12:24:47,  1.34it/s]
  1%|          | 699/60627 [13:00<12:23:14,  1.34it/s]{'loss': 4.6341, 'grad_norm': 0.83203125, 'learning_rate': 0.0009997176853800806, 'epoch': 0.01}

                                                      

  1%|          | 699/60627 [13:00<12:23:14,  1.34it/s]
  1%|          | 700/60627 [13:01<12:24:42,  1.34it/s]
                                                      
{'loss': 4.6278, 'grad_norm': 0.6796875, 'learning_rate': 0.0009997168134486534, 'epoch': 0.01}

  1%|          | 700/60627 [13:01<12:24:42,  1.34it/s]

  0%|          | 0/157 [00:00<?, ?it/s][A

  1%|▏         | 2/157 [00:00<00:20,  7.65it/s][A

  2%|▏         | 3/157 [00:00<00:28,  5.38it/s][A

  3%|▎         | 4/157 [00:00<00:32,  4.67it/s][A

  3%|▎         | 5/157 [00:01<00:35,  4.33it/s][A

  4%|▍         | 6/157 [00:01<00:36,  4.15it/s][A

  4%|▍         | 7/157 [00:01<00:37,  4.05it/s][A

  5%|▌         | 8/157 [00:01<00:37,  3.99it/s][A

  6%|▌         | 9/157 [00:02<00:37,  3.95it/s][A

  6%|▋         | 10/157 [00:02<00:37,  3.91it/s][A

  7%|▋         | 11/157 [00:02<00:37,  3.89it/s][A

  8%|▊         | 12/157 [00:02<00:37,  3.86it/s][A

  8%|▊         | 13/157 [00:03<00:37,  3.85it/s][A

  9%|▉         | 14/157 [00:03<00:36,  3.87it/s][A

 10%|▉         | 15/157 [00:03<00:36,  3.86it/s][A

 10%|█         | 16/157 [00:03<00:36,  3.84it/s][A

 11%|█         | 17/157 [00:04<00:36,  3.83it/s][A

 11%|█▏        | 18/157 [00:04<00:36,  3.83it/s][A

 12%|█▏        | 19/157 [00:04<00:36,  3.83it/s][A

 13%|█▎        | 20/157 [00:04<00:35,  3.86it/s][A

 13%|█▎        | 21/157 [00:05<00:35,  3.84it/s][A

 14%|█▍        | 22/157 [00:05<00:35,  3.84it/s][A

 15%|█▍        | 23/157 [00:05<00:34,  3.84it/s][A

 15%|█▌        | 24/157 [00:05<00:34,  3.84it/s][A

 16%|█▌        | 25/157 [00:06<00:34,  3.83it/s][A

 17%|█▋        | 26/157 [00:06<00:34,  3.84it/s][A

 17%|█▋        | 27/157 [00:06<00:33,  3.83it/s][A

 18%|█▊        | 28/157 [00:07<00:33,  3.83it/s][A

 18%|█▊        | 29/157 [00:07<00:33,  3.83it/s][A

 19%|█▉        | 30/157 [00:07<00:33,  3.83it/s][A

 20%|█▉        | 31/157 [00:07<00:32,  3.83it/s][A

 20%|██        | 32/157 [00:08<00:32,  3.83it/s][A

 21%|██        | 33/157 [00:08<00:32,  3.83it/s][A

 22%|██▏       | 34/157 [00:08<00:32,  3.82it/s][A

 22%|██▏       | 35/157 [00:08<00:32,  3.81it/s][A

 23%|██▎       | 36/157 [00:09<00:31,  3.81it/s][A

 24%|██▎       | 37/157 [00:09<00:31,  3.81it/s][A

 24%|██▍       | 38/157 [00:09<00:31,  3.80it/s][A

 25%|██▍       | 39/157 [00:09<00:31,  3.81it/s][A

 25%|██▌       | 40/157 [00:10<00:30,  3.81it/s][A

 26%|██▌       | 41/157 [00:10<00:30,  3.81it/s][A

 27%|██▋       | 42/157 [00:10<00:30,  3.81it/s][A

 27%|██▋       | 43/157 [00:10<00:29,  3.80it/s][A

 28%|██▊       | 44/157 [00:11<00:29,  3.80it/s][A

 29%|██▊       | 45/157 [00:11<00:29,  3.83it/s][A

 29%|██▉       | 46/157 [00:11<00:29,  3.82it/s][A

 30%|██▉       | 47/157 [00:12<00:28,  3.82it/s][A

 31%|███       | 48/157 [00:12<00:28,  3.86it/s][A

 31%|███       | 49/157 [00:12<00:27,  3.87it/s][A

 32%|███▏      | 50/157 [00:12<00:27,  3.88it/s][A

 32%|███▏      | 51/157 [00:13<00:27,  3.90it/s][A

 33%|███▎      | 52/157 [00:13<00:27,  3.87it/s][A

 34%|███▍      | 53/157 [00:13<00:26,  3.86it/s][A

 34%|███▍      | 54/157 [00:13<00:26,  3.85it/s][A

 35%|███▌      | 55/157 [00:14<00:26,  3.84it/s][A

 36%|███▌      | 56/157 [00:14<00:26,  3.84it/s][A

 36%|███▋      | 57/157 [00:14<00:25,  3.86it/s][A

 37%|███▋      | 58/157 [00:14<00:25,  3.85it/s][A

 38%|███▊      | 59/157 [00:15<00:25,  3.84it/s][A

 38%|███▊      | 60/157 [00:15<00:25,  3.85it/s][A

 39%|███▉      | 61/157 [00:15<00:24,  3.84it/s][A

 39%|███▉      | 62/157 [00:15<00:24,  3.84it/s][A

 40%|████      | 63/157 [00:16<00:24,  3.83it/s][A

 41%|████      | 64/157 [00:16<00:24,  3.83it/s][A

 41%|████▏     | 65/157 [00:16<00:23,  3.84it/s][A

 42%|████▏     | 66/157 [00:16<00:23,  3.84it/s][A

 43%|████▎     | 67/157 [00:17<00:23,  3.84it/s][A

 43%|████▎     | 68/157 [00:17<00:23,  3.87it/s][A

 44%|████▍     | 69/157 [00:17<00:22,  3.85it/s][A

 45%|████▍     | 70/157 [00:17<00:22,  3.84it/s][A

 45%|████▌     | 71/157 [00:18<00:22,  3.83it/s][A

 46%|████▌     | 72/157 [00:18<00:22,  3.82it/s][A

 46%|████▋     | 73/157 [00:18<00:21,  3.84it/s][A

 47%|████▋     | 74/157 [00:19<00:21,  3.87it/s][A

 48%|████▊     | 75/157 [00:19<00:21,  3.88it/s][A

 48%|████▊     | 76/157 [00:19<00:20,  3.88it/s][A

 49%|████▉     | 77/157 [00:19<00:20,  3.90it/s][A

 50%|████▉     | 78/157 [00:20<00:20,  3.91it/s][A

 50%|█████     | 79/157 [00:20<00:19,  3.91it/s][A

 51%|█████     | 80/157 [00:20<00:19,  3.92it/s][A

 52%|█████▏    | 81/157 [00:20<00:19,  3.92it/s][A

 52%|█████▏    | 82/157 [00:21<00:19,  3.92it/s][A

 53%|█████▎    | 83/157 [00:21<00:18,  3.92it/s][A

 54%|█████▎    | 84/157 [00:21<00:18,  3.92it/s][A

 54%|█████▍    | 85/157 [00:21<00:18,  3.89it/s][A

 55%|█████▍    | 86/157 [00:22<00:18,  3.88it/s][A

 55%|█████▌    | 87/157 [00:22<00:17,  3.90it/s][A

 56%|█████▌    | 88/157 [00:22<00:17,  3.89it/s][A

 57%|█████▋    | 89/157 [00:22<00:17,  3.87it/s][A

 57%|█████▋    | 90/157 [00:23<00:17,  3.86it/s][A

 58%|█████▊    | 91/157 [00:23<00:17,  3.86it/s][A

 59%|█████▊    | 92/157 [00:23<00:16,  3.86it/s][A

 59%|█████▉    | 93/157 [00:23<00:16,  3.86it/s][A

 60%|█████▉    | 94/157 [00:24<00:16,  3.87it/s][A

 61%|██████    | 95/157 [00:24<00:15,  3.89it/s][A

 61%|██████    | 96/157 [00:24<00:15,  3.91it/s][A

 62%|██████▏   | 97/157 [00:24<00:15,  3.90it/s][A

 62%|██████▏   | 98/157 [00:25<00:15,  3.92it/s][A

 63%|██████▎   | 99/157 [00:25<00:14,  3.94it/s][A

 64%|██████▎   | 100/157 [00:25<00:14,  3.96it/s][A

 64%|██████▍   | 101/157 [00:25<00:14,  3.97it/s][A

 65%|██████▍   | 102/157 [00:26<00:13,  3.97it/s][A

 66%|██████▌   | 103/157 [00:26<00:13,  3.98it/s][A

 66%|██████▌   | 104/157 [00:26<00:13,  3.99it/s][A

 67%|██████▋   | 105/157 [00:26<00:12,  4.01it/s][A

 68%|██████▊   | 106/157 [00:27<00:12,  3.99it/s][A

 68%|██████▊   | 107/157 [00:27<00:12,  3.97it/s][A

 69%|██████▉   | 108/157 [00:27<00:12,  3.97it/s][A

 69%|██████▉   | 109/157 [00:27<00:12,  3.95it/s][A

 70%|███████   | 110/157 [00:28<00:11,  3.97it/s][A

 71%|███████   | 111/157 [00:28<00:11,  3.99it/s][A

 71%|███████▏  | 112/157 [00:28<00:11,  4.00it/s][A

 72%|███████▏  | 113/157 [00:28<00:10,  4.01it/s][A

 73%|███████▎  | 114/157 [00:29<00:10,  4.02it/s][A

 73%|███████▎  | 115/157 [00:29<00:10,  4.01it/s][A

 74%|███████▍  | 116/157 [00:29<00:10,  4.01it/s][A

 75%|███████▍  | 117/157 [00:29<00:09,  4.02it/s][A

 75%|███████▌  | 118/157 [00:30<00:09,  4.03it/s][A

 76%|███████▌  | 119/157 [00:30<00:09,  4.03it/s][A

 76%|███████▋  | 120/157 [00:30<00:09,  4.05it/s][A

 77%|███████▋  | 121/157 [00:30<00:08,  4.04it/s][A

 78%|███████▊  | 122/157 [00:31<00:08,  4.04it/s][A

 78%|███████▊  | 123/157 [00:31<00:08,  4.05it/s][A

 79%|███████▉  | 124/157 [00:31<00:08,  4.06it/s][A

 80%|███████▉  | 125/157 [00:31<00:07,  4.07it/s][A

 80%|████████  | 126/157 [00:32<00:07,  4.07it/s][A

 81%|████████  | 127/157 [00:32<00:07,  4.07it/s][A

 82%|████████▏ | 128/157 [00:32<00:07,  4.05it/s][A

 82%|████████▏ | 129/157 [00:32<00:06,  4.01it/s][A

 83%|████████▎ | 130/157 [00:33<00:06,  3.99it/s][A

 83%|████████▎ | 131/157 [00:33<00:06,  3.93it/s][A

 84%|████████▍ | 132/157 [00:33<00:06,  3.89it/s][A

 85%|████████▍ | 133/157 [00:33<00:06,  3.87it/s][A

 85%|████████▌ | 134/157 [00:34<00:05,  3.86it/s][A

 86%|████████▌ | 135/157 [00:34<00:05,  3.84it/s][A

 87%|████████▋ | 136/157 [00:34<00:05,  3.84it/s][A

 87%|████████▋ | 137/157 [00:34<00:05,  3.84it/s][A

 88%|████████▊ | 138/157 [00:35<00:04,  3.86it/s][A

 89%|████████▊ | 139/157 [00:35<00:04,  3.87it/s][A

 89%|████████▉ | 140/157 [00:35<00:04,  3.86it/s][A

 90%|████████▉ | 141/157 [00:36<00:04,  3.84it/s][A

 90%|█████████ | 142/157 [00:36<00:03,  3.84it/s][A

 91%|█████████ | 143/157 [00:36<00:03,  3.86it/s][A

 92%|█████████▏| 144/157 [00:36<00:03,  3.87it/s][A

 92%|█████████▏| 145/157 [00:37<00:03,  3.87it/s][A

 93%|█████████▎| 146/157 [00:37<00:02,  3.86it/s][A

 94%|█████████▎| 147/157 [00:37<00:02,  3.85it/s][A

 94%|█████████▍| 148/157 [00:37<00:02,  3.84it/s][A

 95%|█████████▍| 149/157 [00:38<00:02,  3.83it/s][A

 96%|█████████▌| 150/157 [00:38<00:01,  3.83it/s][A

 96%|█████████▌| 151/157 [00:38<00:01,  3.84it/s][A

 97%|█████████▋| 152/157 [00:38<00:01,  3.85it/s][A

 97%|█████████▋| 153/157 [00:39<00:01,  3.85it/s][A

 98%|█████████▊| 154/157 [00:39<00:00,  3.85it/s][A

 99%|█████████▊| 155/157 [00:39<00:00,  3.84it/s][A

 99%|█████████▉| 156/157 [00:39<00:00,  3.83it/s][A

100%|██████████| 157/157 [00:40<00:00,  4.21it/s][A
                                                      

                                                 
[A{'eval_loss': 5.1159348487854, 'eval_runtime': 40.4798, 'eval_samples_per_second': 123.518, 'eval_steps_per_second': 3.878, 'epoch': 0.01}

  1%|          | 700/60627 [13:41<12:24:42,  1.34it/s]

100%|██████████| 157/157 [00:40<00:00,  4.21it/s][A

                                                 [A
  1%|          | 701/60627 [13:44<226:45:15, 13.62s/it]
                                                       
{'loss': 4.5208, 'grad_norm': 0.6171875, 'learning_rate': 0.0009997159401731984, 'epoch': 0.01}

  1%|          | 701/60627 [13:45<226:45:15, 13.62s/it]
  1%|          | 702/60627 [13:45<162:30:24,  9.76s/it]
                                                       
{'loss': 4.4907, 'grad_norm': 0.61328125, 'learning_rate': 0.0009997150655537182, 'epoch': 0.01}

  1%|          | 702/60627 [13:45<162:30:24,  9.76s/it]
  1%|          | 703/60627 [13:46<117:29:59,  7.06s/it]
                                                       
{'loss': 4.5908, 'grad_norm': 0.61328125, 'learning_rate': 0.0009997141895902151, 'epoch': 0.01}

  1%|          | 703/60627 [13:46<117:29:59,  7.06s/it]
  1%|          | 704/60627 [13:47<86:01:10,  5.17s/it] 
                                                      
{'loss': 4.9269, 'grad_norm': 0.61328125, 'learning_rate': 0.0009997133122826916, 'epoch': 0.01}

  1%|          | 704/60627 [13:47<86:01:10,  5.17s/it]
  1%|          | 705/60627 [13:48<63:55:58,  3.84s/it]
                                                      
{'loss': 4.3473, 'grad_norm': 0.58984375, 'learning_rate': 0.00099971243363115, 'epoch': 0.01}

  1%|          | 705/60627 [13:48<63:55:58,  3.84s/it]
  1%|          | 706/60627 [13:48<48:31:28,  2.92s/it]{'loss': 4.5638, 'grad_norm': 0.62890625, 'learning_rate': 0.0009997115536355921, 'epoch': 0.01}

                                                      

  1%|          | 706/60627 [13:48<48:31:28,  2.92s/it]
  1%|          | 707/60627 [13:49<37:43:37,  2.27s/it]
                                                      
{'loss': 4.6975, 'grad_norm': 0.64453125, 'learning_rate': 0.0009997106722960212, 'epoch': 0.01}

  1%|          | 707/60627 [13:49<37:43:37,  2.27s/it]
  1%|          | 708/60627 [13:50<30:08:51,  1.81s/it]
                                                      
{'loss': 4.5121, 'grad_norm': 0.6015625, 'learning_rate': 0.000999709789612439, 'epoch': 0.01}

  1%|          | 708/60627 [13:50<30:08:51,  1.81s/it]
  1%|          | 709/60627 [13:51<24:49:49,  1.49s/it]
                                                      
{'loss': 4.3937, 'grad_norm': 0.6171875, 'learning_rate': 0.0009997089055848482, 'epoch': 0.01}

  1%|          | 709/60627 [13:51<24:49:49,  1.49s/it]
  1%|          | 710/60627 [13:51<21:06:30,  1.27s/it]
                                                      
{'loss': 4.6354, 'grad_norm': 0.61328125, 'learning_rate': 0.0009997080202132512, 'epoch': 0.01}

  1%|          | 710/60627 [13:51<21:06:30,  1.27s/it]
  1%|          | 711/60627 [13:52<18:33:02,  1.11s/it]
                                                      
{'loss': 4.6872, 'grad_norm': 0.57421875, 'learning_rate': 0.00099970713349765, 'epoch': 0.01}

  1%|          | 711/60627 [13:52<18:33:02,  1.11s/it]
  1%|          | 712/60627 [13:53<16:46:20,  1.01s/it]{'loss': 4.4175, 'grad_norm': 0.6328125, 'learning_rate': 0.0009997062454380474, 'epoch': 0.01}

                                                      

  1%|          | 712/60627 [13:53<16:46:20,  1.01s/it]
  1%|          | 713/60627 [13:54<15:30:19,  1.07it/s]{'loss': 4.6025, 'grad_norm': 0.56640625, 'learning_rate': 0.0009997053560344457, 'epoch': 0.01}

                                                      

  1%|          | 713/60627 [13:54<15:30:19,  1.07it/s]
  1%|          | 714/60627 [13:54<14:34:50,  1.14it/s]
                                                      
{'loss': 4.1087, 'grad_norm': 0.5546875, 'learning_rate': 0.0009997044652868472, 'epoch': 0.01}

  1%|          | 714/60627 [13:54<14:34:50,  1.14it/s]
  1%|          | 715/60627 [13:55<13:57:16,  1.19it/s]
                                                      
{'loss': 4.22, 'grad_norm': 0.6015625, 'learning_rate': 0.000999703573195254, 'epoch': 0.01}

  1%|          | 715/60627 [13:55<13:57:16,  1.19it/s]
  1%|          | 716/60627 [13:56<13:32:02,  1.23it/s]{'loss': 4.4647, 'grad_norm': 0.609375, 'learning_rate': 0.0009997026797596692, 'epoch': 0.01}

                                                      

  1%|          | 716/60627 [13:56<13:32:02,  1.23it/s]
  1%|          | 717/60627 [13:57<13:14:51,  1.26it/s]
                                                      
{'loss': 4.6368, 'grad_norm': 0.5625, 'learning_rate': 0.0009997017849800948, 'epoch': 0.01}

  1%|          | 717/60627 [13:57<13:14:51,  1.26it/s]
  1%|          | 718/60627 [13:57<13:01:01,  1.28it/s]
                                                      
{'loss': 4.5848, 'grad_norm': 0.59375, 'learning_rate': 0.0009997008888565331, 'epoch': 0.01}

  1%|          | 718/60627 [13:57<13:01:01,  1.28it/s]
  1%|          | 719/60627 [13:58<12:51:01,  1.29it/s]
                                                      
{'loss': 4.0744, 'grad_norm': 0.71484375, 'learning_rate': 0.0009996999913889867, 'epoch': 0.01}

  1%|          | 719/60627 [13:58<12:51:01,  1.29it/s]
  1%|          | 720/60627 [13:59<12:44:16,  1.31it/s]
                                                      
{'loss': 4.5895, 'grad_norm': 0.625, 'learning_rate': 0.000999699092577458, 'epoch': 0.01}

  1%|          | 720/60627 [13:59<12:44:16,  1.31it/s]
  1%|          | 721/60627 [14:00<12:41:44,  1.31it/s]{'loss': 4.3866, 'grad_norm': 0.65625, 'learning_rate': 0.0009996981924219493, 'epoch': 0.01}

                                                      

  1%|          | 721/60627 [14:00<12:41:44,  1.31it/s]
  1%|          | 722/60627 [14:00<12:38:37,  1.32it/s]
                                                      
{'loss': 4.4832, 'grad_norm': 0.671875, 'learning_rate': 0.0009996972909224631, 'epoch': 0.01}

  1%|          | 722/60627 [14:00<12:38:37,  1.32it/s]
  1%|          | 723/60627 [14:01<12:36:56,  1.32it/s]
                                                      
{'loss': 4.6358, 'grad_norm': 0.57421875, 'learning_rate': 0.0009996963880790017, 'epoch': 0.01}

  1%|          | 723/60627 [14:01<12:36:56,  1.32it/s]
  1%|          | 724/60627 [14:02<12:35:18,  1.32it/s]
                                                      
{'loss': 4.492, 'grad_norm': 0.625, 'learning_rate': 0.0009996954838915678, 'epoch': 0.01}

  1%|          | 724/60627 [14:02<12:35:18,  1.32it/s]
  1%|          | 725/60627 [14:03<12:34:21,  1.32it/s]
                                                      
{'loss': 4.4215, 'grad_norm': 0.609375, 'learning_rate': 0.0009996945783601636, 'epoch': 0.01}

  1%|          | 725/60627 [14:03<12:34:21,  1.32it/s]
  1%|          | 726/60627 [14:03<12:31:54,  1.33it/s]
                                                      
{'loss': 4.486, 'grad_norm': 0.6171875, 'learning_rate': 0.0009996936714847917, 'epoch': 0.01}

  1%|          | 726/60627 [14:03<12:31:54,  1.33it/s]
  1%|          | 727/60627 [14:04<12:31:23,  1.33it/s]
                                                      
{'loss': 4.5942, 'grad_norm': 0.6640625, 'learning_rate': 0.0009996927632654545, 'epoch': 0.01}

  1%|          | 727/60627 [14:04<12:31:23,  1.33it/s]
  1%|          | 728/60627 [14:05<12:31:13,  1.33it/s]{'loss': 4.4473, 'grad_norm': 0.64453125, 'learning_rate': 0.0009996918537021541, 'epoch': 0.01}

                                                      

  1%|          | 728/60627 [14:05<12:31:13,  1.33it/s]
  1%|          | 729/60627 [14:06<12:28:19,  1.33it/s]{'loss': 4.0322, 'grad_norm': 0.6953125, 'learning_rate': 0.0009996909427948935, 'epoch': 0.01}

                                                      

  1%|          | 729/60627 [14:06<12:28:19,  1.33it/s]
  1%|          | 730/60627 [14:06<12:28:16,  1.33it/s]
                                                      
{'loss': 4.5575, 'grad_norm': 0.63671875, 'learning_rate': 0.000999690030543675, 'epoch': 0.01}

  1%|          | 730/60627 [14:06<12:28:16,  1.33it/s]
  1%|          | 731/60627 [14:07<12:27:52,  1.33it/s]{'loss': 4.5604, 'grad_norm': 0.63671875, 'learning_rate': 0.0009996891169485008, 'epoch': 0.01}

                                                      

  1%|          | 731/60627 [14:07<12:27:52,  1.33it/s]
  1%|          | 732/60627 [14:08<12:26:26,  1.34it/s]
                                                      
{'loss': 4.3079, 'grad_norm': 0.7734375, 'learning_rate': 0.0009996882020093733, 'epoch': 0.01}

  1%|          | 732/60627 [14:08<12:26:26,  1.34it/s]
  1%|          | 733/60627 [14:09<12:28:00,  1.33it/s]{'loss': 4.2551, 'grad_norm': 0.66796875, 'learning_rate': 0.0009996872857262955, 'epoch': 0.01}

                                                      

  1%|          | 733/60627 [14:09<12:28:00,  1.33it/s]
  1%|          | 734/60627 [14:09<12:29:02,  1.33it/s]
                                                      
{'loss': 4.8685, 'grad_norm': 0.609375, 'learning_rate': 0.0009996863680992692, 'epoch': 0.01}

  1%|          | 734/60627 [14:09<12:29:02,  1.33it/s]
  1%|          | 735/60627 [14:10<12:31:54,  1.33it/s]
                                                      
{'loss': 4.323, 'grad_norm': 0.7421875, 'learning_rate': 0.0009996854491282974, 'epoch': 0.01}

  1%|          | 735/60627 [14:10<12:31:54,  1.33it/s]
  1%|          | 736/60627 [14:11<12:27:33,  1.34it/s]
                                                      
{'loss': 4.3574, 'grad_norm': 0.68359375, 'learning_rate': 0.0009996845288133824, 'epoch': 0.01}

  1%|          | 736/60627 [14:11<12:27:33,  1.34it/s]
  1%|          | 737/60627 [14:12<12:26:15,  1.34it/s]{'loss': 4.217, 'grad_norm': 0.859375, 'learning_rate': 0.0009996836071545267, 'epoch': 0.01}

                                                      

  1%|          | 737/60627 [14:12<12:26:15,  1.34it/s]
  1%|          | 738/60627 [14:12<12:24:54,  1.34it/s]
                                                      
{'loss': 4.1304, 'grad_norm': 0.75, 'learning_rate': 0.0009996826841517324, 'epoch': 0.01}

  1%|          | 738/60627 [14:12<12:24:54,  1.34it/s]
  1%|          | 739/60627 [14:13<12:24:25,  1.34it/s]
                                                      
{'loss': 4.4493, 'grad_norm': 0.734375, 'learning_rate': 0.0009996817598050024, 'epoch': 0.01}

  1%|          | 739/60627 [14:13<12:24:25,  1.34it/s]
  1%|          | 740/60627 [14:14<12:26:01,  1.34it/s]{'loss': 4.7784, 'grad_norm': 0.69921875, 'learning_rate': 0.0009996808341143392, 'epoch': 0.01}

                                                      

  1%|          | 740/60627 [14:14<12:26:01,  1.34it/s]
  1%|          | 741/60627 [14:15<12:26:56,  1.34it/s]
                                                      
{'loss': 4.3408, 'grad_norm': 0.7421875, 'learning_rate': 0.0009996799070797454, 'epoch': 0.01}

  1%|          | 741/60627 [14:15<12:26:56,  1.34it/s]
  1%|          | 742/60627 [14:15<12:27:15,  1.34it/s]
                                                      
{'loss': 4.3705, 'grad_norm': 0.7421875, 'learning_rate': 0.0009996789787012229, 'epoch': 0.01}

  1%|          | 742/60627 [14:15<12:27:15,  1.34it/s]
  1%|          | 743/60627 [14:16<12:27:52,  1.33it/s]
                                                      
{'loss': 4.1823, 'grad_norm': 0.69921875, 'learning_rate': 0.0009996780489787748, 'epoch': 0.01}

  1%|          | 743/60627 [14:16<12:27:52,  1.33it/s]
  1%|          | 744/60627 [14:17<12:26:10,  1.34it/s]{'loss': 4.1169, 'grad_norm': 0.7421875, 'learning_rate': 0.0009996771179124032, 'epoch': 0.01}

                                                      

  1%|          | 744/60627 [14:17<12:26:10,  1.34it/s]
  1%|          | 745/60627 [14:18<12:24:49,  1.34it/s]
                                                      
{'loss': 4.5548, 'grad_norm': 0.75, 'learning_rate': 0.0009996761855021108, 'epoch': 0.01}

  1%|          | 745/60627 [14:18<12:24:49,  1.34it/s]
  1%|          | 746/60627 [14:18<12:26:32,  1.34it/s]
                                                      
{'loss': 4.2121, 'grad_norm': 0.67578125, 'learning_rate': 0.0009996752517479, 'epoch': 0.01}

  1%|          | 746/60627 [14:18<12:26:32,  1.34it/s]
  1%|          | 747/60627 [14:19<12:27:44,  1.33it/s]{'loss': 4.6459, 'grad_norm': 0.6796875, 'learning_rate': 0.0009996743166497738, 'epoch': 0.01}

                                                      

  1%|          | 747/60627 [14:19<12:27:44,  1.33it/s]
  1%|          | 748/60627 [14:20<12:28:53,  1.33it/s]
                                                      
{'loss': 4.562, 'grad_norm': 0.609375, 'learning_rate': 0.000999673380207734, 'epoch': 0.01}

  1%|          | 748/60627 [14:20<12:28:53,  1.33it/s]
  1%|          | 749/60627 [14:21<12:30:04,  1.33it/s]{'loss': 4.3319, 'grad_norm': 0.59375, 'learning_rate': 0.0009996724424217833, 'epoch': 0.01}

                                                      

  1%|          | 749/60627 [14:21<12:30:04,  1.33it/s]
  1%|          | 750/60627 [14:21<12:27:00,  1.34it/s]
                                                      
{'loss': 4.5188, 'grad_norm': 0.63671875, 'learning_rate': 0.0009996715032919246, 'epoch': 0.01}

  1%|          | 750/60627 [14:21<12:27:00,  1.34it/s]
  1%|          | 751/60627 [14:22<12:27:02,  1.34it/s]
                                                      
{'loss': 4.4387, 'grad_norm': 0.6484375, 'learning_rate': 0.0009996705628181602, 'epoch': 0.01}

  1%|          | 751/60627 [14:22<12:27:02,  1.34it/s]
  1%|          | 752/60627 [14:23<12:25:43,  1.34it/s]
                                                      
{'loss': 3.8976, 'grad_norm': 0.61328125, 'learning_rate': 0.0009996696210004925, 'epoch': 0.01}

  1%|          | 752/60627 [14:23<12:25:43,  1.34it/s]
  1%|          | 753/60627 [14:24<12:26:36,  1.34it/s]
                                                      
{'loss': 4.3264, 'grad_norm': 0.6328125, 'learning_rate': 0.000999668677838924, 'epoch': 0.01}

  1%|          | 753/60627 [14:24<12:26:36,  1.34it/s]
  1%|          | 754/60627 [14:24<12:27:54,  1.33it/s]
                                                      
{'loss': 4.3029, 'grad_norm': 0.56640625, 'learning_rate': 0.0009996677333334574, 'epoch': 0.01}

  1%|          | 754/60627 [14:24<12:27:54,  1.33it/s]
  1%|          | 755/60627 [14:25<12:29:03,  1.33it/s]{'loss': 4.3338, 'grad_norm': 0.62890625, 'learning_rate': 0.0009996667874840955, 'epoch': 0.01}

                                                      

  1%|          | 755/60627 [14:25<12:29:03,  1.33it/s]
  1%|          | 756/60627 [14:26<12:28:21,  1.33it/s]
                                                      
{'loss': 4.366, 'grad_norm': 0.62109375, 'learning_rate': 0.0009996658402908402, 'epoch': 0.01}

  1%|          | 756/60627 [14:26<12:28:21,  1.33it/s]
  1%|          | 757/60627 [14:27<12:31:02,  1.33it/s]
                                                      
{'loss': 4.6767, 'grad_norm': 0.65625, 'learning_rate': 0.0009996648917536947, 'epoch': 0.01}

  1%|          | 757/60627 [14:27<12:31:02,  1.33it/s]
  1%|▏         | 758/60627 [14:27<12:29:33,  1.33it/s]
                                                      
{'loss': 4.7645, 'grad_norm': 0.59765625, 'learning_rate': 0.0009996639418726613, 'epoch': 0.01}

  1%|▏         | 758/60627 [14:27<12:29:33,  1.33it/s]
  1%|▏         | 759/60627 [14:28<12:26:56,  1.34it/s]{'loss': 4.6617, 'grad_norm': 0.63671875, 'learning_rate': 0.0009996629906477421, 'epoch': 0.01}

                                                      

  1%|▏         | 759/60627 [14:28<12:26:56,  1.34it/s]
  1%|▏         | 760/60627 [14:29<12:27:27,  1.33it/s]
                                                      
{'loss': 4.5813, 'grad_norm': 0.640625, 'learning_rate': 0.0009996620380789405, 'epoch': 0.01}

  1%|▏         | 760/60627 [14:29<12:27:27,  1.33it/s]
  1%|▏         | 761/60627 [14:30<12:29:10,  1.33it/s]
                                                      
{'loss': 4.2029, 'grad_norm': 0.7578125, 'learning_rate': 0.0009996610841662584, 'epoch': 0.01}

  1%|▏         | 761/60627 [14:30<12:29:10,  1.33it/s]
  1%|▏         | 762/60627 [14:30<12:31:48,  1.33it/s]
                                                      
{'loss': 4.3149, 'grad_norm': 0.65625, 'learning_rate': 0.0009996601289096988, 'epoch': 0.01}

  1%|▏         | 762/60627 [14:30<12:31:48,  1.33it/s]
  1%|▏         | 763/60627 [14:31<12:31:37,  1.33it/s]
                                                      
{'loss': 4.4546, 'grad_norm': 0.54296875, 'learning_rate': 0.0009996591723092638, 'epoch': 0.01}

  1%|▏         | 763/60627 [14:31<12:31:37,  1.33it/s]
  1%|▏         | 764/60627 [14:32<12:31:35,  1.33it/s]
                                                      
{'loss': 4.4194, 'grad_norm': 0.62890625, 'learning_rate': 0.0009996582143649564, 'epoch': 0.01}

  1%|▏         | 764/60627 [14:32<12:31:35,  1.33it/s]
  1%|▏         | 765/60627 [14:33<12:30:16,  1.33it/s]
                                                      
{'loss': 4.3865, 'grad_norm': 0.62890625, 'learning_rate': 0.0009996572550767789, 'epoch': 0.01}

  1%|▏         | 765/60627 [14:33<12:30:16,  1.33it/s]
  1%|▏         | 766/60627 [14:33<12:26:55,  1.34it/s]
                                                      
{'loss': 4.4978, 'grad_norm': 0.6484375, 'learning_rate': 0.000999656294444734, 'epoch': 0.01}

  1%|▏         | 766/60627 [14:33<12:26:55,  1.34it/s]
  1%|▏         | 767/60627 [14:34<12:30:07,  1.33it/s]
                                                      
{'loss': 4.6573, 'grad_norm': 0.61328125, 'learning_rate': 0.0009996553324688245, 'epoch': 0.01}

  1%|▏         | 767/60627 [14:34<12:30:07,  1.33it/s]
  1%|▏         | 768/60627 [14:35<12:31:18,  1.33it/s]
                                                      
{'loss': 4.5833, 'grad_norm': 0.65625, 'learning_rate': 0.0009996543691490525, 'epoch': 0.01}

  1%|▏         | 768/60627 [14:35<12:31:18,  1.33it/s]
  1%|▏         | 769/60627 [14:36<12:29:23,  1.33it/s]
                                                      
{'loss': 4.276, 'grad_norm': 0.609375, 'learning_rate': 0.0009996534044854212, 'epoch': 0.01}

  1%|▏         | 769/60627 [14:36<12:29:23,  1.33it/s]
  1%|▏         | 770/60627 [14:36<12:28:59,  1.33it/s]
                                                      
{'loss': 4.3847, 'grad_norm': 0.6015625, 'learning_rate': 0.0009996524384779323, 'epoch': 0.01}

  1%|▏         | 770/60627 [14:36<12:28:59,  1.33it/s]
  1%|▏         | 771/60627 [14:37<12:27:41,  1.33it/s]
                                                      
{'loss': 4.3594, 'grad_norm': 0.8359375, 'learning_rate': 0.0009996514711265894, 'epoch': 0.01}

  1%|▏         | 771/60627 [14:37<12:27:41,  1.33it/s]
  1%|▏         | 772/60627 [14:38<12:27:00,  1.34it/s]{'loss': 4.5463, 'grad_norm': 0.67578125, 'learning_rate': 0.0009996505024313946, 'epoch': 0.01}

                                                      

  1%|▏         | 772/60627 [14:38<12:27:00,  1.34it/s]
  1%|▏         | 773/60627 [14:39<12:28:08,  1.33it/s]{'loss': 4.4227, 'grad_norm': 0.5625, 'learning_rate': 0.0009996495323923505, 'epoch': 0.01}

                                                      

  1%|▏         | 773/60627 [14:39<12:28:08,  1.33it/s]
  1%|▏         | 774/60627 [14:39<12:25:21,  1.34it/s]
                                                      
{'loss': 3.9896, 'grad_norm': 0.6484375, 'learning_rate': 0.0009996485610094597, 'epoch': 0.01}

  1%|▏         | 774/60627 [14:39<12:25:21,  1.34it/s]
  1%|▏         | 775/60627 [14:40<12:28:51,  1.33it/s]
                                                      
{'loss': 4.357, 'grad_norm': 0.5859375, 'learning_rate': 0.000999647588282725, 'epoch': 0.01}

  1%|▏         | 775/60627 [14:40<12:28:51,  1.33it/s]
  1%|▏         | 776/60627 [14:41<12:29:25,  1.33it/s]
                                                      
{'loss': 4.553, 'grad_norm': 0.62109375, 'learning_rate': 0.0009996466142121489, 'epoch': 0.01}

  1%|▏         | 776/60627 [14:41<12:29:25,  1.33it/s]
  1%|▏         | 777/60627 [14:42<12:27:25,  1.33it/s]
                                                      
{'loss': 4.4113, 'grad_norm': 0.69140625, 'learning_rate': 0.0009996456387977339, 'epoch': 0.01}

  1%|▏         | 777/60627 [14:42<12:27:25,  1.33it/s]
  1%|▏         | 778/60627 [14:42<12:25:43,  1.34it/s]{'loss': 4.2751, 'grad_norm': 0.56640625, 'learning_rate': 0.0009996446620394828, 'epoch': 0.01}

                                                      

  1%|▏         | 778/60627 [14:42<12:25:43,  1.34it/s]
  1%|▏         | 779/60627 [14:43<12:27:05,  1.34it/s]
                                                      
{'loss': 4.276, 'grad_norm': 0.57421875, 'learning_rate': 0.0009996436839373982, 'epoch': 0.01}

  1%|▏         | 779/60627 [14:43<12:27:05,  1.34it/s]
  1%|▏         | 780/60627 [14:44<12:26:50,  1.34it/s]
                                                      
{'loss': 4.4314, 'grad_norm': 0.6328125, 'learning_rate': 0.0009996427044914828, 'epoch': 0.01}

  1%|▏         | 780/60627 [14:44<12:26:50,  1.34it/s]
  1%|▏         | 781/60627 [14:45<12:29:52,  1.33it/s]
                                                      
{'loss': 4.5932, 'grad_norm': 0.62890625, 'learning_rate': 0.0009996417237017388, 'epoch': 0.01}

  1%|▏         | 781/60627 [14:45<12:29:52,  1.33it/s]
  1%|▏         | 782/60627 [14:45<12:28:28,  1.33it/s]
                                                      
{'loss': 4.1999, 'grad_norm': 0.66796875, 'learning_rate': 0.0009996407415681695, 'epoch': 0.01}

  1%|▏         | 782/60627 [14:45<12:28:28,  1.33it/s]
  1%|▏         | 783/60627 [14:46<12:31:23,  1.33it/s]
                                                      
{'loss': 4.7832, 'grad_norm': 0.60546875, 'learning_rate': 0.000999639758090777, 'epoch': 0.01}

  1%|▏         | 783/60627 [14:46<12:31:23,  1.33it/s]
  1%|▏         | 784/60627 [14:47<12:28:39,  1.33it/s]
                                                      
{'loss': 4.4815, 'grad_norm': 0.6484375, 'learning_rate': 0.0009996387732695642, 'epoch': 0.01}

  1%|▏         | 784/60627 [14:47<12:28:39,  1.33it/s]
  1%|▏         | 785/60627 [14:48<12:28:36,  1.33it/s]
                                                      
{'loss': 4.8583, 'grad_norm': 0.68359375, 'learning_rate': 0.0009996377871045337, 'epoch': 0.01}

  1%|▏         | 785/60627 [14:48<12:28:36,  1.33it/s]
  1%|▏         | 786/60627 [14:48<12:28:30,  1.33it/s]{'loss': 4.5542, 'grad_norm': 0.57421875, 'learning_rate': 0.0009996367995956884, 'epoch': 0.01}

                                                      

  1%|▏         | 786/60627 [14:48<12:28:30,  1.33it/s]
  1%|▏         | 787/60627 [14:49<12:29:51,  1.33it/s]
                                                      
{'loss': 4.7392, 'grad_norm': 0.609375, 'learning_rate': 0.0009996358107430302, 'epoch': 0.01}

  1%|▏         | 787/60627 [14:49<12:29:51,  1.33it/s]
  1%|▏         | 788/60627 [14:50<12:30:09,  1.33it/s]
                                                      
{'loss': 4.2184, 'grad_norm': 0.5703125, 'learning_rate': 0.0009996348205465629, 'epoch': 0.01}

  1%|▏         | 788/60627 [14:50<12:30:09,  1.33it/s]
  1%|▏         | 789/60627 [14:51<12:30:50,  1.33it/s]
                                                      
{'loss': 4.4499, 'grad_norm': 0.63671875, 'learning_rate': 0.000999633829006288, 'epoch': 0.01}

  1%|▏         | 789/60627 [14:51<12:30:50,  1.33it/s]
  1%|▏         | 790/60627 [14:51<12:31:55,  1.33it/s]
                                                      
{'loss': 4.6671, 'grad_norm': 0.5703125, 'learning_rate': 0.000999632836122209, 'epoch': 0.01}

  1%|▏         | 790/60627 [14:51<12:31:55,  1.33it/s]
  1%|▏         | 791/60627 [14:52<12:31:45,  1.33it/s]{'loss': 4.4016, 'grad_norm': 0.63671875, 'learning_rate': 0.0009996318418943283, 'epoch': 0.01}

                                                      

  1%|▏         | 791/60627 [14:52<12:31:45,  1.33it/s]
  1%|▏         | 792/60627 [14:53<12:34:03,  1.32it/s]
                                                      
{'loss': 4.374, 'grad_norm': 0.68359375, 'learning_rate': 0.0009996308463226485, 'epoch': 0.01}

  1%|▏         | 792/60627 [14:53<12:34:03,  1.32it/s]
  1%|▏         | 793/60627 [14:54<12:36:45,  1.32it/s]
                                                      
{'loss': 4.4302, 'grad_norm': 0.7734375, 'learning_rate': 0.0009996298494071721, 'epoch': 0.01}

  1%|▏         | 793/60627 [14:54<12:36:45,  1.32it/s]
  1%|▏         | 794/60627 [14:54<12:31:52,  1.33it/s]
                                                      
{'loss': 4.517, 'grad_norm': 0.66015625, 'learning_rate': 0.0009996288511479022, 'epoch': 0.01}

  1%|▏         | 794/60627 [14:54<12:31:52,  1.33it/s]
  1%|▏         | 795/60627 [14:55<12:30:01,  1.33it/s]{'loss': 4.3602, 'grad_norm': 0.6171875, 'learning_rate': 0.0009996278515448415, 'epoch': 0.01}

                                                      

  1%|▏         | 795/60627 [14:55<12:30:01,  1.33it/s]
  1%|▏         | 796/60627 [14:56<12:27:56,  1.33it/s]
                                                      
{'loss': 4.6307, 'grad_norm': 0.66015625, 'learning_rate': 0.000999626850597992, 'epoch': 0.01}

  1%|▏         | 796/60627 [14:56<12:27:56,  1.33it/s]
  1%|▏         | 797/60627 [14:57<12:28:32,  1.33it/s]
                                                      
{'loss': 4.462, 'grad_norm': 0.7421875, 'learning_rate': 0.0009996258483073572, 'epoch': 0.01}

  1%|▏         | 797/60627 [14:57<12:28:32,  1.33it/s]
  1%|▏         | 798/60627 [14:57<12:26:56,  1.33it/s]
                                                      
{'loss': 4.5168, 'grad_norm': 0.5703125, 'learning_rate': 0.0009996248446729394, 'epoch': 0.01}

  1%|▏         | 798/60627 [14:57<12:26:56,  1.33it/s]
  1%|▏         | 799/60627 [14:58<12:28:40,  1.33it/s]
                                                      
{'loss': 4.4417, 'grad_norm': 0.57421875, 'learning_rate': 0.0009996238396947413, 'epoch': 0.01}

  1%|▏         | 799/60627 [14:58<12:28:40,  1.33it/s]
  1%|▏         | 800/60627 [14:59<12:27:42,  1.33it/s]
                                                      
{'loss': 4.4253, 'grad_norm': 0.68359375, 'learning_rate': 0.0009996228333727657, 'epoch': 0.01}

  1%|▏         | 800/60627 [14:59<12:27:42,  1.33it/s]

  0%|          | 0/157 [00:00<?, ?it/s][A

  1%|▏         | 2/157 [00:00<00:20,  7.59it/s][A

  2%|▏         | 3/157 [00:00<00:28,  5.39it/s][A

  3%|▎         | 4/157 [00:00<00:32,  4.67it/s][A

  3%|▎         | 5/157 [00:01<00:35,  4.33it/s][A

  4%|▍         | 6/157 [00:01<00:36,  4.16it/s][A

  4%|▍         | 7/157 [00:01<00:36,  4.06it/s][A

  5%|▌         | 8/157 [00:01<00:37,  3.99it/s][A

  6%|▌         | 9/157 [00:02<00:37,  3.94it/s][A

  6%|▋         | 10/157 [00:02<00:37,  3.90it/s][A

  7%|▋         | 11/157 [00:02<00:37,  3.87it/s][A

  8%|▊         | 12/157 [00:02<00:37,  3.85it/s][A

  8%|▊         | 13/157 [00:03<00:37,  3.84it/s][A

  9%|▉         | 14/157 [00:03<00:36,  3.87it/s][A

 10%|▉         | 15/157 [00:03<00:36,  3.86it/s][A

 10%|█         | 16/157 [00:03<00:36,  3.84it/s][A

 11%|█         | 17/157 [00:04<00:36,  3.83it/s][A

 11%|█▏        | 18/157 [00:04<00:36,  3.82it/s][A

 12%|█▏        | 19/157 [00:04<00:36,  3.82it/s][A

 13%|█▎        | 20/157 [00:04<00:35,  3.85it/s][A

 13%|█▎        | 21/157 [00:05<00:35,  3.84it/s][A

 14%|█▍        | 22/157 [00:05<00:35,  3.83it/s][A

 15%|█▍        | 23/157 [00:05<00:34,  3.84it/s][A

 15%|█▌        | 24/157 [00:06<00:34,  3.83it/s][A

 16%|█▌        | 25/157 [00:06<00:34,  3.83it/s][A

 17%|█▋        | 26/157 [00:06<00:34,  3.83it/s][A

 17%|█▋        | 27/157 [00:06<00:34,  3.82it/s][A

 18%|█▊        | 28/157 [00:07<00:33,  3.82it/s][A

 18%|█▊        | 29/157 [00:07<00:33,  3.81it/s][A

 19%|█▉        | 30/157 [00:07<00:33,  3.82it/s][A

 20%|█▉        | 31/157 [00:07<00:32,  3.82it/s][A

 20%|██        | 32/157 [00:08<00:32,  3.83it/s][A

 21%|██        | 33/157 [00:08<00:32,  3.82it/s][A

 22%|██▏       | 34/157 [00:08<00:32,  3.81it/s][A

 22%|██▏       | 35/157 [00:08<00:32,  3.81it/s][A

 23%|██▎       | 36/157 [00:09<00:31,  3.81it/s][A

 24%|██▎       | 37/157 [00:09<00:31,  3.81it/s][A

 24%|██▍       | 38/157 [00:09<00:31,  3.81it/s][A

 25%|██▍       | 39/157 [00:09<00:31,  3.80it/s][A

 25%|██▌       | 40/157 [00:10<00:30,  3.81it/s][A

 26%|██▌       | 41/157 [00:10<00:30,  3.82it/s][A

 27%|██▋       | 42/157 [00:10<00:30,  3.81it/s][A

 27%|██▋       | 43/157 [00:10<00:29,  3.80it/s][A

 28%|██▊       | 44/157 [00:11<00:29,  3.81it/s][A

 29%|██▊       | 45/157 [00:11<00:29,  3.84it/s][A

 29%|██▉       | 46/157 [00:11<00:29,  3.83it/s][A

 30%|██▉       | 47/157 [00:12<00:28,  3.82it/s][A

 31%|███       | 48/157 [00:12<00:28,  3.85it/s][A

 31%|███       | 49/157 [00:12<00:27,  3.88it/s][A

 32%|███▏      | 50/157 [00:12<00:27,  3.89it/s][A

 32%|███▏      | 51/157 [00:13<00:27,  3.91it/s][A

 33%|███▎      | 52/157 [00:13<00:27,  3.87it/s][A

 34%|███▍      | 53/157 [00:13<00:27,  3.85it/s][A

 34%|███▍      | 54/157 [00:13<00:26,  3.84it/s][A

 35%|███▌      | 55/157 [00:14<00:26,  3.84it/s][A

 36%|███▌      | 56/157 [00:14<00:26,  3.84it/s][A

 36%|███▋      | 57/157 [00:14<00:25,  3.85it/s][A

 37%|███▋      | 58/157 [00:14<00:25,  3.85it/s][A

 38%|███▊      | 59/157 [00:15<00:25,  3.84it/s][A

 38%|███▊      | 60/157 [00:15<00:25,  3.84it/s][A

 39%|███▉      | 61/157 [00:15<00:24,  3.85it/s][A

 39%|███▉      | 62/157 [00:15<00:24,  3.84it/s][A

 40%|████      | 63/157 [00:16<00:24,  3.83it/s][A

 41%|████      | 64/157 [00:16<00:24,  3.83it/s][A

 41%|████▏     | 65/157 [00:16<00:24,  3.83it/s][A

 42%|████▏     | 66/157 [00:16<00:23,  3.83it/s][A

 43%|████▎     | 67/157 [00:17<00:23,  3.83it/s][A

 43%|████▎     | 68/157 [00:17<00:23,  3.86it/s][A

 44%|████▍     | 69/157 [00:17<00:22,  3.85it/s][A

 45%|████▍     | 70/157 [00:18<00:22,  3.83it/s][A

 45%|████▌     | 71/157 [00:18<00:22,  3.83it/s][A

 46%|████▌     | 72/157 [00:18<00:22,  3.82it/s][A

 46%|████▋     | 73/157 [00:18<00:21,  3.84it/s][A

 47%|████▋     | 74/157 [00:19<00:21,  3.87it/s][A

 48%|████▊     | 75/157 [00:19<00:21,  3.89it/s][A

 48%|████▊     | 76/157 [00:19<00:20,  3.88it/s][A

 49%|████▉     | 77/157 [00:19<00:20,  3.90it/s][A

 50%|████▉     | 78/157 [00:20<00:20,  3.90it/s][A

 50%|█████     | 79/157 [00:20<00:19,  3.91it/s][A

 51%|█████     | 80/157 [00:20<00:19,  3.91it/s][A

 52%|█████▏    | 81/157 [00:20<00:19,  3.92it/s][A

 52%|█████▏    | 82/157 [00:21<00:19,  3.92it/s][A

 53%|█████▎    | 83/157 [00:21<00:18,  3.92it/s][A

 54%|█████▎    | 84/157 [00:21<00:18,  3.92it/s][A

 54%|█████▍    | 85/157 [00:21<00:18,  3.88it/s][A

 55%|█████▍    | 86/157 [00:22<00:18,  3.87it/s][A

 55%|█████▌    | 87/157 [00:22<00:17,  3.89it/s][A

 56%|█████▌    | 88/157 [00:22<00:17,  3.88it/s][A

 57%|█████▋    | 89/157 [00:22<00:17,  3.86it/s][A

 57%|█████▋    | 90/157 [00:23<00:17,  3.85it/s][A

 58%|█████▊    | 91/157 [00:23<00:17,  3.86it/s][A

 59%|█████▊    | 92/157 [00:23<00:16,  3.85it/s][A

 59%|█████▉    | 93/157 [00:23<00:16,  3.84it/s][A

 60%|█████▉    | 94/157 [00:24<00:16,  3.85it/s][A

 61%|██████    | 95/157 [00:24<00:16,  3.87it/s][A

 61%|██████    | 96/157 [00:24<00:15,  3.89it/s][A

 62%|██████▏   | 97/157 [00:24<00:15,  3.89it/s][A

 62%|██████▏   | 98/157 [00:25<00:15,  3.91it/s][A

 63%|██████▎   | 99/157 [00:25<00:14,  3.94it/s][A

 64%|██████▎   | 100/157 [00:25<00:14,  3.96it/s][A

 64%|██████▍   | 101/157 [00:25<00:14,  3.96it/s][A

 65%|██████▍   | 102/157 [00:26<00:13,  3.96it/s][A

 66%|██████▌   | 103/157 [00:26<00:13,  3.97it/s][A

 66%|██████▌   | 104/157 [00:26<00:13,  3.99it/s][A

 67%|██████▋   | 105/157 [00:26<00:13,  4.00it/s][A

 68%|██████▊   | 106/157 [00:27<00:12,  3.97it/s][A

 68%|██████▊   | 107/157 [00:27<00:12,  3.96it/s][A

 69%|██████▉   | 108/157 [00:27<00:12,  3.96it/s][A

 69%|██████▉   | 109/157 [00:27<00:12,  3.95it/s][A

 70%|███████   | 110/157 [00:28<00:11,  3.96it/s][A

 71%|███████   | 111/157 [00:28<00:11,  3.98it/s][A

 71%|███████▏  | 112/157 [00:28<00:11,  3.99it/s][A

 72%|███████▏  | 113/157 [00:28<00:10,  4.01it/s][A

 73%|███████▎  | 114/157 [00:29<00:10,  4.02it/s][A

 73%|███████▎  | 115/157 [00:29<00:10,  4.01it/s][A

 74%|███████▍  | 116/157 [00:29<00:10,  4.01it/s][A

 75%|███████▍  | 117/157 [00:29<00:09,  4.02it/s][A

 75%|███████▌  | 118/157 [00:30<00:09,  4.03it/s][A

 76%|███████▌  | 119/157 [00:30<00:09,  4.03it/s][A

 76%|███████▋  | 120/157 [00:30<00:09,  4.04it/s][A

 77%|███████▋  | 121/157 [00:30<00:08,  4.04it/s][A

 78%|███████▊  | 122/157 [00:31<00:08,  4.04it/s][A

 78%|███████▊  | 123/157 [00:31<00:08,  4.05it/s][A

 79%|███████▉  | 124/157 [00:31<00:08,  4.06it/s][A

 80%|███████▉  | 125/157 [00:31<00:07,  4.07it/s][A

 80%|████████  | 126/157 [00:32<00:07,  4.07it/s][A

 81%|████████  | 127/157 [00:32<00:07,  4.08it/s][A

 82%|████████▏ | 128/157 [00:32<00:07,  4.05it/s][A

 82%|████████▏ | 129/157 [00:32<00:06,  4.01it/s][A

 83%|████████▎ | 130/157 [00:33<00:06,  3.98it/s][A

 83%|████████▎ | 131/157 [00:33<00:06,  3.93it/s][A

 84%|████████▍ | 132/157 [00:33<00:06,  3.89it/s][A

 85%|████████▍ | 133/157 [00:33<00:06,  3.87it/s][A

 85%|████████▌ | 134/157 [00:34<00:05,  3.86it/s][A

 86%|████████▌ | 135/157 [00:34<00:05,  3.85it/s][A

 87%|████████▋ | 136/157 [00:34<00:05,  3.84it/s][A

 87%|████████▋ | 137/157 [00:35<00:05,  3.84it/s][A

 88%|████████▊ | 138/157 [00:35<00:04,  3.86it/s][A

 89%|████████▊ | 139/157 [00:35<00:04,  3.87it/s][A

 89%|████████▉ | 140/157 [00:35<00:04,  3.86it/s][A

 90%|████████▉ | 141/157 [00:36<00:04,  3.84it/s][A

 90%|█████████ | 142/157 [00:36<00:03,  3.84it/s][A

 91%|█████████ | 143/157 [00:36<00:03,  3.85it/s][A

 92%|█████████▏| 144/157 [00:36<00:03,  3.87it/s][A

 92%|█████████▏| 145/157 [00:37<00:03,  3.86it/s][A

 93%|█████████▎| 146/157 [00:37<00:02,  3.86it/s][A

 94%|█████████▎| 147/157 [00:37<00:02,  3.85it/s][A

 94%|█████████▍| 148/157 [00:37<00:02,  3.84it/s][A

 95%|█████████▍| 149/157 [00:38<00:02,  3.83it/s][A

 96%|█████████▌| 150/157 [00:38<00:01,  3.83it/s][A

 96%|█████████▌| 151/157 [00:38<00:01,  3.84it/s][A

 97%|█████████▋| 152/157 [00:38<00:01,  3.85it/s][A

 97%|█████████▋| 153/157 [00:39<00:01,  3.85it/s][A

 98%|█████████▊| 154/157 [00:39<00:00,  3.84it/s][A

 99%|█████████▊| 155/157 [00:39<00:00,  3.84it/s][A

 99%|█████████▉| 156/157 [00:39<00:00,  3.83it/s][A

100%|██████████| 157/157 [00:40<00:00,  4.12it/s][A
                                                      

                                                 
[A{'eval_loss': 4.9994797706604, 'eval_runtime': 40.5371, 'eval_samples_per_second': 123.344, 'eval_steps_per_second': 3.873, 'epoch': 0.01}

  1%|▏         | 800/60627 [15:39<12:27:42,  1.33it/s]

100%|██████████| 157/157 [00:40<00:00,  4.12it/s][A

                                                 [ATraining stopped after 943.05 seconds

  1%|▏         | 801/60627 [15:43<226:44:52, 13.64s/it]
                                                       
{'loss': 4.168, 'grad_norm': 0.58984375, 'learning_rate': 0.0009996218257070154, 'epoch': 0.01}

  1%|▏         | 801/60627 [15:43<226:44:52, 13.64s/it]

  0%|          | 0/157 [00:00<?, ?it/s][A

  1%|▏         | 2/157 [00:00<00:20,  7.69it/s][A

  2%|▏         | 3/157 [00:00<00:28,  5.42it/s][A

  3%|▎         | 4/157 [00:00<00:32,  4.69it/s][A

  3%|▎         | 5/157 [00:01<00:35,  4.34it/s][A

  4%|▍         | 6/157 [00:01<00:36,  4.16it/s][A

  4%|▍         | 7/157 [00:01<00:36,  4.07it/s][A

  5%|▌         | 8/157 [00:01<00:37,  4.00it/s][A

  6%|▌         | 9/157 [00:02<00:37,  3.96it/s][A

  6%|▋         | 10/157 [00:02<00:37,  3.91it/s][A

  7%|▋         | 11/157 [00:02<00:37,  3.89it/s][A

  8%|▊         | 12/157 [00:02<00:37,  3.87it/s][A

  8%|▊         | 13/157 [00:03<00:37,  3.86it/s][A

  9%|▉         | 14/157 [00:03<00:36,  3.87it/s][A

 10%|▉         | 15/157 [00:03<00:36,  3.86it/s][A

 10%|█         | 16/157 [00:03<00:36,  3.85it/s][A

 11%|█         | 17/157 [00:04<00:36,  3.85it/s][A

 11%|█▏        | 18/157 [00:04<00:36,  3.84it/s][A

 12%|█▏        | 19/157 [00:04<00:35,  3.84it/s][A

 13%|█▎        | 20/157 [00:04<00:35,  3.87it/s][A

 13%|█▎        | 21/157 [00:05<00:35,  3.85it/s][A

 14%|█▍        | 22/157 [00:05<00:35,  3.85it/s][A

 15%|█▍        | 23/157 [00:05<00:34,  3.84it/s][A

 15%|█▌        | 24/157 [00:05<00:34,  3.85it/s][A

 16%|█▌        | 25/157 [00:06<00:34,  3.83it/s][A

 17%|█▋        | 26/157 [00:06<00:34,  3.84it/s][A

 17%|█▋        | 27/157 [00:06<00:33,  3.83it/s][A

 18%|█▊        | 28/157 [00:07<00:33,  3.82it/s][A

 18%|█▊        | 29/157 [00:07<00:33,  3.83it/s][A

 19%|█▉        | 30/157 [00:07<00:33,  3.83it/s][A

 20%|█▉        | 31/157 [00:07<00:32,  3.83it/s][A

 20%|██        | 32/157 [00:08<00:32,  3.83it/s][A

 21%|██        | 33/157 [00:08<00:32,  3.83it/s][A

 22%|██▏       | 34/157 [00:08<00:32,  3.82it/s][A

 22%|██▏       | 35/157 [00:08<00:31,  3.82it/s][A

 23%|██▎       | 36/157 [00:09<00:31,  3.82it/s][A

 24%|██▎       | 37/157 [00:09<00:31,  3.81it/s][A

 24%|██▍       | 38/157 [00:09<00:31,  3.81it/s][A

 25%|██▍       | 39/157 [00:09<00:30,  3.81it/s][A

 25%|██▌       | 40/157 [00:10<00:30,  3.82it/s][A

 26%|██▌       | 41/157 [00:10<00:30,  3.82it/s][A

 27%|██▋       | 42/157 [00:10<00:30,  3.82it/s][A

 27%|██▋       | 43/157 [00:10<00:29,  3.81it/s][A

 28%|██▊       | 44/157 [00:11<00:29,  3.81it/s][A

 29%|██▊       | 45/157 [00:11<00:29,  3.85it/s][A

 29%|██▉       | 46/157 [00:11<00:28,  3.83it/s][A

 30%|██▉       | 47/157 [00:12<00:28,  3.83it/s][A

 31%|███       | 48/157 [00:12<00:28,  3.86it/s][A

 31%|███       | 49/157 [00:12<00:27,  3.88it/s][A

 32%|███▏      | 50/157 [00:12<00:27,  3.89it/s][A

 32%|███▏      | 51/157 [00:13<00:27,  3.90it/s][A

 33%|███▎      | 52/157 [00:13<00:27,  3.87it/s][A

 34%|███▍      | 53/157 [00:13<00:26,  3.86it/s][A

 34%|███▍      | 54/157 [00:13<00:26,  3.85it/s][A

 35%|███▌      | 55/157 [00:14<00:26,  3.85it/s][A

 36%|███▌      | 56/157 [00:14<00:26,  3.85it/s][A

 36%|███▋      | 57/157 [00:14<00:25,  3.86it/s][A

 37%|███▋      | 58/157 [00:14<00:25,  3.85it/s][A

 38%|███▊      | 59/157 [00:15<00:25,  3.84it/s][A

 38%|███▊      | 60/157 [00:15<00:25,  3.85it/s][A

 39%|███▉      | 61/157 [00:15<00:24,  3.86it/s][A

 39%|███▉      | 62/157 [00:15<00:24,  3.85it/s][A

 40%|████      | 63/157 [00:16<00:24,  3.84it/s][A

 41%|████      | 64/157 [00:16<00:24,  3.84it/s][A

 41%|████▏     | 65/157 [00:16<00:23,  3.84it/s][A

 42%|████▏     | 66/157 [00:16<00:23,  3.84it/s][A

 43%|████▎     | 67/157 [00:17<00:23,  3.84it/s][A

 43%|████▎     | 68/157 [00:17<00:23,  3.86it/s][A

 44%|████▍     | 69/157 [00:17<00:22,  3.85it/s][A

 45%|████▍     | 70/157 [00:17<00:22,  3.84it/s][A

 45%|████▌     | 71/157 [00:18<00:22,  3.83it/s][A

 46%|████▌     | 72/157 [00:18<00:22,  3.82it/s][A

 46%|████▋     | 73/157 [00:18<00:21,  3.85it/s][A

 47%|████▋     | 74/157 [00:19<00:21,  3.87it/s][A

 48%|████▊     | 75/157 [00:19<00:21,  3.89it/s][A

 48%|████▊     | 76/157 [00:19<00:20,  3.89it/s][A

 49%|████▉     | 77/157 [00:19<00:20,  3.91it/s][A

 50%|████▉     | 78/157 [00:20<00:20,  3.91it/s][A

 50%|█████     | 79/157 [00:20<00:19,  3.92it/s][A

 51%|█████     | 80/157 [00:20<00:19,  3.92it/s][A

 52%|█████▏    | 81/157 [00:20<00:19,  3.93it/s][A

 52%|█████▏    | 82/157 [00:21<00:19,  3.93it/s][A

 53%|█████▎    | 83/157 [00:21<00:18,  3.93it/s][A

 54%|█████▎    | 84/157 [00:21<00:18,  3.92it/s][A

 54%|█████▍    | 85/157 [00:21<00:18,  3.88it/s][A

 55%|█████▍    | 86/157 [00:22<00:18,  3.88it/s][A

 55%|█████▌    | 87/157 [00:22<00:17,  3.90it/s][A

 56%|█████▌    | 88/157 [00:22<00:17,  3.89it/s][A

 57%|█████▋    | 89/157 [00:22<00:17,  3.86it/s][A

 57%|█████▋    | 90/157 [00:23<00:17,  3.86it/s][A

 58%|█████▊    | 91/157 [00:23<00:17,  3.86it/s][A

 59%|█████▊    | 92/157 [00:23<00:16,  3.86it/s][A

 59%|█████▉    | 93/157 [00:23<00:16,  3.86it/s][A

 60%|█████▉    | 94/157 [00:24<00:16,  3.87it/s][A

 61%|██████    | 95/157 [00:24<00:15,  3.88it/s][A

 61%|██████    | 96/157 [00:24<00:15,  3.90it/s][A

 62%|██████▏   | 97/157 [00:24<00:15,  3.90it/s][A

 62%|██████▏   | 98/157 [00:25<00:15,  3.92it/s][A

 63%|██████▎   | 99/157 [00:25<00:14,  3.95it/s][A

 64%|██████▎   | 100/157 [00:25<00:14,  3.97it/s][A

 64%|██████▍   | 101/157 [00:25<00:14,  3.97it/s][A

 65%|██████▍   | 102/157 [00:26<00:13,  3.97it/s][A

 66%|██████▌   | 103/157 [00:26<00:13,  3.98it/s][A

 66%|██████▌   | 104/157 [00:26<00:13,  3.98it/s][A

 67%|██████▋   | 105/157 [00:26<00:13,  4.00it/s][A

 68%|██████▊   | 106/157 [00:27<00:12,  3.97it/s][A

 68%|██████▊   | 107/157 [00:27<00:12,  3.97it/s][A

 69%|██████▉   | 108/157 [00:27<00:12,  3.96it/s][A

 69%|██████▉   | 109/157 [00:27<00:12,  3.95it/s][A

 70%|███████   | 110/157 [00:28<00:11,  3.96it/s][A

 71%|███████   | 111/157 [00:28<00:11,  3.99it/s][A

 71%|███████▏  | 112/157 [00:28<00:11,  4.00it/s][A

 72%|███████▏  | 113/157 [00:28<00:10,  4.02it/s][A

 73%|███████▎  | 114/157 [00:29<00:10,  4.03it/s][A

 73%|███████▎  | 115/157 [00:29<00:10,  4.02it/s][A

 74%|███████▍  | 116/157 [00:29<00:10,  4.02it/s][A

 75%|███████▍  | 117/157 [00:29<00:09,  4.02it/s][A

 75%|███████▌  | 118/157 [00:30<00:09,  4.03it/s][A

 76%|███████▌  | 119/157 [00:30<00:09,  4.04it/s][A

 76%|███████▋  | 120/157 [00:30<00:09,  4.05it/s][A

 77%|███████▋  | 121/157 [00:30<00:08,  4.05it/s][A

 78%|███████▊  | 122/157 [00:31<00:08,  4.04it/s][A

 78%|███████▊  | 123/157 [00:31<00:08,  4.05it/s][A

 79%|███████▉  | 124/157 [00:31<00:08,  4.05it/s][A

 80%|███████▉  | 125/157 [00:31<00:07,  4.06it/s][A

 80%|████████  | 126/157 [00:32<00:07,  4.07it/s][A

 81%|████████  | 127/157 [00:32<00:07,  4.08it/s][A

 82%|████████▏ | 128/157 [00:32<00:07,  4.06it/s][A

 82%|████████▏ | 129/157 [00:32<00:06,  4.02it/s][A

 83%|████████▎ | 130/157 [00:33<00:06,  3.98it/s][A

 83%|████████▎ | 131/157 [00:33<00:06,  3.94it/s][A

 84%|████████▍ | 132/157 [00:33<00:06,  3.90it/s][A

 85%|████████▍ | 133/157 [00:33<00:06,  3.87it/s][A

 85%|████████▌ | 134/157 [00:34<00:05,  3.86it/s][A

 86%|████████▌ | 135/157 [00:34<00:05,  3.84it/s][A

 87%|████████▋ | 136/157 [00:34<00:05,  3.84it/s][A

 87%|████████▋ | 137/157 [00:34<00:05,  3.84it/s][A

 88%|████████▊ | 138/157 [00:35<00:04,  3.87it/s][A

 89%|████████▊ | 139/157 [00:35<00:04,  3.87it/s][A

 89%|████████▉ | 140/157 [00:35<00:04,  3.85it/s][A

 90%|████████▉ | 141/157 [00:35<00:04,  3.84it/s][A

 90%|█████████ | 142/157 [00:36<00:03,  3.85it/s][A

 91%|█████████ | 143/157 [00:36<00:03,  3.85it/s][A

 92%|█████████▏| 144/157 [00:36<00:03,  3.87it/s][A

 92%|█████████▏| 145/157 [00:37<00:03,  3.86it/s][A

 93%|█████████▎| 146/157 [00:37<00:02,  3.86it/s][A

 94%|█████████▎| 147/157 [00:37<00:02,  3.85it/s][A

 94%|█████████▍| 148/157 [00:37<00:02,  3.83it/s][A

 95%|█████████▍| 149/157 [00:38<00:02,  3.83it/s][A

 96%|█████████▌| 150/157 [00:38<00:01,  3.83it/s][A

 96%|█████████▌| 151/157 [00:38<00:01,  3.84it/s][A

 97%|█████████▋| 152/157 [00:38<00:01,  3.85it/s][A

 97%|█████████▋| 153/157 [00:39<00:01,  3.85it/s][A

 98%|█████████▊| 154/157 [00:39<00:00,  3.85it/s][A

 99%|█████████▊| 155/157 [00:39<00:00,  3.84it/s][A

 99%|█████████▉| 156/157 [00:39<00:00,  3.83it/s][A

100%|██████████| 157/157 [00:40<00:00,  4.13it/s][A{'eval_loss': 4.998199939727783, 'eval_runtime': 40.4716, 'eval_samples_per_second': 123.543, 'eval_steps_per_second': 3.879, 'epoch': 0.01}

                                                       

                                                 
[A
  1%|▏         | 801/60627 [16:23<226:44:52, 13.64s/it]

100%|██████████| 157/157 [00:40<00:00,  4.13it/s][A

                                                 [A
                                                       
{'train_runtime': 986.4872, 'train_samples_per_second': 1966.638, 'train_steps_per_second': 61.457, 'train_loss': 5.403648178229171, 'epoch': 0.01}

  1%|▏         | 801/60627 [16:26<226:44:52, 13.64s/it]
  1%|▏         | 801/60627 [16:26<20:28:13,  1.23s/it] 
Running final evaluation on the test split...

  0%|          | 0/157 [00:00<?, ?it/s]
  1%|▏         | 2/157 [00:00<00:20,  7.63it/s]
  2%|▏         | 3/157 [00:00<00:28,  5.42it/s]
  3%|▎         | 4/157 [00:00<00:32,  4.70it/s]
  3%|▎         | 5/157 [00:01<00:34,  4.35it/s]
  4%|▍         | 6/157 [00:01<00:36,  4.16it/s]
  4%|▍         | 7/157 [00:01<00:36,  4.07it/s]
  5%|▌         | 8/157 [00:01<00:37,  4.01it/s]
  6%|▌         | 9/157 [00:02<00:37,  3.97it/s]
  6%|▋         | 10/157 [00:02<00:37,  3.92it/s]
  7%|▋         | 11/157 [00:02<00:37,  3.88it/s]
  8%|▊         | 12/157 [00:02<00:37,  3.86it/s]
  8%|▊         | 13/157 [00:03<00:37,  3.84it/s]
  9%|▉         | 14/157 [00:03<00:36,  3.87it/s]
 10%|▉         | 15/157 [00:03<00:36,  3.85it/s]
 10%|█         | 16/157 [00:03<00:36,  3.84it/s]
 11%|█         | 17/157 [00:04<00:36,  3.85it/s]
 11%|█▏        | 18/157 [00:04<00:36,  3.84it/s]
 12%|█▏        | 19/157 [00:04<00:35,  3.84it/s]
 13%|█▎        | 20/157 [00:04<00:35,  3.87it/s]
 13%|█▎        | 21/157 [00:05<00:35,  3.86it/s]
 14%|█▍        | 22/157 [00:05<00:35,  3.85it/s]
 15%|█▍        | 23/157 [00:05<00:34,  3.85it/s]
 15%|█▌        | 24/157 [00:05<00:34,  3.86it/s]
 16%|█▌        | 25/157 [00:06<00:34,  3.85it/s]
 17%|█▋        | 26/157 [00:06<00:34,  3.85it/s]
 17%|█▋        | 27/157 [00:06<00:33,  3.84it/s]
 18%|█▊        | 28/157 [00:07<00:33,  3.84it/s]
 18%|█▊        | 29/157 [00:07<00:33,  3.84it/s]
 19%|█▉        | 30/157 [00:07<00:33,  3.85it/s]
 20%|█▉        | 31/157 [00:07<00:32,  3.84it/s]
 20%|██        | 32/157 [00:08<00:32,  3.84it/s]
 21%|██        | 33/157 [00:08<00:32,  3.84it/s]
 22%|██▏       | 34/157 [00:08<00:32,  3.84it/s]
 22%|██▏       | 35/157 [00:08<00:31,  3.83it/s]
 23%|██▎       | 36/157 [00:09<00:31,  3.82it/s]
 24%|██▎       | 37/157 [00:09<00:31,  3.83it/s]
 24%|██▍       | 38/157 [00:09<00:31,  3.82it/s]
 25%|██▍       | 39/157 [00:09<00:30,  3.82it/s]
 25%|██▌       | 40/157 [00:10<00:30,  3.83it/s]
 26%|██▌       | 41/157 [00:10<00:30,  3.83it/s]
 27%|██▋       | 42/157 [00:10<00:30,  3.83it/s]
 27%|██▋       | 43/157 [00:10<00:29,  3.83it/s]
 28%|██▊       | 44/157 [00:11<00:29,  3.82it/s]
 29%|██▊       | 45/157 [00:11<00:29,  3.86it/s]
 29%|██▉       | 46/157 [00:11<00:28,  3.84it/s]
 30%|██▉       | 47/157 [00:11<00:28,  3.84it/s]
 31%|███       | 48/157 [00:12<00:28,  3.87it/s]
 31%|███       | 49/157 [00:12<00:27,  3.89it/s]
 32%|███▏      | 50/157 [00:12<00:27,  3.90it/s]
 32%|███▏      | 51/157 [00:12<00:27,  3.91it/s]
 33%|███▎      | 52/157 [00:13<00:27,  3.89it/s]
 34%|███▍      | 53/157 [00:13<00:26,  3.86it/s]
 34%|███▍      | 54/157 [00:13<00:26,  3.85it/s]
 35%|███▌      | 55/157 [00:14<00:26,  3.85it/s]
 36%|███▌      | 56/157 [00:14<00:26,  3.85it/s]
 36%|███▋      | 57/157 [00:14<00:25,  3.87it/s]
 37%|███▋      | 58/157 [00:14<00:25,  3.87it/s]
 38%|███▊      | 59/157 [00:15<00:25,  3.86it/s]
 38%|███▊      | 60/157 [00:15<00:25,  3.87it/s]
 39%|███▉      | 61/157 [00:15<00:24,  3.87it/s]
 39%|███▉      | 62/157 [00:15<00:24,  3.87it/s]
 40%|████      | 63/157 [00:16<00:24,  3.85it/s]
 41%|████      | 64/157 [00:16<00:24,  3.85it/s]
 41%|████▏     | 65/157 [00:16<00:23,  3.85it/s]
 42%|████▏     | 66/157 [00:16<00:23,  3.85it/s]
 43%|████▎     | 67/157 [00:17<00:23,  3.85it/s]
 43%|████▎     | 68/157 [00:17<00:22,  3.87it/s]
 44%|████▍     | 69/157 [00:17<00:22,  3.86it/s]
 45%|████▍     | 70/157 [00:17<00:22,  3.85it/s]
 45%|████▌     | 71/157 [00:18<00:22,  3.84it/s]
 46%|████▌     | 72/157 [00:18<00:22,  3.84it/s]
 46%|████▋     | 73/157 [00:18<00:21,  3.85it/s]
 47%|████▋     | 74/157 [00:18<00:21,  3.88it/s]
 48%|████▊     | 75/157 [00:19<00:21,  3.90it/s]
 48%|████▊     | 76/157 [00:19<00:20,  3.89it/s]
 49%|████▉     | 77/157 [00:19<00:20,  3.91it/s]
 50%|████▉     | 78/157 [00:19<00:20,  3.92it/s]
 50%|█████     | 79/157 [00:20<00:19,  3.92it/s]
 51%|█████     | 80/157 [00:20<00:19,  3.93it/s]
 52%|█████▏    | 81/157 [00:20<00:19,  3.93it/s]
 52%|█████▏    | 82/157 [00:21<00:19,  3.93it/s]
 53%|█████▎    | 83/157 [00:21<00:18,  3.93it/s]
 54%|█████▎    | 84/157 [00:21<00:18,  3.93it/s]
 54%|█████▍    | 85/157 [00:21<00:18,  3.90it/s]
 55%|█████▍    | 86/157 [00:22<00:18,  3.88it/s]
 55%|█████▌    | 87/157 [00:22<00:17,  3.90it/s]
 56%|█████▌    | 88/157 [00:22<00:17,  3.88it/s]
 57%|█████▋    | 89/157 [00:22<00:17,  3.86it/s]
 57%|█████▋    | 90/157 [00:23<00:17,  3.86it/s]
 58%|█████▊    | 91/157 [00:23<00:17,  3.86it/s]
 59%|█████▊    | 92/157 [00:23<00:16,  3.86it/s]
 59%|█████▉    | 93/157 [00:23<00:16,  3.86it/s]
 60%|█████▉    | 94/157 [00:24<00:16,  3.86it/s]
 61%|██████    | 95/157 [00:24<00:15,  3.89it/s]
 61%|██████    | 96/157 [00:24<00:15,  3.91it/s]
 62%|██████▏   | 97/157 [00:24<00:15,  3.91it/s]
 62%|██████▏   | 98/157 [00:25<00:15,  3.92it/s]
 63%|██████▎   | 99/157 [00:25<00:14,  3.95it/s]
 64%|██████▎   | 100/157 [00:25<00:14,  3.97it/s]
 64%|██████▍   | 101/157 [00:25<00:14,  3.97it/s]
 65%|██████▍   | 102/157 [00:26<00:13,  3.97it/s]
 66%|██████▌   | 103/157 [00:26<00:13,  3.99it/s]
 66%|██████▌   | 104/157 [00:26<00:13,  4.00it/s]
 67%|██████▋   | 105/157 [00:26<00:12,  4.01it/s]
 68%|██████▊   | 106/157 [00:27<00:12,  3.98it/s]
 68%|██████▊   | 107/157 [00:27<00:12,  3.98it/s]
 69%|██████▉   | 108/157 [00:27<00:12,  3.97it/s]
 69%|██████▉   | 109/157 [00:27<00:12,  3.95it/s]
 70%|███████   | 110/157 [00:28<00:11,  3.97it/s]
 71%|███████   | 111/157 [00:28<00:11,  3.99it/s]
 71%|███████▏  | 112/157 [00:28<00:11,  4.00it/s]
 72%|███████▏  | 113/157 [00:28<00:10,  4.02it/s]
 73%|███████▎  | 114/157 [00:29<00:10,  4.03it/s]
 73%|███████▎  | 115/157 [00:29<00:10,  4.03it/s]
 74%|███████▍  | 116/157 [00:29<00:10,  4.03it/s]
 75%|███████▍  | 117/157 [00:29<00:09,  4.03it/s]
 75%|███████▌  | 118/157 [00:30<00:09,  4.04it/s]
 76%|███████▌  | 119/157 [00:30<00:09,  4.05it/s]
 76%|███████▋  | 120/157 [00:30<00:09,  4.05it/s]
 77%|███████▋  | 121/157 [00:30<00:08,  4.05it/s]
 78%|███████▊  | 122/157 [00:31<00:08,  4.05it/s]
 78%|███████▊  | 123/157 [00:31<00:08,  4.06it/s]
 79%|███████▉  | 124/157 [00:31<00:08,  4.06it/s]
 80%|███████▉  | 125/157 [00:31<00:07,  4.07it/s]
 80%|████████  | 126/157 [00:32<00:07,  4.08it/s]
 81%|████████  | 127/157 [00:32<00:07,  4.08it/s]
 82%|████████▏ | 128/157 [00:32<00:07,  4.06it/s]
 82%|████████▏ | 129/157 [00:32<00:06,  4.01it/s]
 83%|████████▎ | 130/157 [00:33<00:06,  3.98it/s]
 83%|████████▎ | 131/157 [00:33<00:06,  3.94it/s]
 84%|████████▍ | 132/157 [00:33<00:06,  3.90it/s]
 85%|████████▍ | 133/157 [00:33<00:06,  3.88it/s]
 85%|████████▌ | 134/157 [00:34<00:05,  3.87it/s]
 86%|████████▌ | 135/157 [00:34<00:05,  3.86it/s]
 87%|████████▋ | 136/157 [00:34<00:05,  3.85it/s]
 87%|████████▋ | 137/157 [00:34<00:05,  3.85it/s]
 88%|████████▊ | 138/157 [00:35<00:04,  3.88it/s]
 89%|████████▊ | 139/157 [00:35<00:04,  3.88it/s]
 89%|████████▉ | 140/157 [00:35<00:04,  3.86it/s]
 90%|████████▉ | 141/157 [00:35<00:04,  3.85it/s]
 90%|█████████ | 142/157 [00:36<00:03,  3.85it/s]
 91%|█████████ | 143/157 [00:36<00:03,  3.86it/s]
 92%|█████████▏| 144/157 [00:36<00:03,  3.88it/s]
 92%|█████████▏| 145/157 [00:36<00:03,  3.87it/s]
 93%|█████████▎| 146/157 [00:37<00:02,  3.86it/s]
 94%|█████████▎| 147/157 [00:37<00:02,  3.86it/s]
 94%|█████████▍| 148/157 [00:37<00:02,  3.84it/s]
 95%|█████████▍| 149/157 [00:38<00:02,  3.84it/s]
 96%|█████████▌| 150/157 [00:38<00:01,  3.83it/s]
 96%|█████████▌| 151/157 [00:38<00:01,  3.85it/s]
 97%|█████████▋| 152/157 [00:38<00:01,  3.85it/s]
 97%|█████████▋| 153/157 [00:39<00:01,  3.86it/s]
 98%|█████████▊| 154/157 [00:39<00:00,  3.85it/s]
 99%|█████████▊| 155/157 [00:39<00:00,  3.84it/s]
 99%|█████████▉| 156/157 [00:39<00:00,  3.83it/s]
100%|██████████| 157/157 [00:40<00:00,  4.13it/s]
100%|██████████| 157/157 [00:40<00:00,  3.92it/s]
Final evaluation results: {'eval_loss': 4.998199939727783, 'eval_runtime': 40.3835, 'eval_samples_per_second': 123.813, 'eval_steps_per_second': 3.888, 'epoch': 0.013211935276362018}
Final Eval Loss: 4.9982 | Perplexity: 148.15
Train 582.7s, eval 404.2s (41.0% of the loop), optimizer steps 801, microbatches 1602, tokens seen 13123584
Saved comparison plot to artifacts/comparison.svg
Saved experiment artifacts to artifacts/lr_1e3
Prompt: Тильзитский мир - 
Completion:  —  и.

Окончила  на  —,  —  и.

Пример  и  —  — �  —  и.

Количество 
В 2008 году, «Лил» () включал в себя два синципы:
,  «Лилль» (), «Харьковский — «Мелёный», «Бр-пут», «Билль» — «Кыв», «Малая Кия: «Шор-Сынка», «Сме-с.
Prompt: Деревня Сно - 
Completion:  геральды в России. На момент закрытия станции к станции было начато в 2012 году, когда в составе участка линии, в котором в 2002 году была открыта станция на территории, припасного комплекса «Ударки».

История 
Достопримечательности 
В 2008 году на территории города Кадагского района был открыт список в 2013 году. В 2012 году здесь был построен новый магазин.

В настоящее время, в 2015 году в составе участка  на улицу в центре площади.

В 2009 году в эксплуатацию "Сельгия" находится "Ф.

До 2022 года "Белас
Prompt: 14 восьмитысячников - 
Completion: � ңе, ჴ (см. и. 
  —,  и ე��줵� �� 섅ꭠ삸�����곸�ָ��� 쉡ա� � 쀝ယ�฀��րր� Ғ ��� 숈�ς: ᴵճ긵ḵ��ุ
Prompt: Евразийство становится - 
Completion:  «Hysiethys dys».

Описание 

Съедние травянистые растения покрыты чёрными листьями, прямостоячие или: и у плёнки и, с водой, на ножке, прицветники, с листочки, на которых. Прицветники и с водой, прицветники и в листья покрыты прямостоятыми оболочками. Цветка из этого вида, то есть как.

Распространение и место обитания 

В природе цветки: в Крыму, Южной Америке, Новой Гвинее, на юго-востоке, на которых расположены в Средиземных и на востоке Индии
Saved generations to artifacts/lr_1e3
Removed weights ./output_dir/lr_1e3/checkpoint-801
