
==========
== CUDA ==
==========

CUDA Version 11.8.0

Container image Copyright (c) 2016-2023, NVIDIA CORPORATION & AFFILIATES. All rights reserved.

This container image and its contents are governed by the NVIDIA Deep Learning Container License.
By pulling and using the container, you accept the terms and conditions of this license:
https://developer.nvidia.com/ngc/nvidia-deep-learning-container-license

A copy of this license is made available in this container at /NGC-DL-CONTAINER-LICENSE for your convenience.

Tokenized dataset is ready in ./output_dir
Created artifacts/per_device_32
Tokenized dataset is ready in ./output_dir
Loading 32 parquet shards...
Training samples: 1940063
Validation samples: 5000
Model pad token id: 2
Total params: 960,881,664

  0%|          | 0/60627 [00:00<?, ?it/s]
  0%|          | 1/60627 [00:01<31:47:28,  1.89s/it]
                                                    
{'loss': 11.2266, 'grad_norm': 4.625, 'learning_rate': 0.0, 'epoch': 0.0}

  0%|          | 1/60627 [00:01<31:47:28,  1.89s/it]
  0%|          | 2/60627 [00:02<20:03:55,  1.19s/it]
                                                    
{'loss': 11.2338, 'grad_norm': 5.03125, 'learning_rate': 1.1999999999999999e-05, 'epoch': 0.0}

  0%|          | 2/60627 [00:02<20:03:55,  1.19s/it]
  0%|          | 3/60627 [00:03<16:23:09,  1.03it/s]
                                                    
{'loss': 11.2038, 'grad_norm': 4.6875, 'learning_rate': 2.3999999999999997e-05, 'epoch': 0.0}

  0%|          | 3/60627 [00:03<16:23:09,  1.03it/s]
  0%|          | 4/60627 [00:04<14:35:38,  1.15it/s]
                                                    
{'loss': 11.1913, 'grad_norm': 5.125, 'learning_rate': 3.5999999999999994e-05, 'epoch': 0.0}

  0%|          | 4/60627 [00:04<14:35:38,  1.15it/s]
  0%|          | 5/60627 [00:04<13:40:06,  1.23it/s]
                                                    
{'loss': 11.0297, 'grad_norm': 4.8125, 'learning_rate': 4.7999999999999994e-05, 'epoch': 0.0}

  0%|          | 5/60627 [00:04<13:40:06,  1.23it/s]
  0%|          | 6/60627 [00:05<13:03:00,  1.29it/s]
                                                    
{'loss': 10.8452, 'grad_norm': 5.28125, 'learning_rate': 5.9999999999999995e-05, 'epoch': 0.0}

  0%|          | 6/60627 [00:05<13:03:00,  1.29it/s]
  0%|          | 7/60627 [00:06<12:40:29,  1.33it/s]
                                                    
{'loss': 10.5991, 'grad_norm': 5.5625, 'learning_rate': 7.199999999999999e-05, 'epoch': 0.0}

  0%|          | 7/60627 [00:06<12:40:29,  1.33it/s]
  0%|          | 8/60627 [00:06<12:26:59,  1.35it/s]
                                                    
{'loss': 10.8408, 'grad_norm': 18.0, 'learning_rate': 8.4e-05, 'epoch': 0.0}

  0%|          | 8/60627 [00:06<12:26:59,  1.35it/s]
  0%|          | 9/60627 [00:07<12:20:37,  1.36it/s]
                                                    
{'loss': 10.3805, 'grad_norm': 15.1875, 'learning_rate': 9.599999999999999e-05, 'epoch': 0.0}

  0%|          | 9/60627 [00:07<12:20:37,  1.36it/s]
  0%|          | 10/60627 [00:08<12:16:07,  1.37it/s]
                                                     
{'loss': 10.2232, 'grad_norm': 13.0, 'learning_rate': 0.00010799999999999998, 'epoch': 0.0}

  0%|          | 10/60627 [00:08<12:16:07,  1.37it/s]
  0%|          | 11/60627 [00:08<12:12:43,  1.38it/s]
                                                     
{'loss': 10.2057, 'grad_norm': 5.40625, 'learning_rate': 0.00011999999999999999, 'epoch': 0.0}

  0%|          | 11/60627 [00:09<12:12:43,  1.38it/s]
  0%|          | 12/60627 [00:09<12:07:25,  1.39it/s]
                                                     
{'loss': 9.9837, 'grad_norm': 4.6875, 'learning_rate': 0.00013199999999999998, 'epoch': 0.0}

  0%|          | 12/60627 [00:09<12:07:25,  1.39it/s]
  0%|          | 13/60627 [00:10<12:04:43,  1.39it/s]
                                                     
{'loss': 9.4987, 'grad_norm': 3.484375, 'learning_rate': 0.00014399999999999998, 'epoch': 0.0}

  0%|          | 13/60627 [00:10<12:04:43,  1.39it/s]
  0%|          | 14/60627 [00:11<12:05:04,  1.39it/s]
                                                     
{'loss': 9.1566, 'grad_norm': 7.21875, 'learning_rate': 0.000156, 'epoch': 0.0}

  0%|          | 14/60627 [00:11<12:05:04,  1.39it/s]
  0%|          | 15/60627 [00:11<12:02:25,  1.40it/s]
                                                     
{'loss': 9.0026, 'grad_norm': 7.9375, 'learning_rate': 0.000168, 'epoch': 0.0}

  0%|          | 15/60627 [00:11<12:02:25,  1.40it/s]
  0%|          | 16/60627 [00:12<11:59:46,  1.40it/s]
                                                     
{'loss': 8.7053, 'grad_norm': 2.296875, 'learning_rate': 0.00017999999999999998, 'epoch': 0.0}

  0%|          | 16/60627 [00:12<11:59:46,  1.40it/s]
  0%|          | 17/60627 [00:13<11:57:41,  1.41it/s]
                                                     
{'loss': 8.6194, 'grad_norm': 1.8203125, 'learning_rate': 0.00019199999999999998, 'epoch': 0.0}

  0%|          | 17/60627 [00:13<11:57:41,  1.41it/s]
  0%|          | 18/60627 [00:13<11:59:07,  1.40it/s]
                                                     
{'loss': 8.529, 'grad_norm': 2.96875, 'learning_rate': 0.000204, 'epoch': 0.0}

  0%|          | 18/60627 [00:13<11:59:07,  1.40it/s]
  0%|          | 19/60627 [00:14<11:59:53,  1.40it/s]{'loss': 8.2992, 'grad_norm': 3.921875, 'learning_rate': 0.00021599999999999996, 'epoch': 0.0}

                                                     

  0%|          | 19/60627 [00:14<11:59:53,  1.40it/s]
  0%|          | 20/60627 [00:15<12:00:46,  1.40it/s]
                                                     
{'loss': 8.2749, 'grad_norm': 2.078125, 'learning_rate': 0.00022799999999999999, 'epoch': 0.0}

  0%|          | 20/60627 [00:15<12:00:46,  1.40it/s]
  0%|          | 21/60627 [00:16<11:58:59,  1.40it/s]
                                                     
{'loss': 8.1879, 'grad_norm': 2.515625, 'learning_rate': 0.00023999999999999998, 'epoch': 0.0}

  0%|          | 21/60627 [00:16<11:58:59,  1.40it/s]
  0%|          | 22/60627 [00:16<11:57:08,  1.41it/s]{'loss': 8.2348, 'grad_norm': 2.953125, 'learning_rate': 0.00025199999999999995, 'epoch': 0.0}

                                                     

  0%|          | 22/60627 [00:16<11:57:08,  1.41it/s]
  0%|          | 23/60627 [00:17<11:56:27,  1.41it/s]{'loss': 8.0425, 'grad_norm': 1.390625, 'learning_rate': 0.00026399999999999997, 'epoch': 0.0}

                                                     

  0%|          | 23/60627 [00:17<11:56:27,  1.41it/s]
  0%|          | 24/60627 [00:18<11:57:20,  1.41it/s]{'loss': 8.0574, 'grad_norm': 3.34375, 'learning_rate': 0.000276, 'epoch': 0.0}

                                                     

  0%|          | 24/60627 [00:18<11:57:20,  1.41it/s]
  0%|          | 25/60627 [00:18<11:56:04,  1.41it/s]
                                                     
{'loss': 7.9094, 'grad_norm': 3.15625, 'learning_rate': 0.00028799999999999995, 'epoch': 0.0}

  0%|          | 25/60627 [00:18<11:56:04,  1.41it/s]
  0%|          | 26/60627 [00:19<11:56:22,  1.41it/s]
                                                     
{'loss': 8.0928, 'grad_norm': 1.859375, 'learning_rate': 0.0003, 'epoch': 0.0}

  0%|          | 26/60627 [00:19<11:56:22,  1.41it/s]
  0%|          | 27/60627 [00:20<11:56:56,  1.41it/s]{'loss': 8.2044, 'grad_norm': 1.7578125, 'learning_rate': 0.000312, 'epoch': 0.0}

                                                     

  0%|          | 27/60627 [00:20<11:56:56,  1.41it/s]
  0%|          | 28/60627 [00:21<11:57:45,  1.41it/s]
                                                     
{'loss': 8.0953, 'grad_norm': 1.6328125, 'learning_rate': 0.000324, 'epoch': 0.0}

  0%|          | 28/60627 [00:21<11:57:45,  1.41it/s]
  0%|          | 29/60627 [00:21<11:59:35,  1.40it/s]
                                                     
{'loss': 8.4107, 'grad_norm': 1.5234375, 'learning_rate': 0.000336, 'epoch': 0.0}

  0%|          | 29/60627 [00:21<11:59:35,  1.40it/s]
  0%|          | 30/60627 [00:22<11:58:19,  1.41it/s]
                                                     
{'loss': 7.9971, 'grad_norm': 1.6171875, 'learning_rate': 0.00034799999999999995, 'epoch': 0.0}

  0%|          | 30/60627 [00:22<11:58:19,  1.41it/s]
  0%|          | 31/60627 [00:23<11:57:51,  1.41it/s]
                                                     
{'loss': 7.9945, 'grad_norm': 2.546875, 'learning_rate': 0.00035999999999999997, 'epoch': 0.0}

  0%|          | 31/60627 [00:23<11:57:51,  1.41it/s]
  0%|          | 32/60627 [00:23<12:00:37,  1.40it/s]
                                                     
{'loss': 8.1558, 'grad_norm': 1.1015625, 'learning_rate': 0.000372, 'epoch': 0.0}

  0%|          | 32/60627 [00:23<12:00:37,  1.40it/s]
  0%|          | 33/60627 [00:24<11:58:42,  1.41it/s]
                                                     
{'loss': 8.1228, 'grad_norm': 2.375, 'learning_rate': 0.00038399999999999996, 'epoch': 0.0}

  0%|          | 33/60627 [00:24<11:58:42,  1.41it/s]
  0%|          | 34/60627 [00:25<11:59:26,  1.40it/s]
                                                     
{'loss': 8.088, 'grad_norm': 2.421875, 'learning_rate': 0.000396, 'epoch': 0.0}

  0%|          | 34/60627 [00:25<11:59:26,  1.40it/s]
  0%|          | 35/60627 [00:26<12:01:18,  1.40it/s]{'loss': 8.0183, 'grad_norm': 1.640625, 'learning_rate': 0.000408, 'epoch': 0.0}

                                                     

  0%|          | 35/60627 [00:26<12:01:18,  1.40it/s]
  0%|          | 36/60627 [00:26<12:01:23,  1.40it/s]
                                                     
{'loss': 7.9511, 'grad_norm': 3.734375, 'learning_rate': 0.00041999999999999996, 'epoch': 0.0}

  0%|          | 36/60627 [00:26<12:01:23,  1.40it/s]
  0%|          | 37/60627 [00:27<12:02:18,  1.40it/s]
                                                     
{'loss': 8.0981, 'grad_norm': 2.59375, 'learning_rate': 0.00043199999999999993, 'epoch': 0.0}

  0%|          | 37/60627 [00:27<12:02:18,  1.40it/s]
  0%|          | 38/60627 [00:28<11:59:58,  1.40it/s]
                                                     
{'loss': 8.0888, 'grad_norm': 1.5, 'learning_rate': 0.00044399999999999995, 'epoch': 0.0}

  0%|          | 38/60627 [00:28<11:59:58,  1.40it/s]
  0%|          | 39/60627 [00:28<11:58:56,  1.40it/s]
                                                     
{'loss': 7.9456, 'grad_norm': 3.140625, 'learning_rate': 0.00045599999999999997, 'epoch': 0.0}

  0%|          | 39/60627 [00:28<11:58:56,  1.40it/s]
  0%|          | 40/60627 [00:29<12:01:11,  1.40it/s]
                                                     
{'loss': 7.9124, 'grad_norm': 2.390625, 'learning_rate': 0.000468, 'epoch': 0.0}

  0%|          | 40/60627 [00:29<12:01:11,  1.40it/s]
  0%|          | 41/60627 [00:30<11:59:15,  1.40it/s]{'loss': 7.9495, 'grad_norm': 2.515625, 'learning_rate': 0.00047999999999999996, 'epoch': 0.0}

                                                     

  0%|          | 41/60627 [00:30<11:59:15,  1.40it/s]
  0%|          | 42/60627 [00:31<12:00:12,  1.40it/s]
                                                     
{'loss': 8.0857, 'grad_norm': 2.875, 'learning_rate': 0.0004919999999999999, 'epoch': 0.0}

  0%|          | 42/60627 [00:31<12:00:12,  1.40it/s]
  0%|          | 43/60627 [00:31<11:58:50,  1.40it/s]
                                                     
{'loss': 8.0567, 'grad_norm': 1.765625, 'learning_rate': 0.0005039999999999999, 'epoch': 0.0}

  0%|          | 43/60627 [00:31<11:58:50,  1.40it/s]
  0%|          | 44/60627 [00:32<11:57:04,  1.41it/s]{'loss': 7.7959, 'grad_norm': 4.03125, 'learning_rate': 0.000516, 'epoch': 0.0}

                                                     

  0%|          | 44/60627 [00:32<11:57:04,  1.41it/s]
  0%|          | 45/60627 [00:33<11:57:27,  1.41it/s]
                                                     
{'loss': 7.8293, 'grad_norm': 3.046875, 'learning_rate': 0.0005279999999999999, 'epoch': 0.0}

  0%|          | 45/60627 [00:33<11:57:27,  1.41it/s]
  0%|          | 46/60627 [00:33<11:58:37,  1.41it/s]
                                                     
{'loss': 7.768, 'grad_norm': 1.8828125, 'learning_rate': 0.00054, 'epoch': 0.0}

  0%|          | 46/60627 [00:33<11:58:37,  1.41it/s]
  0%|          | 47/60627 [00:34<11:57:59,  1.41it/s]
                                                     
{'loss': 8.0432, 'grad_norm': 2.1875, 'learning_rate': 0.000552, 'epoch': 0.0}

  0%|          | 47/60627 [00:34<11:57:59,  1.41it/s]
  0%|          | 48/60627 [00:35<11:58:09,  1.41it/s]
                                                     
{'loss': 7.7987, 'grad_norm': 1.2890625, 'learning_rate': 0.0005639999999999999, 'epoch': 0.0}

  0%|          | 48/60627 [00:35<11:58:09,  1.41it/s]
  0%|          | 49/60627 [00:36<12:00:06,  1.40it/s]
                                                     
{'loss': 7.8763, 'grad_norm': 3.515625, 'learning_rate': 0.0005759999999999999, 'epoch': 0.0}

  0%|          | 49/60627 [00:36<12:00:06,  1.40it/s]
  0%|          | 50/60627 [00:36<12:00:40,  1.40it/s]
                                                     
{'loss': 7.7958, 'grad_norm': 2.125, 'learning_rate': 0.000588, 'epoch': 0.0}

  0%|          | 50/60627 [00:36<12:00:40,  1.40it/s]
  0%|          | 51/60627 [00:37<12:02:03,  1.40it/s]
                                                     
{'loss': 7.5933, 'grad_norm': 1.9609375, 'learning_rate': 0.0006, 'epoch': 0.0}

  0%|          | 51/60627 [00:37<12:02:03,  1.40it/s]
  0%|          | 52/60627 [00:38<12:01:37,  1.40it/s]
                                                     
{'loss': 7.6547, 'grad_norm': 1.8203125, 'learning_rate': 0.0005999999995965632, 'epoch': 0.0}

  0%|          | 52/60627 [00:38<12:01:37,  1.40it/s]
  0%|          | 53/60627 [00:38<11:59:50,  1.40it/s]
                                                     
{'loss': 7.6365, 'grad_norm': 2.140625, 'learning_rate': 0.0005999999983862528, 'epoch': 0.0}

  0%|          | 53/60627 [00:38<11:59:50,  1.40it/s]
  0%|          | 54/60627 [00:39<11:59:10,  1.40it/s]
                                                     
{'loss': 7.7105, 'grad_norm': 2.296875, 'learning_rate': 0.000599999996369069, 'epoch': 0.0}

  0%|          | 54/60627 [00:39<11:59:10,  1.40it/s]
  0%|          | 55/60627 [00:40<12:00:58,  1.40it/s]{'loss': 7.6601, 'grad_norm': 1.8828125, 'learning_rate': 0.0005999999935450116, 'epoch': 0.0}

                                                     

  0%|          | 55/60627 [00:40<12:00:58,  1.40it/s]
  0%|          | 56/60627 [00:41<12:02:15,  1.40it/s]
                                                     
{'loss': 7.6489, 'grad_norm': 1.8515625, 'learning_rate': 0.0005999999899140807, 'epoch': 0.0}

  0%|          | 56/60627 [00:41<12:02:15,  1.40it/s]
  0%|          | 57/60627 [00:41<12:01:52,  1.40it/s]
                                                     
{'loss': 7.9332, 'grad_norm': 1.9921875, 'learning_rate': 0.0005999999854762763, 'epoch': 0.0}

  0%|          | 57/60627 [00:41<12:01:52,  1.40it/s]
  0%|          | 58/60627 [00:42<11:59:11,  1.40it/s]
                                                     
{'loss': 7.521, 'grad_norm': 6.03125, 'learning_rate': 0.0005999999802315983, 'epoch': 0.0}

  0%|          | 58/60627 [00:42<11:59:11,  1.40it/s]
  0%|          | 59/60627 [00:43<11:59:24,  1.40it/s]
                                                     
{'loss': 7.4011, 'grad_norm': 3.375, 'learning_rate': 0.0005999999741800469, 'epoch': 0.0}

  0%|          | 59/60627 [00:43<11:59:24,  1.40it/s]
  0%|          | 60/60627 [00:43<12:01:08,  1.40it/s]
                                                     
{'loss': 7.7671, 'grad_norm': 1.9609375, 'learning_rate': 0.0005999999673216219, 'epoch': 0.0}

  0%|          | 60/60627 [00:43<12:01:08,  1.40it/s]
  0%|          | 61/60627 [00:44<12:01:53,  1.40it/s]
                                                     
{'loss': 7.5881, 'grad_norm': 1.625, 'learning_rate': 0.0005999999596563235, 'epoch': 0.0}

  0%|          | 61/60627 [00:44<12:01:53,  1.40it/s]
  0%|          | 62/60627 [00:45<12:01:29,  1.40it/s]{'loss': 7.4389, 'grad_norm': 3.875, 'learning_rate': 0.0005999999511841518, 'epoch': 0.0}

                                                     

  0%|          | 62/60627 [00:45<12:01:29,  1.40it/s]
  0%|          | 63/60627 [00:46<12:02:10,  1.40it/s]
                                                     
{'loss': 7.5278, 'grad_norm': 1.8984375, 'learning_rate': 0.0005999999419051065, 'epoch': 0.0}

  0%|          | 63/60627 [00:46<12:02:10,  1.40it/s]
  0%|          | 64/60627 [00:46<12:02:40,  1.40it/s]{'loss': 7.7541, 'grad_norm': 1.3671875, 'learning_rate': 0.0005999999318191879, 'epoch': 0.0}

                                                     

  0%|          | 64/60627 [00:46<12:02:40,  1.40it/s]
  0%|          | 65/60627 [00:47<12:02:32,  1.40it/s]
                                                     
{'loss': 7.416, 'grad_norm': 1.265625, 'learning_rate': 0.000599999920926396, 'epoch': 0.0}

  0%|          | 65/60627 [00:47<12:02:32,  1.40it/s]
  0%|          | 66/60627 [00:48<11:58:49,  1.40it/s]
                                                     
{'loss': 7.4176, 'grad_norm': 1.6015625, 'learning_rate': 0.0005999999092267306, 'epoch': 0.0}

  0%|          | 66/60627 [00:48<11:58:49,  1.40it/s]
  0%|          | 67/60627 [00:48<11:58:09,  1.41it/s]
                                                     
{'loss': 7.4068, 'grad_norm': 1.6015625, 'learning_rate': 0.0005999998967201921, 'epoch': 0.0}

  0%|          | 67/60627 [00:48<11:58:09,  1.41it/s]
  0%|          | 68/60627 [00:49<11:58:10,  1.41it/s]
                                                     
{'loss': 7.3764, 'grad_norm': 1.2109375, 'learning_rate': 0.0005999998834067802, 'epoch': 0.0}

  0%|          | 68/60627 [00:49<11:58:10,  1.41it/s]
  0%|          | 69/60627 [00:50<12:00:09,  1.40it/s]
                                                     
{'loss': 7.6622, 'grad_norm': 1.6171875, 'learning_rate': 0.000599999869286495, 'epoch': 0.0}

  0%|          | 69/60627 [00:50<12:00:09,  1.40it/s]
  0%|          | 70/60627 [00:51<11:59:22,  1.40it/s]
                                                     
{'loss': 7.4699, 'grad_norm': 1.484375, 'learning_rate': 0.0005999998543593368, 'epoch': 0.0}

  0%|          | 70/60627 [00:51<11:59:22,  1.40it/s]
  0%|          | 71/60627 [00:51<12:01:27,  1.40it/s]{'loss': 7.373, 'grad_norm': 1.4140625, 'learning_rate': 0.0005999998386253053, 'epoch': 0.0}

                                                     

  0%|          | 71/60627 [00:51<12:01:27,  1.40it/s]
  0%|          | 72/60627 [00:52<12:01:08,  1.40it/s]{'loss': 7.371, 'grad_norm': 2.46875, 'learning_rate': 0.0005999998220844008, 'epoch': 0.0}

                                                     

  0%|          | 72/60627 [00:52<12:01:08,  1.40it/s]
  0%|          | 73/60627 [00:53<12:02:09,  1.40it/s]
                                                     
{'loss': 7.5005, 'grad_norm': 1.4375, 'learning_rate': 0.0005999998047366231, 'epoch': 0.0}

  0%|          | 73/60627 [00:53<12:02:09,  1.40it/s]
  0%|          | 74/60627 [00:53<12:03:04,  1.40it/s]{'loss': 7.3411, 'grad_norm': 1.4765625, 'learning_rate': 0.0005999997865819724, 'epoch': 0.0}

                                                     

  0%|          | 74/60627 [00:53<12:03:04,  1.40it/s]
  0%|          | 75/60627 [00:54<12:02:54,  1.40it/s]{'loss': 7.2261, 'grad_norm': 1.4453125, 'learning_rate': 0.0005999997676204488, 'epoch': 0.0}

                                                     

  0%|          | 75/60627 [00:54<12:02:54,  1.40it/s]
  0%|          | 76/60627 [00:55<12:01:26,  1.40it/s]
                                                     
{'loss': 6.9574, 'grad_norm': 1.375, 'learning_rate': 0.0005999997478520522, 'epoch': 0.0}

  0%|          | 76/60627 [00:55<12:01:26,  1.40it/s]
  0%|          | 77/60627 [00:56<11:58:08,  1.41it/s]{'loss': 7.2658, 'grad_norm': 1.96875, 'learning_rate': 0.0005999997272767829, 'epoch': 0.0}

                                                     

  0%|          | 77/60627 [00:56<11:58:08,  1.41it/s]
  0%|          | 78/60627 [00:56<12:02:44,  1.40it/s]
                                                     
{'loss': 7.2947, 'grad_norm': 1.421875, 'learning_rate': 0.0005999997058946406, 'epoch': 0.0}

  0%|          | 78/60627 [00:56<12:02:44,  1.40it/s]
  0%|          | 79/60627 [00:57<12:01:37,  1.40it/s]{'loss': 7.0677, 'grad_norm': 1.4140625, 'learning_rate': 0.0005999996837056257, 'epoch': 0.0}

                                                     

  0%|          | 79/60627 [00:57<12:01:37,  1.40it/s]
  0%|          | 80/60627 [00:58<12:04:49,  1.39it/s]
                                                     
{'loss': 7.2494, 'grad_norm': 1.3359375, 'learning_rate': 0.0005999996607097379, 'epoch': 0.0}

  0%|          | 80/60627 [00:58<12:04:49,  1.39it/s]
  0%|          | 81/60627 [00:58<12:05:16,  1.39it/s]
                                                     
{'loss': 7.292, 'grad_norm': 1.171875, 'learning_rate': 0.0005999996369069776, 'epoch': 0.0}

  0%|          | 81/60627 [00:58<12:05:16,  1.39it/s]
  0%|          | 82/60627 [00:59<12:06:41,  1.39it/s]
                                                     
{'loss': 7.0933, 'grad_norm': 1.2109375, 'learning_rate': 0.0005999996122973448, 'epoch': 0.0}

  0%|          | 82/60627 [00:59<12:06:41,  1.39it/s]
  0%|          | 83/60627 [01:00<12:04:22,  1.39it/s]
                                                     
{'loss': 7.2318, 'grad_norm': 1.140625, 'learning_rate': 0.0005999995868808393, 'epoch': 0.0}

  0%|          | 83/60627 [01:00<12:04:22,  1.39it/s]
  0%|          | 84/60627 [01:01<12:06:05,  1.39it/s]{'loss': 7.1846, 'grad_norm': 1.3046875, 'learning_rate': 0.0005999995606574616, 'epoch': 0.0}

                                                     

  0%|          | 84/60627 [01:01<12:06:05,  1.39it/s]
  0%|          | 85/60627 [01:01<12:05:32,  1.39it/s]
                                                     
{'loss': 7.0135, 'grad_norm': 1.0546875, 'learning_rate': 0.0005999995336272115, 'epoch': 0.0}

  0%|          | 85/60627 [01:01<12:05:32,  1.39it/s]
  0%|          | 86/60627 [01:02<12:08:06,  1.39it/s]{'loss': 7.1808, 'grad_norm': 1.140625, 'learning_rate': 0.000599999505790089, 'epoch': 0.0}

                                                     

  0%|          | 86/60627 [01:02<12:08:06,  1.39it/s]
  0%|          | 87/60627 [01:03<12:05:41,  1.39it/s]
                                                     
{'loss': 7.0278, 'grad_norm': 1.3828125, 'learning_rate': 0.0005999994771460943, 'epoch': 0.0}

  0%|          | 87/60627 [01:03<12:05:41,  1.39it/s]
  0%|          | 88/60627 [01:03<12:05:34,  1.39it/s]
                                                     
{'loss': 7.0407, 'grad_norm': 1.390625, 'learning_rate': 0.0005999994476952274, 'epoch': 0.0}

  0%|          | 88/60627 [01:03<12:05:34,  1.39it/s]
  0%|          | 89/60627 [01:04<12:06:54,  1.39it/s]
                                                     
{'loss': 6.9851, 'grad_norm': 1.5390625, 'learning_rate': 0.0005999994174374885, 'epoch': 0.0}

  0%|          | 89/60627 [01:04<12:06:54,  1.39it/s]
  0%|          | 90/60627 [01:05<12:05:05,  1.39it/s]
                                                     
{'loss': 6.5905, 'grad_norm': 1.171875, 'learning_rate': 0.0005999993863728776, 'epoch': 0.0}

  0%|          | 90/60627 [01:05<12:05:05,  1.39it/s]
  0%|          | 91/60627 [01:06<12:06:04,  1.39it/s]
                                                     
{'loss': 7.0689, 'grad_norm': 2.0, 'learning_rate': 0.0005999993545013949, 'epoch': 0.0}

  0%|          | 91/60627 [01:06<12:06:04,  1.39it/s]
  0%|          | 92/60627 [01:06<12:06:29,  1.39it/s]
                                                     
{'loss': 6.8044, 'grad_norm': 1.109375, 'learning_rate': 0.0005999993218230403, 'epoch': 0.0}

  0%|          | 92/60627 [01:06<12:06:29,  1.39it/s]
  0%|          | 93/60627 [01:07<12:05:59,  1.39it/s]
                                                     
{'loss': 6.981, 'grad_norm': 1.359375, 'learning_rate': 0.0005999992883378141, 'epoch': 0.0}

  0%|          | 93/60627 [01:07<12:05:59,  1.39it/s]
  0%|          | 94/60627 [01:08<12:06:10,  1.39it/s]
                                                     
{'loss': 6.6456, 'grad_norm': 1.2265625, 'learning_rate': 0.0005999992540457161, 'epoch': 0.0}

  0%|          | 94/60627 [01:08<12:06:10,  1.39it/s]
  0%|          | 95/60627 [01:08<12:04:53,  1.39it/s]
                                                     
{'loss': 6.9111, 'grad_norm': 1.515625, 'learning_rate': 0.0005999992189467466, 'epoch': 0.0}

  0%|          | 95/60627 [01:09<12:04:53,  1.39it/s]
  0%|          | 96/60627 [01:09<12:00:39,  1.40it/s]
                                                     
{'loss': 6.6974, 'grad_norm': 1.375, 'learning_rate': 0.0005999991830409057, 'epoch': 0.0}

  0%|          | 96/60627 [01:09<12:00:39,  1.40it/s]
  0%|          | 97/60627 [01:10<12:00:30,  1.40it/s]
                                                     
{'loss': 6.8322, 'grad_norm': 1.4453125, 'learning_rate': 0.0005999991463281935, 'epoch': 0.0}

  0%|          | 97/60627 [01:10<12:00:30,  1.40it/s]
  0%|          | 98/60627 [01:11<12:00:09,  1.40it/s]
                                                     
{'loss': 6.8732, 'grad_norm': 1.15625, 'learning_rate': 0.00059999910880861, 'epoch': 0.0}

  0%|          | 98/60627 [01:11<12:00:09,  1.40it/s]
  0%|          | 99/60627 [01:11<12:01:41,  1.40it/s]
                                                     
{'loss': 6.8574, 'grad_norm': 1.1328125, 'learning_rate': 0.0005999990704821553, 'epoch': 0.0}

  0%|          | 99/60627 [01:11<12:01:41,  1.40it/s]
  0%|          | 100/60627 [01:12<12:00:18,  1.40it/s]{'loss': 6.3813, 'grad_norm': 1.4296875, 'learning_rate': 0.0005999990313488296, 'epoch': 0.0}

                                                      

  0%|          | 100/60627 [01:12<12:00:18,  1.40it/s]

  0%|          | 0/157 [00:00<?, ?it/s][A

  1%|▏         | 2/157 [00:00<00:20,  7.71it/s][A

  2%|▏         | 3/157 [00:00<00:28,  5.45it/s][A

  3%|▎         | 4/157 [00:00<00:32,  4.72it/s][A

  3%|▎         | 5/157 [00:01<00:34,  4.37it/s][A

  4%|▍         | 6/157 [00:01<00:35,  4.20it/s][A

  4%|▍         | 7/157 [00:01<00:36,  4.10it/s][A

  5%|▌         | 8/157 [00:01<00:36,  4.03it/s][A

  6%|▌         | 9/157 [00:02<00:37,  3.99it/s][A

  6%|▋         | 10/157 [00:02<00:37,  3.95it/s][A

  7%|▋         | 11/157 [00:02<00:37,  3.93it/s][A

  8%|▊         | 12/157 [00:02<00:37,  3.90it/s][A

  8%|▊         | 13/157 [00:03<00:37,  3.88it/s][A

  9%|▉         | 14/157 [00:03<00:36,  3.91it/s][A

 10%|▉         | 15/157 [00:03<00:36,  3.89it/s][A

 10%|█         | 16/157 [00:03<00:36,  3.88it/s][A

 11%|█         | 17/157 [00:04<00:36,  3.87it/s][A

 11%|█▏        | 18/157 [00:04<00:36,  3.86it/s][A

 12%|█▏        | 19/157 [00:04<00:35,  3.86it/s][A

 13%|█▎        | 20/157 [00:04<00:35,  3.89it/s][A

 13%|█▎        | 21/157 [00:05<00:35,  3.87it/s][A

 14%|█▍        | 22/157 [00:05<00:34,  3.87it/s][A

 15%|█▍        | 23/157 [00:05<00:34,  3.87it/s][A

 15%|█▌        | 24/157 [00:05<00:34,  3.87it/s][A

 16%|█▌        | 25/157 [00:06<00:34,  3.86it/s][A

 17%|█▋        | 26/157 [00:06<00:33,  3.87it/s][A

 17%|█▋        | 27/157 [00:06<00:33,  3.86it/s][A

 18%|█▊        | 28/157 [00:06<00:33,  3.86it/s][A

 18%|█▊        | 29/157 [00:07<00:33,  3.86it/s][A

 19%|█▉        | 30/157 [00:07<00:32,  3.87it/s][A

 20%|█▉        | 31/157 [00:07<00:32,  3.87it/s][A

 20%|██        | 32/157 [00:08<00:32,  3.87it/s][A

 21%|██        | 33/157 [00:08<00:32,  3.87it/s][A

 22%|██▏       | 34/157 [00:08<00:31,  3.86it/s][A

 22%|██▏       | 35/157 [00:08<00:31,  3.85it/s][A

 23%|██▎       | 36/157 [00:09<00:31,  3.85it/s][A

 24%|██▎       | 37/157 [00:09<00:31,  3.84it/s][A

 24%|██▍       | 38/157 [00:09<00:30,  3.84it/s][A

 25%|██▍       | 39/157 [00:09<00:30,  3.84it/s][A

 25%|██▌       | 40/157 [00:10<00:30,  3.85it/s][A

 26%|██▌       | 41/157 [00:10<00:30,  3.86it/s][A

 27%|██▋       | 42/157 [00:10<00:29,  3.85it/s][A

 27%|██▋       | 43/157 [00:10<00:29,  3.84it/s][A

 28%|██▊       | 44/157 [00:11<00:29,  3.84it/s][A

 29%|██▊       | 45/157 [00:11<00:28,  3.88it/s][A

 29%|██▉       | 46/157 [00:11<00:28,  3.86it/s][A

 30%|██▉       | 47/157 [00:11<00:28,  3.86it/s][A

 31%|███       | 48/157 [00:12<00:28,  3.89it/s][A

 31%|███       | 49/157 [00:12<00:27,  3.91it/s][A

 32%|███▏      | 50/157 [00:12<00:27,  3.92it/s][A

 32%|███▏      | 51/157 [00:12<00:26,  3.93it/s][A

 33%|███▎      | 52/157 [00:13<00:26,  3.90it/s][A

 34%|███▍      | 53/157 [00:13<00:26,  3.88it/s][A

 34%|███▍      | 54/157 [00:13<00:26,  3.88it/s][A

 35%|███▌      | 55/157 [00:13<00:26,  3.88it/s][A

 36%|███▌      | 56/157 [00:14<00:26,  3.87it/s][A

 36%|███▋      | 57/157 [00:14<00:25,  3.89it/s][A

 37%|███▋      | 58/157 [00:14<00:25,  3.89it/s][A

 38%|███▊      | 59/157 [00:14<00:25,  3.87it/s][A

 38%|███▊      | 60/157 [00:15<00:24,  3.88it/s][A

 39%|███▉      | 61/157 [00:15<00:24,  3.88it/s][A

 39%|███▉      | 62/157 [00:15<00:24,  3.87it/s][A

 40%|████      | 63/157 [00:16<00:24,  3.86it/s][A

 41%|████      | 64/157 [00:16<00:24,  3.86it/s][A

 41%|████▏     | 65/157 [00:16<00:23,  3.86it/s][A

 42%|████▏     | 66/157 [00:16<00:23,  3.86it/s][A

 43%|████▎     | 67/157 [00:17<00:23,  3.86it/s][A

 43%|████▎     | 68/157 [00:17<00:22,  3.89it/s][A

 44%|████▍     | 69/157 [00:17<00:22,  3.88it/s][A

 45%|████▍     | 70/157 [00:17<00:22,  3.87it/s][A

 45%|████▌     | 71/157 [00:18<00:22,  3.86it/s][A

 46%|████▌     | 72/157 [00:18<00:22,  3.85it/s][A

 46%|████▋     | 73/157 [00:18<00:21,  3.87it/s][A

 47%|████▋     | 74/157 [00:18<00:21,  3.90it/s][A

 48%|████▊     | 75/157 [00:19<00:20,  3.92it/s][A

 48%|████▊     | 76/157 [00:19<00:20,  3.91it/s][A

 49%|████▉     | 77/157 [00:19<00:20,  3.93it/s][A

 50%|████▉     | 78/157 [00:19<00:20,  3.94it/s][A

 50%|█████     | 79/157 [00:20<00:19,  3.95it/s][A

 51%|█████     | 80/157 [00:20<00:19,  3.95it/s][A

 52%|█████▏    | 81/157 [00:20<00:19,  3.95it/s][A

 52%|█████▏    | 82/157 [00:20<00:18,  3.95it/s][A

 53%|█████▎    | 83/157 [00:21<00:18,  3.96it/s][A

 54%|█████▎    | 84/157 [00:21<00:18,  3.95it/s][A

 54%|█████▍    | 85/157 [00:21<00:18,  3.91it/s][A

 55%|█████▍    | 86/157 [00:21<00:18,  3.91it/s][A

 55%|█████▌    | 87/157 [00:22<00:17,  3.92it/s][A

 56%|█████▌    | 88/157 [00:22<00:17,  3.91it/s][A

 57%|█████▋    | 89/157 [00:22<00:17,  3.89it/s][A

 57%|█████▋    | 90/157 [00:22<00:17,  3.88it/s][A

 58%|█████▊    | 91/157 [00:23<00:17,  3.87it/s][A

 59%|█████▊    | 92/157 [00:23<00:16,  3.88it/s][A

 59%|█████▉    | 93/157 [00:23<00:16,  3.88it/s][A

 60%|█████▉    | 94/157 [00:23<00:16,  3.88it/s][A

 61%|██████    | 95/157 [00:24<00:15,  3.90it/s][A

 61%|██████    | 96/157 [00:24<00:15,  3.93it/s][A

 62%|██████▏   | 97/157 [00:24<00:15,  3.93it/s][A

 62%|██████▏   | 98/157 [00:24<00:14,  3.94it/s][A

 63%|██████▎   | 99/157 [00:25<00:14,  3.97it/s][A

 64%|██████▎   | 100/157 [00:25<00:14,  3.99it/s][A

 64%|██████▍   | 101/157 [00:25<00:14,  3.99it/s][A

 65%|██████▍   | 102/157 [00:25<00:13,  3.99it/s][A

 66%|██████▌   | 103/157 [00:26<00:13,  4.00it/s][A

 66%|██████▌   | 104/157 [00:26<00:13,  4.01it/s][A

 67%|██████▋   | 105/157 [00:26<00:12,  4.02it/s][A

 68%|██████▊   | 106/157 [00:26<00:12,  3.99it/s][A

 68%|██████▊   | 107/157 [00:27<00:12,  3.98it/s][A

 69%|██████▉   | 108/157 [00:27<00:12,  3.98it/s][A

 69%|██████▉   | 109/157 [00:27<00:12,  3.97it/s][A

 70%|███████   | 110/157 [00:27<00:11,  3.98it/s][A

 71%|███████   | 111/157 [00:28<00:11,  4.01it/s][A

 71%|███████▏  | 112/157 [00:28<00:11,  4.02it/s][A

 72%|███████▏  | 113/157 [00:28<00:10,  4.03it/s][A

 73%|███████▎  | 114/157 [00:28<00:10,  4.05it/s][A

 73%|███████▎  | 115/157 [00:29<00:10,  4.04it/s][A

 74%|███████▍  | 116/157 [00:29<00:10,  4.04it/s][A

 75%|███████▍  | 117/157 [00:29<00:09,  4.04it/s][A

 75%|███████▌  | 118/157 [00:29<00:09,  4.05it/s][A

 76%|███████▌  | 119/157 [00:30<00:09,  4.05it/s][A

 76%|███████▋  | 120/157 [00:30<00:09,  4.06it/s][A

 77%|███████▋  | 121/157 [00:30<00:08,  4.07it/s][A

 78%|███████▊  | 122/157 [00:30<00:08,  4.06it/s][A

 78%|███████▊  | 123/157 [00:31<00:08,  4.07it/s][A

 79%|███████▉  | 124/157 [00:31<00:08,  4.08it/s][A

 80%|███████▉  | 125/157 [00:31<00:07,  4.09it/s][A

 80%|████████  | 126/157 [00:31<00:07,  4.10it/s][A

 81%|████████  | 127/157 [00:32<00:07,  4.10it/s][A

 82%|████████▏ | 128/157 [00:32<00:07,  4.08it/s][A

 82%|████████▏ | 129/157 [00:32<00:06,  4.04it/s][A

 83%|████████▎ | 130/157 [00:32<00:06,  4.01it/s][A

 83%|████████▎ | 131/157 [00:33<00:06,  3.95it/s][A

 84%|████████▍ | 132/157 [00:33<00:06,  3.91it/s][A

 85%|████████▍ | 133/157 [00:33<00:06,  3.88it/s][A

 85%|████████▌ | 134/157 [00:33<00:05,  3.87it/s][A

 86%|████████▌ | 135/157 [00:34<00:05,  3.86it/s][A

 87%|████████▋ | 136/157 [00:34<00:05,  3.86it/s][A

 87%|████████▋ | 137/157 [00:34<00:05,  3.86it/s][A

 88%|████████▊ | 138/157 [00:34<00:04,  3.89it/s][A

 89%|████████▊ | 139/157 [00:35<00:04,  3.89it/s][A

 89%|████████▉ | 140/157 [00:35<00:04,  3.88it/s][A

 90%|████████▉ | 141/157 [00:35<00:04,  3.87it/s][A

 90%|█████████ | 142/157 [00:36<00:03,  3.87it/s][A

 91%|█████████ | 143/157 [00:36<00:03,  3.87it/s][A

 92%|█████████▏| 144/157 [00:36<00:03,  3.89it/s][A

 92%|█████████▏| 145/157 [00:36<00:03,  3.88it/s][A

 93%|█████████▎| 146/157 [00:37<00:02,  3.88it/s][A

 94%|█████████▎| 147/157 [00:37<00:02,  3.88it/s][A

 94%|█████████▍| 148/157 [00:37<00:02,  3.87it/s][A

 95%|█████████▍| 149/157 [00:37<00:02,  3.86it/s][A

 96%|█████████▌| 150/157 [00:38<00:01,  3.86it/s][A

 96%|█████████▌| 151/157 [00:38<00:01,  3.86it/s][A

 97%|█████████▋| 152/157 [00:38<00:01,  3.87it/s][A

 97%|█████████▋| 153/157 [00:38<00:01,  3.87it/s][A

 98%|█████████▊| 154/157 [00:39<00:00,  3.87it/s][A

 99%|█████████▊| 155/157 [00:39<00:00,  3.86it/s][A

 99%|█████████▉| 156/157 [00:39<00:00,  3.85it/s][A

100%|██████████| 157/157 [00:39<00:00,  4.15it/s][A
                                                      

                                                 
[A{'eval_loss': 7.169785976409912, 'eval_runtime': 40.1879, 'eval_samples_per_second': 124.415, 'eval_steps_per_second': 3.907, 'epoch': 0.0}

  0%|          | 100/60627 [01:52<12:00:18,  1.40it/s]

100%|██████████| 157/157 [00:39<00:00,  4.15it/s][A

                                                 [A
  0%|          | 101/60627 [01:55<225:51:07, 13.43s/it]{'loss': 7.1011, 'grad_norm': 1.3671875, 'learning_rate': 0.000599998991408633, 'epoch': 0.0}

                                                       

  0%|          | 101/60627 [01:55<225:51:07, 13.43s/it]
  0%|          | 102/60627 [01:56<161:44:25,  9.62s/it]
                                                       
{'loss': 6.7581, 'grad_norm': 1.0390625, 'learning_rate': 0.0005999989506615656, 'epoch': 0.0}

  0%|          | 102/60627 [01:56<161:44:25,  9.62s/it]
  0%|          | 103/60627 [01:57<116:48:31,  6.95s/it]
                                                       
{'loss': 6.7578, 'grad_norm': 1.640625, 'learning_rate': 0.0005999989091076274, 'epoch': 0.0}

  0%|          | 103/60627 [01:57<116:48:31,  6.95s/it]
  0%|          | 104/60627 [01:57<85:24:39,  5.08s/it] {'loss': 6.7787, 'grad_norm': 1.0625, 'learning_rate': 0.0005999988667468185, 'epoch': 0.0}

                                                      

  0%|          | 104/60627 [01:57<85:24:39,  5.08s/it]
  0%|          | 105/60627 [01:58<63:25:21,  3.77s/it]
                                                      
{'loss': 6.5409, 'grad_norm': 1.5078125, 'learning_rate': 0.0005999988235791393, 'epoch': 0.0}

  0%|          | 105/60627 [01:58<63:25:21,  3.77s/it]
  0%|          | 106/60627 [01:59<48:00:15,  2.86s/it]
                                                      
{'loss': 6.7942, 'grad_norm': 1.484375, 'learning_rate': 0.0005999987796045896, 'epoch': 0.0}

  0%|          | 106/60627 [01:59<48:00:15,  2.86s/it]
  0%|          | 107/60627 [01:59<37:15:12,  2.22s/it]
                                                      
{'loss': 6.871, 'grad_norm': 0.875, 'learning_rate': 0.0005999987348231696, 'epoch': 0.0}

  0%|          | 107/60627 [01:59<37:15:12,  2.22s/it]
  0%|          | 108/60627 [02:00<29:42:17,  1.77s/it]
                                                      
{'loss': 6.7975, 'grad_norm': 1.7578125, 'learning_rate': 0.0005999986892348795, 'epoch': 0.0}

  0%|          | 108/60627 [02:00<29:42:17,  1.77s/it]
  0%|          | 109/60627 [02:01<24:23:18,  1.45s/it]
                                                      
{'loss': 6.5529, 'grad_norm': 1.15625, 'learning_rate': 0.0005999986428397194, 'epoch': 0.0}

  0%|          | 109/60627 [02:01<24:23:18,  1.45s/it]
  0%|          | 110/60627 [02:02<20:40:16,  1.23s/it]
                                                      
{'loss': 6.7254, 'grad_norm': 1.1328125, 'learning_rate': 0.0005999985956376894, 'epoch': 0.0}

  0%|          | 110/60627 [02:02<20:40:16,  1.23s/it]
  0%|          | 111/60627 [02:02<18:03:52,  1.07s/it]{'loss': 6.7027, 'grad_norm': 1.1875, 'learning_rate': 0.0005999985476287896, 'epoch': 0.0}

                                                      

  0%|          | 111/60627 [02:02<18:03:52,  1.07s/it]
  0%|          | 112/60627 [02:03<16:16:39,  1.03it/s]
                                                      
{'loss': 6.6185, 'grad_norm': 1.140625, 'learning_rate': 0.0005999984988130202, 'epoch': 0.0}

  0%|          | 112/60627 [02:03<16:16:39,  1.03it/s]
  0%|          | 113/60627 [02:04<14:59:42,  1.12it/s]
                                                      
{'loss': 6.2538, 'grad_norm': 0.98828125, 'learning_rate': 0.0005999984491903813, 'epoch': 0.0}

  0%|          | 113/60627 [02:04<14:59:42,  1.12it/s]
  0%|          | 114/60627 [02:04<14:04:58,  1.19it/s]
                                                      
{'loss': 6.5136, 'grad_norm': 0.9140625, 'learning_rate': 0.000599998398760873, 'epoch': 0.0}

  0%|          | 114/60627 [02:05<14:04:58,  1.19it/s]
  0%|          | 115/60627 [02:05<13:27:43,  1.25it/s]
                                                      
{'loss': 6.3924, 'grad_norm': 1.0390625, 'learning_rate': 0.0005999983475244954, 'epoch': 0.0}

  0%|          | 115/60627 [02:05<13:27:43,  1.25it/s]
  0%|          | 116/60627 [02:06<13:03:45,  1.29it/s]
                                                      
{'loss': 6.4799, 'grad_norm': 0.87890625, 'learning_rate': 0.0005999982954812488, 'epoch': 0.0}

  0%|          | 116/60627 [02:06<13:03:45,  1.29it/s]
  0%|          | 117/60627 [02:07<12:46:15,  1.32it/s]
                                                      
{'loss': 6.5855, 'grad_norm': 1.0234375, 'learning_rate': 0.0005999982426311332, 'epoch': 0.0}

  0%|          | 117/60627 [02:07<12:46:15,  1.32it/s]
  0%|          | 118/60627 [02:07<12:31:50,  1.34it/s]
                                                      
{'loss': 6.6681, 'grad_norm': 0.8359375, 'learning_rate': 0.0005999981889741487, 'epoch': 0.0}

  0%|          | 118/60627 [02:07<12:31:50,  1.34it/s]
  0%|          | 119/60627 [02:08<12:25:16,  1.35it/s]
                                                      
{'loss': 6.8645, 'grad_norm': 1.0078125, 'learning_rate': 0.0005999981345102957, 'epoch': 0.0}

  0%|          | 119/60627 [02:08<12:25:16,  1.35it/s]
  0%|          | 120/60627 [02:09<12:21:54,  1.36it/s]{'loss': 6.7207, 'grad_norm': 0.90234375, 'learning_rate': 0.0005999980792395741, 'epoch': 0.0}

                                                      

  0%|          | 120/60627 [02:09<12:21:54,  1.36it/s]
  0%|          | 121/60627 [02:10<12:14:17,  1.37it/s]{'loss': 6.4698, 'grad_norm': 0.90625, 'learning_rate': 0.0005999980231619842, 'epoch': 0.0}

                                                      

  0%|          | 121/60627 [02:10<12:14:17,  1.37it/s]
  0%|          | 122/60627 [02:10<12:12:46,  1.38it/s]
                                                      
{'loss': 6.5146, 'grad_norm': 1.140625, 'learning_rate': 0.0005999979662775259, 'epoch': 0.0}

  0%|          | 122/60627 [02:10<12:12:46,  1.38it/s]
  0%|          | 123/60627 [02:11<12:09:38,  1.38it/s]{'loss': 6.2442, 'grad_norm': 1.0, 'learning_rate': 0.0005999979085861996, 'epoch': 0.0}

                                                      

  0%|          | 123/60627 [02:11<12:09:38,  1.38it/s]
  0%|          | 124/60627 [02:12<12:10:11,  1.38it/s]
                                                      
{'loss': 6.6724, 'grad_norm': 1.09375, 'learning_rate': 0.0005999978500880054, 'epoch': 0.0}

  0%|          | 124/60627 [02:12<12:10:11,  1.38it/s]
  0%|          | 125/60627 [02:12<12:08:20,  1.38it/s]{'loss': 6.285, 'grad_norm': 0.984375, 'learning_rate': 0.0005999977907829434, 'epoch': 0.0}

                                                      

  0%|          | 125/60627 [02:12<12:08:20,  1.38it/s]
  0%|          | 126/60627 [02:13<12:09:50,  1.38it/s]
                                                      
{'loss': 6.4491, 'grad_norm': 0.921875, 'learning_rate': 0.0005999977306710137, 'epoch': 0.0}

  0%|          | 126/60627 [02:13<12:09:50,  1.38it/s]
  0%|          | 127/60627 [02:14<12:08:05,  1.38it/s]
                                                      
{'loss': 6.4135, 'grad_norm': 1.0078125, 'learning_rate': 0.0005999976697522167, 'epoch': 0.0}

  0%|          | 127/60627 [02:14<12:08:05,  1.38it/s]
  0%|          | 128/60627 [02:15<12:09:03,  1.38it/s]
                                                      
{'loss': 6.3294, 'grad_norm': 1.0234375, 'learning_rate': 0.0005999976080265524, 'epoch': 0.0}

  0%|          | 128/60627 [02:15<12:09:03,  1.38it/s]
  0%|          | 129/60627 [02:15<12:09:10,  1.38it/s]
                                                      
{'loss': 6.5883, 'grad_norm': 1.1796875, 'learning_rate': 0.0005999975454940211, 'epoch': 0.0}

  0%|          | 129/60627 [02:15<12:09:10,  1.38it/s]
  0%|          | 130/60627 [02:16<12:07:17,  1.39it/s]
                                                      
{'loss': 6.4216, 'grad_norm': 1.0234375, 'learning_rate': 0.0005999974821546227, 'epoch': 0.0}

  0%|          | 130/60627 [02:16<12:07:17,  1.39it/s]
  0%|          | 131/60627 [02:17<12:06:22,  1.39it/s]{'loss': 6.5594, 'grad_norm': 1.1328125, 'learning_rate': 0.0005999974180083575, 'epoch': 0.0}

                                                      

  0%|          | 131/60627 [02:17<12:06:22,  1.39it/s]
  0%|          | 132/60627 [02:17<12:04:08,  1.39it/s]
                                                      
{'loss': 6.0199, 'grad_norm': 0.9765625, 'learning_rate': 0.0005999973530552258, 'epoch': 0.0}

  0%|          | 132/60627 [02:17<12:04:08,  1.39it/s]
  0%|          | 133/60627 [02:18<12:06:43,  1.39it/s]{'loss': 6.2076, 'grad_norm': 1.0234375, 'learning_rate': 0.0005999972872952277, 'epoch': 0.0}

                                                      

  0%|          | 133/60627 [02:18<12:06:43,  1.39it/s]
  0%|          | 134/60627 [02:19<12:04:06,  1.39it/s]
                                                      
{'loss': 6.2253, 'grad_norm': 1.0234375, 'learning_rate': 0.0005999972207283632, 'epoch': 0.0}

  0%|          | 134/60627 [02:19<12:04:06,  1.39it/s]
  0%|          | 135/60627 [02:20<12:07:11,  1.39it/s]
                                                      
{'loss': 6.3345, 'grad_norm': 0.9609375, 'learning_rate': 0.0005999971533546327, 'epoch': 0.0}

  0%|          | 135/60627 [02:20<12:07:11,  1.39it/s]
  0%|          | 136/60627 [02:20<12:09:18,  1.38it/s]
                                                      
{'loss': 6.4963, 'grad_norm': 1.015625, 'learning_rate': 0.0005999970851740362, 'epoch': 0.0}

  0%|          | 136/60627 [02:20<12:09:18,  1.38it/s]
  0%|          | 137/60627 [02:21<12:08:44,  1.38it/s]
                                                      
{'loss': 6.1541, 'grad_norm': 0.9375, 'learning_rate': 0.0005999970161865742, 'epoch': 0.0}

  0%|          | 137/60627 [02:21<12:08:44,  1.38it/s]
  0%|          | 138/60627 [02:22<12:07:47,  1.39it/s]
                                                      
{'loss': 6.1091, 'grad_norm': 0.93359375, 'learning_rate': 0.0005999969463922466, 'epoch': 0.0}

  0%|          | 138/60627 [02:22<12:07:47,  1.39it/s]
  0%|          | 139/60627 [02:23<12:06:18,  1.39it/s]
                                                      
{'loss': 6.0768, 'grad_norm': 0.9921875, 'learning_rate': 0.0005999968757910537, 'epoch': 0.0}

  0%|          | 139/60627 [02:23<12:06:18,  1.39it/s]
  0%|          | 140/60627 [02:23<12:03:38,  1.39it/s]
                                                      
{'loss': 6.3223, 'grad_norm': 0.87109375, 'learning_rate': 0.0005999968043829956, 'epoch': 0.0}

  0%|          | 140/60627 [02:23<12:03:38,  1.39it/s]
  0%|          | 141/60627 [02:24<12:05:15,  1.39it/s]
                                                      
{'loss': 6.3418, 'grad_norm': 0.82421875, 'learning_rate': 0.0005999967321680726, 'epoch': 0.0}

  0%|          | 141/60627 [02:24<12:05:15,  1.39it/s]
  0%|          | 142/60627 [02:25<12:04:43,  1.39it/s]{'loss': 6.1484, 'grad_norm': 1.0546875, 'learning_rate': 0.0005999966591462849, 'epoch': 0.0}

                                                      

  0%|          | 142/60627 [02:25<12:04:43,  1.39it/s]
  0%|          | 143/60627 [02:25<12:06:13,  1.39it/s]
                                                      
{'loss': 6.246, 'grad_norm': 0.92578125, 'learning_rate': 0.0005999965853176325, 'epoch': 0.0}

  0%|          | 143/60627 [02:25<12:06:13,  1.39it/s]
  0%|          | 144/60627 [02:26<12:07:02,  1.39it/s]{'loss': 6.1351, 'grad_norm': 1.1484375, 'learning_rate': 0.0005999965106821158, 'epoch': 0.0}

                                                      

  0%|          | 144/60627 [02:26<12:07:02,  1.39it/s]
  0%|          | 145/60627 [02:27<12:10:11,  1.38it/s]{'loss': 6.512, 'grad_norm': 0.83203125, 'learning_rate': 0.0005999964352397349, 'epoch': 0.0}

                                                      

  0%|          | 145/60627 [02:27<12:10:11,  1.38it/s]
  0%|          | 146/60627 [02:28<12:09:59,  1.38it/s]{'loss': 6.1437, 'grad_norm': 0.82421875, 'learning_rate': 0.0005999963589904901, 'epoch': 0.0}

                                                      

  0%|          | 146/60627 [02:28<12:09:59,  1.38it/s]
  0%|          | 147/60627 [02:28<12:08:19,  1.38it/s]
                                                      
{'loss': 6.1296, 'grad_norm': 1.15625, 'learning_rate': 0.0005999962819343815, 'epoch': 0.0}

  0%|          | 147/60627 [02:28<12:08:19,  1.38it/s]
  0%|          | 148/60627 [02:29<12:06:52,  1.39it/s]
                                                      
{'loss': 5.9006, 'grad_norm': 0.91796875, 'learning_rate': 0.0005999962040714094, 'epoch': 0.0}

  0%|          | 148/60627 [02:29<12:06:52,  1.39it/s]
  0%|          | 149/60627 [02:30<12:06:33,  1.39it/s]
                                                      
{'loss': 6.1582, 'grad_norm': 0.9296875, 'learning_rate': 0.000599996125401574, 'epoch': 0.0}

  0%|          | 149/60627 [02:30<12:06:33,  1.39it/s]
  0%|          | 150/60627 [02:30<12:06:45,  1.39it/s]
                                                      
{'loss': 6.1963, 'grad_norm': 0.8671875, 'learning_rate': 0.0005999960459248753, 'epoch': 0.0}

  0%|          | 150/60627 [02:30<12:06:45,  1.39it/s]
  0%|          | 151/60627 [02:31<12:03:55,  1.39it/s]{'loss': 5.9528, 'grad_norm': 0.95703125, 'learning_rate': 0.0005999959656413138, 'epoch': 0.0}

                                                      

  0%|          | 151/60627 [02:31<12:03:55,  1.39it/s]
  0%|          | 152/60627 [02:32<12:07:31,  1.39it/s]
                                                      
{'loss': 6.2335, 'grad_norm': 0.90625, 'learning_rate': 0.0005999958845508897, 'epoch': 0.0}

  0%|          | 152/60627 [02:32<12:07:31,  1.39it/s]
  0%|          | 153/60627 [02:33<12:09:00,  1.38it/s]
                                                      
{'loss': 6.1684, 'grad_norm': 0.8828125, 'learning_rate': 0.0005999958026536031, 'epoch': 0.0}

  0%|          | 153/60627 [02:33<12:09:00,  1.38it/s]
  0%|          | 154/60627 [02:33<12:11:40,  1.38it/s]{'loss': 6.0227, 'grad_norm': 0.76171875, 'learning_rate': 0.0005999957199494541, 'epoch': 0.0}

                                                      

  0%|          | 154/60627 [02:33<12:11:40,  1.38it/s]
  0%|          | 155/60627 [02:34<12:09:10,  1.38it/s]
                                                      
{'loss': 6.0964, 'grad_norm': 1.1328125, 'learning_rate': 0.0005999956364384432, 'epoch': 0.0}

  0%|          | 155/60627 [02:34<12:09:10,  1.38it/s]
  0%|          | 156/60627 [02:35<12:05:40,  1.39it/s]
                                                      
{'loss': 6.1952, 'grad_norm': 0.9609375, 'learning_rate': 0.0005999955521205704, 'epoch': 0.0}

  0%|          | 156/60627 [02:35<12:05:40,  1.39it/s]
  0%|          | 157/60627 [02:35<12:06:30,  1.39it/s]
                                                      
{'loss': 5.9728, 'grad_norm': 0.94140625, 'learning_rate': 0.0005999954669958361, 'epoch': 0.0}

  0%|          | 157/60627 [02:35<12:06:30,  1.39it/s]
  0%|          | 158/60627 [02:36<12:06:46,  1.39it/s]
                                                      
{'loss': 6.138, 'grad_norm': 0.80859375, 'learning_rate': 0.0005999953810642404, 'epoch': 0.0}

  0%|          | 158/60627 [02:36<12:06:46,  1.39it/s]
  0%|          | 159/60627 [02:37<12:06:49,  1.39it/s]
                                                      
{'loss': 5.9471, 'grad_norm': 1.1484375, 'learning_rate': 0.0005999952943257836, 'epoch': 0.0}

  0%|          | 159/60627 [02:37<12:06:49,  1.39it/s]
  0%|          | 160/60627 [02:38<12:08:06,  1.38it/s]
                                                      
{'loss': 5.988, 'grad_norm': 0.82421875, 'learning_rate': 0.0005999952067804658, 'epoch': 0.0}

  0%|          | 160/60627 [02:38<12:08:06,  1.38it/s]
  0%|          | 161/60627 [02:38<12:04:01,  1.39it/s]
                                                      
{'loss': 5.9853, 'grad_norm': 1.046875, 'learning_rate': 0.0005999951184282874, 'epoch': 0.0}

  0%|          | 161/60627 [02:38<12:04:01,  1.39it/s]
  0%|          | 162/60627 [02:39<12:02:04,  1.40it/s]
                                                      
{'loss': 5.8916, 'grad_norm': 1.0, 'learning_rate': 0.0005999950292692487, 'epoch': 0.0}

  0%|          | 162/60627 [02:39<12:02:04,  1.40it/s]
  0%|          | 163/60627 [02:40<12:01:56,  1.40it/s]{'loss': 6.2757, 'grad_norm': 0.765625, 'learning_rate': 0.0005999949393033497, 'epoch': 0.0}

                                                      

  0%|          | 163/60627 [02:40<12:01:56,  1.40it/s]
  0%|          | 164/60627 [02:41<12:02:16,  1.40it/s]
                                                      
{'loss': 5.8358, 'grad_norm': 0.81640625, 'learning_rate': 0.0005999948485305908, 'epoch': 0.0}

  0%|          | 164/60627 [02:41<12:02:16,  1.40it/s]
  0%|          | 165/60627 [02:41<12:05:24,  1.39it/s]{'loss': 6.2174, 'grad_norm': 0.7578125, 'learning_rate': 0.0005999947569509722, 'epoch': 0.0}

                                                      

  0%|          | 165/60627 [02:41<12:05:24,  1.39it/s]
  0%|          | 166/60627 [02:42<12:08:00,  1.38it/s]
                                                      
{'loss': 6.2064, 'grad_norm': 0.8359375, 'learning_rate': 0.0005999946645644941, 'epoch': 0.0}

  0%|          | 166/60627 [02:42<12:08:00,  1.38it/s]
  0%|          | 167/60627 [02:43<12:06:42,  1.39it/s]{'loss': 6.2477, 'grad_norm': 0.8046875, 'learning_rate': 0.000599994571371157, 'epoch': 0.0}

                                                      

  0%|          | 167/60627 [02:43<12:06:42,  1.39it/s]
  0%|          | 168/60627 [02:43<12:08:22,  1.38it/s]
                                                      
{'loss': 6.0936, 'grad_norm': 0.9453125, 'learning_rate': 0.0005999944773709608, 'epoch': 0.0}

  0%|          | 168/60627 [02:43<12:08:22,  1.38it/s]
  0%|          | 169/60627 [02:44<12:08:07,  1.38it/s]
                                                      
{'loss': 6.0929, 'grad_norm': 0.75, 'learning_rate': 0.000599994382563906, 'epoch': 0.0}

  0%|          | 169/60627 [02:44<12:08:07,  1.38it/s]
  0%|          | 170/60627 [02:45<12:08:38,  1.38it/s]
                                                      
{'loss': 5.6638, 'grad_norm': 0.73046875, 'learning_rate': 0.0005999942869499926, 'epoch': 0.0}

  0%|          | 170/60627 [02:45<12:08:38,  1.38it/s]
  0%|          | 171/60627 [02:46<12:09:06,  1.38it/s]
                                                      
{'loss': 6.2169, 'grad_norm': 0.70703125, 'learning_rate': 0.0005999941905292212, 'epoch': 0.0}

  0%|          | 171/60627 [02:46<12:09:06,  1.38it/s]
  0%|          | 172/60627 [02:46<12:11:51,  1.38it/s]
                                                      
{'loss': 6.1938, 'grad_norm': 0.7890625, 'learning_rate': 0.0005999940933015918, 'epoch': 0.0}

  0%|          | 172/60627 [02:46<12:11:51,  1.38it/s]
  0%|          | 173/60627 [02:47<12:14:20,  1.37it/s]
                                                      
{'loss': 5.9288, 'grad_norm': 0.75, 'learning_rate': 0.0005999939952671048, 'epoch': 0.0}

  0%|          | 173/60627 [02:47<12:14:20,  1.37it/s]
  0%|          | 174/60627 [02:48<12:12:40,  1.38it/s]
                                                      
{'loss': 6.154, 'grad_norm': 0.859375, 'learning_rate': 0.0005999938964257603, 'epoch': 0.0}

  0%|          | 174/60627 [02:48<12:12:40,  1.38it/s]
  0%|          | 175/60627 [02:48<12:12:22,  1.38it/s]
                                                      
{'loss': 5.9913, 'grad_norm': 0.87109375, 'learning_rate': 0.0005999937967775587, 'epoch': 0.0}

  0%|          | 175/60627 [02:49<12:12:22,  1.38it/s]
  0%|          | 176/60627 [02:49<12:11:32,  1.38it/s]
                                                      
{'loss': 5.9326, 'grad_norm': 0.9296875, 'learning_rate': 0.0005999936963225003, 'epoch': 0.0}

  0%|          | 176/60627 [02:49<12:11:32,  1.38it/s]
  0%|          | 177/60627 [02:50<12:10:59,  1.38it/s]
                                                      
{'loss': 6.4546, 'grad_norm': 0.796875, 'learning_rate': 0.0005999935950605853, 'epoch': 0.0}

  0%|          | 177/60627 [02:50<12:10:59,  1.38it/s]
  0%|          | 178/60627 [02:51<12:10:43,  1.38it/s]{'loss': 5.447, 'grad_norm': 1.0078125, 'learning_rate': 0.0005999934929918139, 'epoch': 0.0}

                                                      

  0%|          | 178/60627 [02:51<12:10:43,  1.38it/s]
  0%|          | 179/60627 [02:51<12:10:01,  1.38it/s]
                                                      
{'loss': 5.7796, 'grad_norm': 0.78125, 'learning_rate': 0.0005999933901161865, 'epoch': 0.0}

  0%|          | 179/60627 [02:51<12:10:01,  1.38it/s]
  0%|          | 180/60627 [02:52<12:13:24,  1.37it/s]
                                                      
{'loss': 6.0062, 'grad_norm': 1.0078125, 'learning_rate': 0.0005999932864337033, 'epoch': 0.0}

  0%|          | 180/60627 [02:52<12:13:24,  1.37it/s]
  0%|          | 181/60627 [02:53<12:08:30,  1.38it/s]{'loss': 5.7229, 'grad_norm': 1.0078125, 'learning_rate': 0.0005999931819443647, 'epoch': 0.0}

                                                      

  0%|          | 181/60627 [02:53<12:08:30,  1.38it/s]
  0%|          | 182/60627 [02:54<12:09:54,  1.38it/s]{'loss': 6.3691, 'grad_norm': 0.8828125, 'learning_rate': 0.0005999930766481708, 'epoch': 0.0}

                                                      

  0%|          | 182/60627 [02:54<12:09:54,  1.38it/s]
  0%|          | 183/60627 [02:54<12:09:23,  1.38it/s]
                                                      
{'loss': 5.8978, 'grad_norm': 0.82421875, 'learning_rate': 0.0005999929705451221, 'epoch': 0.0}

  0%|          | 183/60627 [02:54<12:09:23,  1.38it/s]
  0%|          | 184/60627 [02:55<12:09:27,  1.38it/s]
                                                      
{'loss': 5.8573, 'grad_norm': 0.8359375, 'learning_rate': 0.0005999928636352186, 'epoch': 0.0}

  0%|          | 184/60627 [02:55<12:09:27,  1.38it/s]
  0%|          | 185/60627 [02:56<12:07:33,  1.38it/s]
                                                      
{'loss': 5.7583, 'grad_norm': 0.78515625, 'learning_rate': 0.0005999927559184608, 'epoch': 0.0}

  0%|          | 185/60627 [02:56<12:07:33,  1.38it/s]
  0%|          | 186/60627 [02:56<12:07:41,  1.38it/s]
                                                      
{'loss': 5.8386, 'grad_norm': 0.91796875, 'learning_rate': 0.0005999926473948489, 'epoch': 0.0}

  0%|          | 186/60627 [02:56<12:07:41,  1.38it/s]
  0%|          | 187/60627 [02:57<12:06:01,  1.39it/s]
                                                      
{'loss': 5.8315, 'grad_norm': 0.8515625, 'learning_rate': 0.0005999925380643833, 'epoch': 0.0}

  0%|          | 187/60627 [02:57<12:06:01,  1.39it/s]
  0%|          | 188/60627 [02:58<12:11:08,  1.38it/s]{'loss': 6.0899, 'grad_norm': 0.82421875, 'learning_rate': 0.0005999924279270643, 'epoch': 0.0}

                                                      

  0%|          | 188/60627 [02:58<12:11:08,  1.38it/s]
  0%|          | 189/60627 [02:59<12:10:28,  1.38it/s]
                                                      
{'loss': 5.8543, 'grad_norm': 0.84375, 'learning_rate': 0.000599992316982892, 'epoch': 0.0}

  0%|          | 189/60627 [02:59<12:10:28,  1.38it/s]
  0%|          | 190/60627 [02:59<12:08:58,  1.38it/s]{'loss': 6.0362, 'grad_norm': 1.3125, 'learning_rate': 0.0005999922052318669, 'epoch': 0.0}

                                                      

  0%|          | 190/60627 [02:59<12:08:58,  1.38it/s]
  0%|          | 191/60627 [03:00<12:13:02,  1.37it/s]
                                                      
{'loss': 5.8342, 'grad_norm': 0.9765625, 'learning_rate': 0.0005999920926739892, 'epoch': 0.0}

  0%|          | 191/60627 [03:00<12:13:02,  1.37it/s]
  0%|          | 192/60627 [03:01<12:10:18,  1.38it/s]
                                                      
{'loss': 5.7875, 'grad_norm': 0.71875, 'learning_rate': 0.0005999919793092591, 'epoch': 0.0}

  0%|          | 192/60627 [03:01<12:10:18,  1.38it/s]
  0%|          | 193/60627 [03:02<12:06:17,  1.39it/s]
                                                      
{'loss': 5.539, 'grad_norm': 0.95703125, 'learning_rate': 0.0005999918651376772, 'epoch': 0.0}

  0%|          | 193/60627 [03:02<12:06:17,  1.39it/s]
  0%|          | 194/60627 [03:02<12:04:29,  1.39it/s]
                                                      
{'loss': 5.2047, 'grad_norm': 0.7734375, 'learning_rate': 0.0005999917501592436, 'epoch': 0.0}

  0%|          | 194/60627 [03:02<12:04:29,  1.39it/s]
  0%|          | 195/60627 [03:03<12:06:23,  1.39it/s]
                                                      
{'loss': 5.532, 'grad_norm': 0.90234375, 'learning_rate': 0.0005999916343739586, 'epoch': 0.0}

  0%|          | 195/60627 [03:03<12:06:23,  1.39it/s]
  0%|          | 196/60627 [03:04<12:06:34,  1.39it/s]
                                                      
{'loss': 5.8754, 'grad_norm': 0.8515625, 'learning_rate': 0.0005999915177818225, 'epoch': 0.0}

  0%|          | 196/60627 [03:04<12:06:34,  1.39it/s]
  0%|          | 197/60627 [03:04<12:09:28,  1.38it/s]{'loss': 6.0204, 'grad_norm': 0.71875, 'learning_rate': 0.0005999914003828357, 'epoch': 0.0}

                                                      

  0%|          | 197/60627 [03:04<12:09:28,  1.38it/s]
  0%|          | 198/60627 [03:05<12:09:06,  1.38it/s]
                                                      
{'loss': 5.7034, 'grad_norm': 1.046875, 'learning_rate': 0.0005999912821769985, 'epoch': 0.0}

  0%|          | 198/60627 [03:05<12:09:06,  1.38it/s]
  0%|          | 199/60627 [03:06<12:07:39,  1.38it/s]
                                                      
{'loss': 5.7799, 'grad_norm': 0.8671875, 'learning_rate': 0.0005999911631643112, 'epoch': 0.0}

  0%|          | 199/60627 [03:06<12:07:39,  1.38it/s]
  0%|          | 200/60627 [03:07<12:08:57,  1.38it/s]{'loss': 5.7347, 'grad_norm': 0.796875, 'learning_rate': 0.0005999910433447742, 'epoch': 0.0}

                                                      

  0%|          | 200/60627 [03:07<12:08:57,  1.38it/s]

  0%|          | 0/157 [00:00<?, ?it/s][A

  1%|▏         | 2/157 [00:00<00:20,  7.64it/s][A

  2%|▏         | 3/157 [00:00<00:28,  5.40it/s][A

  3%|▎         | 4/157 [00:00<00:32,  4.68it/s][A

  3%|▎         | 5/157 [00:01<00:35,  4.34it/s][A

  4%|▍         | 6/157 [00:01<00:36,  4.16it/s][A

  4%|▍         | 7/157 [00:01<00:36,  4.07it/s][A

  5%|▌         | 8/157 [00:01<00:37,  4.00it/s][A

  6%|▌         | 9/157 [00:02<00:37,  3.96it/s][A

  6%|▋         | 10/157 [00:02<00:37,  3.92it/s][A

  7%|▋         | 11/157 [00:02<00:37,  3.89it/s][A

  8%|▊         | 12/157 [00:02<00:37,  3.87it/s][A

  8%|▊         | 13/157 [00:03<00:37,  3.86it/s][A

  9%|▉         | 14/157 [00:03<00:36,  3.88it/s][A

 10%|▉         | 15/157 [00:03<00:36,  3.86it/s][A

 10%|█         | 16/157 [00:03<00:36,  3.85it/s][A

 11%|█         | 17/157 [00:04<00:36,  3.85it/s][A

 11%|█▏        | 18/157 [00:04<00:36,  3.83it/s][A

 12%|█▏        | 19/157 [00:04<00:35,  3.83it/s][A

 13%|█▎        | 20/157 [00:04<00:35,  3.87it/s][A

 13%|█▎        | 21/157 [00:05<00:35,  3.85it/s][A

 14%|█▍        | 22/157 [00:05<00:35,  3.85it/s][A

 15%|█▍        | 23/157 [00:05<00:34,  3.85it/s][A

 15%|█▌        | 24/157 [00:05<00:34,  3.85it/s][A

 16%|█▌        | 25/157 [00:06<00:34,  3.85it/s][A

 17%|█▋        | 26/157 [00:06<00:34,  3.85it/s][A

 17%|█▋        | 27/157 [00:06<00:33,  3.84it/s][A

 18%|█▊        | 28/157 [00:07<00:33,  3.83it/s][A

 18%|█▊        | 29/157 [00:07<00:33,  3.84it/s][A

 19%|█▉        | 30/157 [00:07<00:33,  3.84it/s][A

 20%|█▉        | 31/157 [00:07<00:32,  3.84it/s][A

 20%|██        | 32/157 [00:08<00:32,  3.84it/s][A

 21%|██        | 33/157 [00:08<00:32,  3.84it/s][A

 22%|██▏       | 34/157 [00:08<00:32,  3.83it/s][A

 22%|██▏       | 35/157 [00:08<00:31,  3.82it/s][A

 23%|██▎       | 36/157 [00:09<00:31,  3.82it/s][A

 24%|██▎       | 37/157 [00:09<00:31,  3.82it/s][A

 24%|██▍       | 38/157 [00:09<00:31,  3.81it/s][A

 25%|██▍       | 39/157 [00:09<00:30,  3.81it/s][A

 25%|██▌       | 40/157 [00:10<00:30,  3.82it/s][A

 26%|██▌       | 41/157 [00:10<00:30,  3.82it/s][A

 27%|██▋       | 42/157 [00:10<00:30,  3.83it/s][A

 27%|██▋       | 43/157 [00:10<00:29,  3.83it/s][A

 28%|██▊       | 44/157 [00:11<00:29,  3.82it/s][A

 29%|██▊       | 45/157 [00:11<00:29,  3.86it/s][A

 29%|██▉       | 46/157 [00:11<00:28,  3.84it/s][A

 30%|██▉       | 47/157 [00:11<00:28,  3.83it/s][A

 31%|███       | 48/157 [00:12<00:28,  3.86it/s][A

 31%|███       | 49/157 [00:12<00:27,  3.89it/s][A

 32%|███▏      | 50/157 [00:12<00:27,  3.91it/s][A

 32%|███▏      | 51/157 [00:13<00:27,  3.92it/s][A

 33%|███▎      | 52/157 [00:13<00:26,  3.89it/s][A

 34%|███▍      | 53/157 [00:13<00:26,  3.87it/s][A

 34%|███▍      | 54/157 [00:13<00:26,  3.86it/s][A

 35%|███▌      | 55/157 [00:14<00:26,  3.85it/s][A

 36%|███▌      | 56/157 [00:14<00:26,  3.85it/s][A

 36%|███▋      | 57/157 [00:14<00:25,  3.86it/s][A

 37%|███▋      | 58/157 [00:14<00:25,  3.86it/s][A

 38%|███▊      | 59/157 [00:15<00:25,  3.85it/s][A

 38%|███▊      | 60/157 [00:15<00:25,  3.86it/s][A

 39%|███▉      | 61/157 [00:15<00:24,  3.86it/s][A

 39%|███▉      | 62/157 [00:15<00:24,  3.85it/s][A

 40%|████      | 63/157 [00:16<00:24,  3.84it/s][A

 41%|████      | 64/157 [00:16<00:24,  3.84it/s][A

 41%|████▏     | 65/157 [00:16<00:23,  3.84it/s][A

 42%|████▏     | 66/157 [00:16<00:23,  3.85it/s][A

 43%|████▎     | 67/157 [00:17<00:23,  3.84it/s][A

 43%|████▎     | 68/157 [00:17<00:22,  3.88it/s][A

 44%|████▍     | 69/157 [00:17<00:22,  3.86it/s][A

 45%|████▍     | 70/157 [00:17<00:22,  3.85it/s][A

 45%|████▌     | 71/157 [00:18<00:22,  3.84it/s][A

 46%|████▌     | 72/157 [00:18<00:22,  3.83it/s][A

 46%|████▋     | 73/157 [00:18<00:21,  3.85it/s][A

 47%|████▋     | 74/157 [00:18<00:21,  3.88it/s][A

 48%|████▊     | 75/157 [00:19<00:21,  3.89it/s][A

 48%|████▊     | 76/157 [00:19<00:20,  3.89it/s][A

 49%|████▉     | 77/157 [00:19<00:20,  3.91it/s][A

 50%|████▉     | 78/157 [00:19<00:20,  3.92it/s][A

 50%|█████     | 79/157 [00:20<00:19,  3.92it/s][A

 51%|█████     | 80/157 [00:20<00:19,  3.93it/s][A

 52%|█████▏    | 81/157 [00:20<00:19,  3.93it/s][A

 52%|█████▏    | 82/157 [00:21<00:19,  3.93it/s][A

 53%|█████▎    | 83/157 [00:21<00:18,  3.93it/s][A

 54%|█████▎    | 84/157 [00:21<00:18,  3.93it/s][A

 54%|█████▍    | 85/157 [00:21<00:18,  3.89it/s][A

 55%|█████▍    | 86/157 [00:22<00:18,  3.89it/s][A

 55%|█████▌    | 87/157 [00:22<00:17,  3.91it/s][A

 56%|█████▌    | 88/157 [00:22<00:17,  3.89it/s][A

 57%|█████▋    | 89/157 [00:22<00:17,  3.87it/s][A

 57%|█████▋    | 90/157 [00:23<00:17,  3.87it/s][A

 58%|█████▊    | 91/157 [00:23<00:17,  3.87it/s][A

 59%|█████▊    | 92/157 [00:23<00:16,  3.87it/s][A

 59%|█████▉    | 93/157 [00:23<00:16,  3.87it/s][A

 60%|█████▉    | 94/157 [00:24<00:16,  3.87it/s][A

 61%|██████    | 95/157 [00:24<00:15,  3.89it/s][A

 61%|██████    | 96/157 [00:24<00:15,  3.91it/s][A

 62%|██████▏   | 97/157 [00:24<00:15,  3.91it/s][A

 62%|██████▏   | 98/157 [00:25<00:15,  3.92it/s][A

 63%|██████▎   | 99/157 [00:25<00:14,  3.95it/s][A

 64%|██████▎   | 100/157 [00:25<00:14,  3.97it/s][A

 64%|██████▍   | 101/157 [00:25<00:14,  3.98it/s][A

 65%|██████▍   | 102/157 [00:26<00:13,  3.98it/s][A

 66%|██████▌   | 103/157 [00:26<00:13,  3.99it/s][A

 66%|██████▌   | 104/157 [00:26<00:13,  4.00it/s][A

 67%|██████▋   | 105/157 [00:26<00:12,  4.01it/s][A

 68%|██████▊   | 106/157 [00:27<00:12,  3.98it/s][A

 68%|██████▊   | 107/157 [00:27<00:12,  3.97it/s][A

 69%|██████▉   | 108/157 [00:27<00:12,  3.97it/s][A

 69%|██████▉   | 109/157 [00:27<00:12,  3.95it/s][A

 70%|███████   | 110/157 [00:28<00:11,  3.97it/s][A

 71%|███████   | 111/157 [00:28<00:11,  3.99it/s][A

 71%|███████▏  | 112/157 [00:28<00:11,  4.00it/s][A

 72%|███████▏  | 113/157 [00:28<00:10,  4.03it/s][A

 73%|███████▎  | 114/157 [00:29<00:10,  4.03it/s][A

 73%|███████▎  | 115/157 [00:29<00:10,  4.03it/s][A

 74%|███████▍  | 116/157 [00:29<00:10,  4.02it/s][A

 75%|███████▍  | 117/157 [00:29<00:09,  4.03it/s][A

 75%|███████▌  | 118/157 [00:30<00:09,  4.03it/s][A

 76%|███████▌  | 119/157 [00:30<00:09,  4.04it/s][A

 76%|███████▋  | 120/157 [00:30<00:09,  4.05it/s][A

 77%|███████▋  | 121/157 [00:30<00:08,  4.05it/s][A

 78%|███████▊  | 122/157 [00:31<00:08,  4.05it/s][A

 78%|███████▊  | 123/157 [00:31<00:08,  4.06it/s][A

 79%|███████▉  | 124/157 [00:31<00:08,  4.07it/s][A

 80%|███████▉  | 125/157 [00:31<00:07,  4.07it/s][A

 80%|████████  | 126/157 [00:32<00:07,  4.08it/s][A

 81%|████████  | 127/157 [00:32<00:07,  4.08it/s][A

 82%|████████▏ | 128/157 [00:32<00:07,  4.06it/s][A

 82%|████████▏ | 129/157 [00:32<00:06,  4.02it/s][A

 83%|████████▎ | 130/157 [00:33<00:06,  3.99it/s][A

 83%|████████▎ | 131/157 [00:33<00:06,  3.95it/s][A

 84%|████████▍ | 132/157 [00:33<00:06,  3.91it/s][A

 85%|████████▍ | 133/157 [00:33<00:06,  3.89it/s][A

 85%|████████▌ | 134/157 [00:34<00:05,  3.87it/s][A

 86%|████████▌ | 135/157 [00:34<00:05,  3.86it/s][A

 87%|████████▋ | 136/157 [00:34<00:05,  3.85it/s][A

 87%|████████▋ | 137/157 [00:34<00:05,  3.85it/s][A

 88%|████████▊ | 138/157 [00:35<00:04,  3.88it/s][A

 89%|████████▊ | 139/157 [00:35<00:04,  3.88it/s][A

 89%|████████▉ | 140/157 [00:35<00:04,  3.87it/s][A

 90%|████████▉ | 141/157 [00:35<00:04,  3.86it/s][A

 90%|█████████ | 142/157 [00:36<00:03,  3.86it/s][A

 91%|█████████ | 143/157 [00:36<00:03,  3.86it/s][A

 92%|█████████▏| 144/157 [00:36<00:03,  3.88it/s][A

 92%|█████████▏| 145/157 [00:36<00:03,  3.87it/s][A

 93%|█████████▎| 146/157 [00:37<00:02,  3.87it/s][A

 94%|█████████▎| 147/157 [00:37<00:02,  3.86it/s][A

 94%|█████████▍| 148/157 [00:37<00:02,  3.85it/s][A

 95%|█████████▍| 149/157 [00:38<00:02,  3.84it/s][A

 96%|█████████▌| 150/157 [00:38<00:01,  3.84it/s][A

 96%|█████████▌| 151/157 [00:38<00:01,  3.85it/s][A

 97%|█████████▋| 152/157 [00:38<00:01,  3.86it/s][A

 97%|█████████▋| 153/157 [00:39<00:01,  3.85it/s][A

 98%|█████████▊| 154/157 [00:39<00:00,  3.84it/s][A

 99%|█████████▊| 155/157 [00:39<00:00,  3.85it/s][A

 99%|█████████▉| 156/157 [00:39<00:00,  3.84it/s][A

100%|██████████| 157/157 [00:40<00:00,  4.21it/s][A
                                                      

                                                 
[A{'eval_loss': 6.2613911628723145, 'eval_runtime': 40.3742, 'eval_samples_per_second': 123.841, 'eval_steps_per_second': 3.889, 'epoch': 0.0}

  0%|          | 200/60627 [03:47<12:08:57,  1.38it/s]

100%|██████████| 157/157 [00:40<00:00,  4.21it/s][A

                                                 [A
  0%|          | 201/60627 [03:50<226:38:30, 13.50s/it]
                                                       
{'loss': 5.619, 'grad_norm': 1.0859375, 'learning_rate': 0.0005999909227183876, 'epoch': 0.0}

  0%|          | 201/60627 [03:50<226:38:30, 13.50s/it]
  0%|          | 202/60627 [03:51<162:16:12,  9.67s/it]
                                                       
{'loss': 5.7027, 'grad_norm': 0.8046875, 'learning_rate': 0.000599990801285152, 'epoch': 0.0}

  0%|          | 202/60627 [03:51<162:16:12,  9.67s/it]
  0%|          | 203/60627 [03:51<117:14:43,  6.99s/it]{'loss': 5.4894, 'grad_norm': 0.9140625, 'learning_rate': 0.0005999906790450676, 'epoch': 0.0}

                                                       

  0%|          | 203/60627 [03:51<117:14:43,  6.99s/it]
  0%|          | 204/60627 [03:52<85:41:47,  5.11s/it] {'loss': 5.7566, 'grad_norm': 0.6953125, 'learning_rate': 0.0005999905559981346, 'epoch': 0.0}

                                                      

  0%|          | 204/60627 [03:52<85:41:47,  5.11s/it]
  0%|          | 205/60627 [03:53<63:36:23,  3.79s/it]
                                                      
{'loss': 5.6134, 'grad_norm': 0.8046875, 'learning_rate': 0.0005999904321443535, 'epoch': 0.0}

  0%|          | 205/60627 [03:53<63:36:23,  3.79s/it]
  0%|          | 206/60627 [03:54<48:06:54,  2.87s/it]
                                                      
{'loss': 5.506, 'grad_norm': 0.73046875, 'learning_rate': 0.0005999903074837246, 'epoch': 0.0}

  0%|          | 206/60627 [03:54<48:06:54,  2.87s/it]
  0%|          | 207/60627 [03:54<37:18:59,  2.22s/it]
                                                      
{'loss': 5.3508, 'grad_norm': 0.71484375, 'learning_rate': 0.0005999901820162482, 'epoch': 0.0}

  0%|          | 207/60627 [03:54<37:18:59,  2.22s/it]
  0%|          | 208/60627 [03:55<29:44:04,  1.77s/it]
                                                      
{'loss': 5.4397, 'grad_norm': 0.875, 'learning_rate': 0.0005999900557419246, 'epoch': 0.0}

  0%|          | 208/60627 [03:55<29:44:04,  1.77s/it]
  0%|          | 209/60627 [03:56<24:25:59,  1.46s/it]
                                                      
{'loss': 5.6784, 'grad_norm': 0.90625, 'learning_rate': 0.0005999899286607544, 'epoch': 0.0}

  0%|          | 209/60627 [03:56<24:25:59,  1.46s/it]
  0%|          | 210/60627 [03:56<20:41:14,  1.23s/it]
                                                      
{'loss': 5.4887, 'grad_norm': 0.80078125, 'learning_rate': 0.0005999898007727376, 'epoch': 0.0}

  0%|          | 210/60627 [03:56<20:41:14,  1.23s/it]
  0%|          | 211/60627 [03:57<18:05:11,  1.08s/it]{'loss': 5.7964, 'grad_norm': 0.88671875, 'learning_rate': 0.0005999896720778748, 'epoch': 0.0}

                                                      

  0%|          | 211/60627 [03:57<18:05:11,  1.08s/it]
  0%|          | 212/60627 [03:58<16:14:46,  1.03it/s]{'loss': 5.5148, 'grad_norm': 0.95703125, 'learning_rate': 0.0005999895425761662, 'epoch': 0.0}

                                                      

  0%|          | 212/60627 [03:58<16:14:46,  1.03it/s]
  0%|          | 213/60627 [03:59<15:01:11,  1.12it/s]{'loss': 5.6449, 'grad_norm': 0.87890625, 'learning_rate': 0.0005999894122676121, 'epoch': 0.0}

                                                      

  0%|          | 213/60627 [03:59<15:01:11,  1.12it/s]
  0%|          | 214/60627 [03:59<14:08:42,  1.19it/s]
                                                      
{'loss': 5.3611, 'grad_norm': 0.7734375, 'learning_rate': 0.0005999892811522128, 'epoch': 0.0}

  0%|          | 214/60627 [03:59<14:08:42,  1.19it/s]
  0%|          | 215/60627 [04:00<13:32:35,  1.24it/s]{'loss': 5.6437, 'grad_norm': 0.7265625, 'learning_rate': 0.0005999891492299691, 'epoch': 0.0}

                                                      

  0%|          | 215/60627 [04:00<13:32:35,  1.24it/s]
  0%|          | 216/60627 [04:01<13:09:03,  1.28it/s]{'loss': 5.8211, 'grad_norm': 0.83203125, 'learning_rate': 0.0005999890165008808, 'epoch': 0.0}

                                                      

  0%|          | 216/60627 [04:01<13:09:03,  1.28it/s]
  0%|          | 217/60627 [04:01<12:51:57,  1.30it/s]
                                                      
{'loss': 5.8108, 'grad_norm': 0.7734375, 'learning_rate': 0.0005999888829649486, 'epoch': 0.0}

  0%|          | 217/60627 [04:01<12:51:57,  1.30it/s]
  0%|          | 218/60627 [04:02<12:38:11,  1.33it/s]
                                                      
{'loss': 5.6253, 'grad_norm': 0.71484375, 'learning_rate': 0.0005999887486221728, 'epoch': 0.0}

  0%|          | 218/60627 [04:02<12:38:11,  1.33it/s]
  0%|          | 219/60627 [04:03<12:29:42,  1.34it/s]{'loss': 5.755, 'grad_norm': 0.9296875, 'learning_rate': 0.0005999886134725535, 'epoch': 0.0}

                                                      

  0%|          | 219/60627 [04:03<12:29:42,  1.34it/s]
  0%|          | 220/60627 [04:04<12:22:22,  1.36it/s]
                                                      
{'loss': 5.5827, 'grad_norm': 0.78515625, 'learning_rate': 0.0005999884775160915, 'epoch': 0.0}

  0%|          | 220/60627 [04:04<12:22:22,  1.36it/s]
  0%|          | 221/60627 [04:04<12:18:36,  1.36it/s]
                                                      
{'loss': 5.5683, 'grad_norm': 0.703125, 'learning_rate': 0.000599988340752787, 'epoch': 0.0}

  0%|          | 221/60627 [04:04<12:18:36,  1.36it/s]
  0%|          | 222/60627 [04:05<12:11:54,  1.38it/s]{'loss': 5.0956, 'grad_norm': 1.078125, 'learning_rate': 0.0005999882031826401, 'epoch': 0.0}

                                                      

  0%|          | 222/60627 [04:05<12:11:54,  1.38it/s]
  0%|          | 223/60627 [04:06<12:10:35,  1.38it/s]
                                                      
{'loss': 5.7215, 'grad_norm': 0.90234375, 'learning_rate': 0.0005999880648056515, 'epoch': 0.0}

  0%|          | 223/60627 [04:06<12:10:35,  1.38it/s]
  0%|          | 224/60627 [04:06<12:08:21,  1.38it/s]
                                                      
{'loss': 5.417, 'grad_norm': 0.75, 'learning_rate': 0.0005999879256218213, 'epoch': 0.0}

  0%|          | 224/60627 [04:06<12:08:21,  1.38it/s]
  0%|          | 225/60627 [04:07<12:08:47,  1.38it/s]
                                                      
{'loss': 5.7379, 'grad_norm': 0.76171875, 'learning_rate': 0.0005999877856311503, 'epoch': 0.0}

  0%|          | 225/60627 [04:07<12:08:47,  1.38it/s]
  0%|          | 226/60627 [04:08<12:07:26,  1.38it/s]
                                                      
{'loss': 5.5132, 'grad_norm': 0.82421875, 'learning_rate': 0.0005999876448336384, 'epoch': 0.0}

  0%|          | 226/60627 [04:08<12:07:26,  1.38it/s]
  0%|          | 227/60627 [04:09<12:06:51,  1.38it/s]
                                                      
{'loss': 5.2947, 'grad_norm': 0.81640625, 'learning_rate': 0.0005999875032292862, 'epoch': 0.0}

  0%|          | 227/60627 [04:09<12:06:51,  1.38it/s]
  0%|          | 228/60627 [04:09<12:09:03,  1.38it/s]
                                                      
{'loss': 5.6656, 'grad_norm': 0.80859375, 'learning_rate': 0.0005999873608180942, 'epoch': 0.0}

  0%|          | 228/60627 [04:09<12:09:03,  1.38it/s]
  0%|          | 229/60627 [04:10<12:10:09,  1.38it/s]
                                                      
{'loss': 5.4035, 'grad_norm': 0.90625, 'learning_rate': 0.0005999872176000625, 'epoch': 0.0}

  0%|          | 229/60627 [04:10<12:10:09,  1.38it/s]
  0%|          | 230/60627 [04:11<12:05:50,  1.39it/s]
                                                      
{'loss': 5.4955, 'grad_norm': 0.76953125, 'learning_rate': 0.0005999870735751917, 'epoch': 0.0}

  0%|          | 230/60627 [04:11<12:05:50,  1.39it/s]
  0%|          | 231/60627 [04:12<12:04:51,  1.39it/s]
                                                      
{'loss': 5.4009, 'grad_norm': 0.734375, 'learning_rate': 0.0005999869287434821, 'epoch': 0.0}

  0%|          | 231/60627 [04:12<12:04:51,  1.39it/s]
  0%|          | 232/60627 [04:12<12:04:40,  1.39it/s]
                                                      
{'loss': 5.2015, 'grad_norm': 0.84765625, 'learning_rate': 0.0005999867831049341, 'epoch': 0.0}

  0%|          | 232/60627 [04:12<12:04:40,  1.39it/s]
  0%|          | 233/60627 [04:13<12:08:01,  1.38it/s]
                                                      
{'loss': 5.556, 'grad_norm': 0.80859375, 'learning_rate': 0.0005999866366595482, 'epoch': 0.0}

  0%|          | 233/60627 [04:13<12:08:01,  1.38it/s]
  0%|          | 234/60627 [04:14<12:08:35,  1.38it/s]
                                                      
{'loss': 5.4694, 'grad_norm': 0.796875, 'learning_rate': 0.0005999864894073246, 'epoch': 0.0}

  0%|          | 234/60627 [04:14<12:08:35,  1.38it/s]
  0%|          | 235/60627 [04:14<12:09:15,  1.38it/s]
                                                      
{'loss': 5.7688, 'grad_norm': 0.8203125, 'learning_rate': 0.0005999863413482637, 'epoch': 0.0}

  0%|          | 235/60627 [04:14<12:09:15,  1.38it/s]
  0%|          | 236/60627 [04:15<12:09:12,  1.38it/s]{'loss': 5.5682, 'grad_norm': 0.87109375, 'learning_rate': 0.0005999861924823663, 'epoch': 0.0}

                                                      

  0%|          | 236/60627 [04:15<12:09:12,  1.38it/s]
  0%|          | 237/60627 [04:16<12:10:13,  1.38it/s]
                                                      
{'loss': 5.6202, 'grad_norm': 0.84765625, 'learning_rate': 0.0005999860428096322, 'epoch': 0.0}

  0%|          | 237/60627 [04:16<12:10:13,  1.38it/s]
  0%|          | 238/60627 [04:17<12:08:47,  1.38it/s]
                                                      
{'loss': 5.4069, 'grad_norm': 0.76953125, 'learning_rate': 0.0005999858923300622, 'epoch': 0.0}

  0%|          | 238/60627 [04:17<12:08:47,  1.38it/s]
  0%|          | 239/60627 [04:17<12:04:50,  1.39it/s]
                                                      
{'loss': 5.7096, 'grad_norm': 0.90234375, 'learning_rate': 0.0005999857410436566, 'epoch': 0.0}

  0%|          | 239/60627 [04:17<12:04:50,  1.39it/s]
  0%|          | 240/60627 [04:18<12:06:39,  1.39it/s]
                                                      
{'loss': 5.7515, 'grad_norm': 0.8203125, 'learning_rate': 0.0005999855889504157, 'epoch': 0.0}

  0%|          | 240/60627 [04:18<12:06:39,  1.39it/s]
  0%|          | 241/60627 [04:19<12:07:58,  1.38it/s]
                                                      
{'loss': 5.3645, 'grad_norm': 1.03125, 'learning_rate': 0.0005999854360503402, 'epoch': 0.0}

  0%|          | 241/60627 [04:19<12:07:58,  1.38it/s]
  0%|          | 242/60627 [04:19<12:09:21,  1.38it/s]
                                                      
{'loss': 5.9773, 'grad_norm': 0.83203125, 'learning_rate': 0.0005999852823434302, 'epoch': 0.0}

  0%|          | 242/60627 [04:20<12:09:21,  1.38it/s]
  0%|          | 243/60627 [04:20<12:07:47,  1.38it/s]{'loss': 5.1982, 'grad_norm': 0.8515625, 'learning_rate': 0.0005999851278296863, 'epoch': 0.0}

                                                      

  0%|          | 243/60627 [04:20<12:07:47,  1.38it/s]
  0%|          | 244/60627 [04:21<12:05:58,  1.39it/s]
                                                      
{'loss': 5.5027, 'grad_norm': 0.796875, 'learning_rate': 0.0005999849725091089, 'epoch': 0.0}

  0%|          | 244/60627 [04:21<12:05:58,  1.39it/s]
  0%|          | 245/60627 [04:22<12:06:57,  1.38it/s]
                                                      
{'loss': 5.5034, 'grad_norm': 0.859375, 'learning_rate': 0.0005999848163816983, 'epoch': 0.0}

  0%|          | 245/60627 [04:22<12:06:57,  1.38it/s]
  0%|          | 246/60627 [04:22<12:06:06,  1.39it/s]
                                                      
{'loss': 5.3175, 'grad_norm': 0.83984375, 'learning_rate': 0.0005999846594474549, 'epoch': 0.0}

  0%|          | 246/60627 [04:22<12:06:06,  1.39it/s]
  0%|          | 247/60627 [04:23<12:03:45,  1.39it/s]
                                                      
{'loss': 5.1569, 'grad_norm': 0.79296875, 'learning_rate': 0.0005999845017063794, 'epoch': 0.0}

  0%|          | 247/60627 [04:23<12:03:45,  1.39it/s]
  0%|          | 248/60627 [04:24<12:04:46,  1.39it/s]
                                                      
{'loss': 5.0304, 'grad_norm': 0.79296875, 'learning_rate': 0.0005999843431584719, 'epoch': 0.0}

  0%|          | 248/60627 [04:24<12:04:46,  1.39it/s]
  0%|          | 249/60627 [04:25<12:05:58,  1.39it/s]
                                                      
{'loss': 5.4439, 'grad_norm': 0.74609375, 'learning_rate': 0.000599984183803733, 'epoch': 0.0}

  0%|          | 249/60627 [04:25<12:05:58,  1.39it/s]
  0%|          | 250/60627 [04:25<12:05:48,  1.39it/s]
                                                      
{'loss': 5.3499, 'grad_norm': 0.78125, 'learning_rate': 0.0005999840236421631, 'epoch': 0.0}

  0%|          | 250/60627 [04:25<12:05:48,  1.39it/s]
  0%|          | 251/60627 [04:26<12:04:23,  1.39it/s]{'loss': 5.3315, 'grad_norm': 0.8828125, 'learning_rate': 0.0005999838626737626, 'epoch': 0.0}

                                                      

  0%|          | 251/60627 [04:26<12:04:23,  1.39it/s]
  0%|          | 252/60627 [04:27<12:02:10,  1.39it/s]{'loss': 5.3885, 'grad_norm': 0.75, 'learning_rate': 0.000599983700898532, 'epoch': 0.0}

                                                      

  0%|          | 252/60627 [04:27<12:02:10,  1.39it/s]
  0%|          | 253/60627 [04:27<12:03:46,  1.39it/s]
                                                      
{'loss': 5.3885, 'grad_norm': 0.7890625, 'learning_rate': 0.0005999835383164716, 'epoch': 0.0}

  0%|          | 253/60627 [04:27<12:03:46,  1.39it/s]
  0%|          | 254/60627 [04:28<12:06:43,  1.38it/s]{'loss': 5.3697, 'grad_norm': 0.7421875, 'learning_rate': 0.000599983374927582, 'epoch': 0.0}

                                                      

  0%|          | 254/60627 [04:28<12:06:43,  1.38it/s]
  0%|          | 255/60627 [04:29<12:04:43,  1.39it/s]
                                                      
{'loss': 5.2433, 'grad_norm': 0.90234375, 'learning_rate': 0.0005999832107318637, 'epoch': 0.0}

  0%|          | 255/60627 [04:29<12:04:43,  1.39it/s]
  0%|          | 256/60627 [04:30<12:06:07,  1.39it/s]
                                                      
{'loss': 5.672, 'grad_norm': 0.75, 'learning_rate': 0.0005999830457293168, 'epoch': 0.0}

  0%|          | 256/60627 [04:30<12:06:07,  1.39it/s]
  0%|          | 257/60627 [04:30<12:06:18,  1.39it/s]
                                                      
{'loss': 5.5567, 'grad_norm': 0.7890625, 'learning_rate': 0.000599982879919942, 'epoch': 0.0}

  0%|          | 257/60627 [04:30<12:06:18,  1.39it/s]
  0%|          | 258/60627 [04:31<12:06:21,  1.39it/s]
                                                      
{'loss': 5.3993, 'grad_norm': 0.796875, 'learning_rate': 0.0005999827133037398, 'epoch': 0.0}

  0%|          | 258/60627 [04:31<12:06:21,  1.39it/s]
  0%|          | 259/60627 [04:32<12:03:54,  1.39it/s]
                                                      
{'loss': 5.5232, 'grad_norm': 0.8359375, 'learning_rate': 0.0005999825458807105, 'epoch': 0.0}

  0%|          | 259/60627 [04:32<12:03:54,  1.39it/s]
  0%|          | 260/60627 [04:32<12:00:58,  1.40it/s]
                                                      
{'loss': 4.902, 'grad_norm': 0.80078125, 'learning_rate': 0.0005999823776508546, 'epoch': 0.0}

  0%|          | 260/60627 [04:32<12:00:58,  1.40it/s]
  0%|          | 261/60627 [04:33<12:02:56,  1.39it/s]
                                                      
{'loss': 5.1456, 'grad_norm': 0.8046875, 'learning_rate': 0.0005999822086141726, 'epoch': 0.0}

  0%|          | 261/60627 [04:33<12:02:56,  1.39it/s]
  0%|          | 262/60627 [04:34<12:04:55,  1.39it/s]{'loss': 5.3689, 'grad_norm': 0.73828125, 'learning_rate': 0.0005999820387706647, 'epoch': 0.0}

                                                      

  0%|          | 262/60627 [04:34<12:04:55,  1.39it/s]
  0%|          | 263/60627 [04:35<12:08:45,  1.38it/s]
                                                      
{'loss': 5.1686, 'grad_norm': 0.6484375, 'learning_rate': 0.0005999818681203318, 'epoch': 0.0}

  0%|          | 263/60627 [04:35<12:08:45,  1.38it/s]
  0%|          | 264/60627 [04:35<12:07:49,  1.38it/s]
                                                      
{'loss': 5.2059, 'grad_norm': 0.72265625, 'learning_rate': 0.0005999816966631741, 'epoch': 0.0}

  0%|          | 264/60627 [04:35<12:07:49,  1.38it/s]
  0%|          | 265/60627 [04:36<12:06:53,  1.38it/s]
                                                      
{'loss': 5.4591, 'grad_norm': 0.76953125, 'learning_rate': 0.0005999815243991919, 'epoch': 0.0}

  0%|          | 265/60627 [04:36<12:06:53,  1.38it/s]
  0%|          | 266/60627 [04:37<12:07:36,  1.38it/s]
                                                      
{'loss': 5.3613, 'grad_norm': 0.7421875, 'learning_rate': 0.000599981351328386, 'epoch': 0.0}

  0%|          | 266/60627 [04:37<12:07:36,  1.38it/s]
  0%|          | 267/60627 [04:38<12:04:25,  1.39it/s]
                                                      
{'loss': 5.6167, 'grad_norm': 0.71484375, 'learning_rate': 0.0005999811774507566, 'epoch': 0.0}

  0%|          | 267/60627 [04:38<12:04:25,  1.39it/s]
  0%|          | 268/60627 [04:38<12:05:15,  1.39it/s]
                                                      
{'loss': 5.2164, 'grad_norm': 0.8046875, 'learning_rate': 0.0005999810027663044, 'epoch': 0.0}

  0%|          | 268/60627 [04:38<12:05:15,  1.39it/s]
  0%|          | 269/60627 [04:39<12:02:21,  1.39it/s]
                                                      
{'loss': 5.0185, 'grad_norm': 0.69921875, 'learning_rate': 0.0005999808272750297, 'epoch': 0.0}

  0%|          | 269/60627 [04:39<12:02:21,  1.39it/s]
  0%|          | 270/60627 [04:40<12:04:24,  1.39it/s]
                                                      
{'loss': 5.3538, 'grad_norm': 0.76171875, 'learning_rate': 0.000599980650976933, 'epoch': 0.0}

  0%|          | 270/60627 [04:40<12:04:24,  1.39it/s]
  0%|          | 271/60627 [04:40<12:02:18,  1.39it/s]
                                                      
{'loss': 4.7712, 'grad_norm': 0.765625, 'learning_rate': 0.0005999804738720148, 'epoch': 0.0}

  0%|          | 271/60627 [04:40<12:02:18,  1.39it/s]
  0%|          | 272/60627 [04:41<11:57:53,  1.40it/s]{'loss': 5.6283, 'grad_norm': 0.77734375, 'learning_rate': 0.0005999802959602756, 'epoch': 0.0}

                                                      

  0%|          | 272/60627 [04:41<11:57:53,  1.40it/s]
  0%|          | 273/60627 [04:42<11:59:03,  1.40it/s]
                                                      
{'loss': 5.3334, 'grad_norm': 0.80859375, 'learning_rate': 0.0005999801172417159, 'epoch': 0.0}

  0%|          | 273/60627 [04:42<11:59:03,  1.40it/s]
  0%|          | 274/60627 [04:43<12:00:35,  1.40it/s]
                                                      
{'loss': 5.096, 'grad_norm': 0.8125, 'learning_rate': 0.000599979937716336, 'epoch': 0.0}

  0%|          | 274/60627 [04:43<12:00:35,  1.40it/s]
  0%|          | 275/60627 [04:43<12:03:33,  1.39it/s]
                                                      
{'loss': 5.3969, 'grad_norm': 0.7265625, 'learning_rate': 0.0005999797573841366, 'epoch': 0.0}

  0%|          | 275/60627 [04:43<12:03:33,  1.39it/s]
  0%|          | 276/60627 [04:44<12:03:10,  1.39it/s]{'loss': 5.3328, 'grad_norm': 0.796875, 'learning_rate': 0.0005999795762451181, 'epoch': 0.0}

                                                      

  0%|          | 276/60627 [04:44<12:03:10,  1.39it/s]
  0%|          | 277/60627 [04:45<12:02:55,  1.39it/s]
                                                      
{'loss': 4.9666, 'grad_norm': 0.68359375, 'learning_rate': 0.0005999793942992809, 'epoch': 0.0}

  0%|          | 277/60627 [04:45<12:02:55,  1.39it/s]
  0%|          | 278/60627 [04:45<12:05:06,  1.39it/s]
                                                      
{'loss': 5.4085, 'grad_norm': 0.77734375, 'learning_rate': 0.0005999792115466256, 'epoch': 0.0}

  0%|          | 278/60627 [04:45<12:05:06,  1.39it/s]
  0%|          | 279/60627 [04:46<12:04:38,  1.39it/s]
                                                      
{'loss': 5.2149, 'grad_norm': 0.703125, 'learning_rate': 0.0005999790279871528, 'epoch': 0.0}

  0%|          | 279/60627 [04:46<12:04:38,  1.39it/s]
  0%|          | 280/60627 [04:47<12:03:59,  1.39it/s]{'loss': 5.4279, 'grad_norm': 0.7265625, 'learning_rate': 0.0005999788436208627, 'epoch': 0.0}

                                                      

  0%|          | 280/60627 [04:47<12:03:59,  1.39it/s]
  0%|          | 281/60627 [04:48<12:02:57,  1.39it/s]
                                                      
{'loss': 5.217, 'grad_norm': 0.69140625, 'learning_rate': 0.0005999786584477561, 'epoch': 0.0}

  0%|          | 281/60627 [04:48<12:02:57,  1.39it/s]
  0%|          | 282/60627 [04:48<12:04:49,  1.39it/s]
                                                      
{'loss': 5.2497, 'grad_norm': 0.69921875, 'learning_rate': 0.0005999784724678332, 'epoch': 0.0}

  0%|          | 282/60627 [04:48<12:04:49,  1.39it/s]
  0%|          | 283/60627 [04:49<12:04:12,  1.39it/s]
                                                      
{'loss': 5.3566, 'grad_norm': 0.73828125, 'learning_rate': 0.0005999782856810948, 'epoch': 0.0}

  0%|          | 283/60627 [04:49<12:04:12,  1.39it/s]
  0%|          | 284/60627 [04:50<12:04:07,  1.39it/s]
                                                      
{'loss': 5.3249, 'grad_norm': 0.73046875, 'learning_rate': 0.0005999780980875412, 'epoch': 0.0}

  0%|          | 284/60627 [04:50<12:04:07,  1.39it/s]
  0%|          | 285/60627 [04:50<12:05:10,  1.39it/s]
                                                      
{'loss': 5.0721, 'grad_norm': 0.796875, 'learning_rate': 0.0005999779096871729, 'epoch': 0.0}

  0%|          | 285/60627 [04:50<12:05:10,  1.39it/s]
  0%|          | 286/60627 [04:51<12:03:27,  1.39it/s]
                                                      
{'loss': 5.2223, 'grad_norm': 0.76171875, 'learning_rate': 0.0005999777204799906, 'epoch': 0.0}

  0%|          | 286/60627 [04:51<12:03:27,  1.39it/s]
  0%|          | 287/60627 [04:52<12:06:28,  1.38it/s]
                                                      
{'loss': 5.7541, 'grad_norm': 0.72265625, 'learning_rate': 0.0005999775304659945, 'epoch': 0.0}

  0%|          | 287/60627 [04:52<12:06:28,  1.38it/s]
  0%|          | 288/60627 [04:53<12:04:49,  1.39it/s]
                                                      
{'loss': 5.1192, 'grad_norm': 0.84375, 'learning_rate': 0.0005999773396451854, 'epoch': 0.0}

  0%|          | 288/60627 [04:53<12:04:49,  1.39it/s]
  0%|          | 289/60627 [04:53<12:06:09,  1.38it/s]{'loss': 5.5202, 'grad_norm': 0.80078125, 'learning_rate': 0.0005999771480175637, 'epoch': 0.0}

                                                      

  0%|          | 289/60627 [04:53<12:06:09,  1.38it/s]
  0%|          | 290/60627 [04:54<12:04:23,  1.39it/s]
                                                      
{'loss': 5.4459, 'grad_norm': 0.7890625, 'learning_rate': 0.0005999769555831299, 'epoch': 0.0}

  0%|          | 290/60627 [04:54<12:04:23,  1.39it/s]
  0%|          | 291/60627 [04:55<12:04:36,  1.39it/s]
                                                      
{'loss': 5.1663, 'grad_norm': 0.78125, 'learning_rate': 0.0005999767623418845, 'epoch': 0.0}

  0%|          | 291/60627 [04:55<12:04:36,  1.39it/s]
  0%|          | 292/60627 [04:56<12:06:35,  1.38it/s]
                                                      
{'loss': 5.1936, 'grad_norm': 0.84765625, 'learning_rate': 0.0005999765682938281, 'epoch': 0.0}

  0%|          | 292/60627 [04:56<12:06:35,  1.38it/s]
  0%|          | 293/60627 [04:56<12:05:59,  1.39it/s]
                                                      
{'loss': 5.0702, 'grad_norm': 0.85546875, 'learning_rate': 0.0005999763734389612, 'epoch': 0.0}

  0%|          | 293/60627 [04:56<12:05:59,  1.39it/s]
  0%|          | 294/60627 [04:57<12:07:48,  1.38it/s]
                                                      
{'loss': 5.557, 'grad_norm': 0.8046875, 'learning_rate': 0.0005999761777772843, 'epoch': 0.0}

  0%|          | 294/60627 [04:57<12:07:48,  1.38it/s]
  0%|          | 295/60627 [04:58<12:05:04,  1.39it/s]
                                                      
{'loss': 5.1501, 'grad_norm': 0.86328125, 'learning_rate': 0.0005999759813087979, 'epoch': 0.0}

  0%|          | 295/60627 [04:58<12:05:04,  1.39it/s]
  0%|          | 296/60627 [04:58<12:04:26,  1.39it/s]
                                                      
{'loss': 5.2135, 'grad_norm': 0.765625, 'learning_rate': 0.0005999757840335024, 'epoch': 0.0}

  0%|          | 296/60627 [04:58<12:04:26,  1.39it/s]
  0%|          | 297/60627 [04:59<12:04:31,  1.39it/s]{'loss': 5.1346, 'grad_norm': 0.8203125, 'learning_rate': 0.0005999755859513987, 'epoch': 0.0}

                                                      

  0%|          | 297/60627 [04:59<12:04:31,  1.39it/s]
  0%|          | 298/60627 [05:00<12:03:36,  1.39it/s]
                                                      
{'loss': 5.2716, 'grad_norm': 0.77734375, 'learning_rate': 0.0005999753870624871, 'epoch': 0.0}

  0%|          | 298/60627 [05:00<12:03:36,  1.39it/s]
  0%|          | 299/60627 [05:01<12:04:43,  1.39it/s]
                                                      
{'loss': 5.2668, 'grad_norm': 0.671875, 'learning_rate': 0.000599975187366768, 'epoch': 0.0}

  0%|          | 299/60627 [05:01<12:04:43,  1.39it/s]
  0%|          | 300/60627 [05:01<12:03:40,  1.39it/s]
                                                      
{'loss': 5.1012, 'grad_norm': 0.87109375, 'learning_rate': 0.0005999749868642422, 'epoch': 0.0}

  0%|          | 300/60627 [05:01<12:03:40,  1.39it/s]

  0%|          | 0/157 [00:00<?, ?it/s][A

  1%|▏         | 2/157 [00:00<00:20,  7.64it/s][A

  2%|▏         | 3/157 [00:00<00:28,  5.40it/s][A

  3%|▎         | 4/157 [00:00<00:32,  4.68it/s][A

  3%|▎         | 5/157 [00:01<00:35,  4.34it/s][A

  4%|▍         | 6/157 [00:01<00:36,  4.16it/s][A

  4%|▍         | 7/157 [00:01<00:36,  4.06it/s][A

  5%|▌         | 8/157 [00:01<00:37,  4.00it/s][A

  6%|▌         | 9/157 [00:02<00:37,  3.96it/s][A

  6%|▋         | 10/157 [00:02<00:37,  3.92it/s][A

  7%|▋         | 11/157 [00:02<00:37,  3.89it/s][A

  8%|▊         | 12/157 [00:02<00:37,  3.86it/s][A

  8%|▊         | 13/157 [00:03<00:37,  3.85it/s][A

  9%|▉         | 14/157 [00:03<00:36,  3.88it/s][A

 10%|▉         | 15/157 [00:03<00:36,  3.86it/s][A

 10%|█         | 16/157 [00:03<00:36,  3.84it/s][A

 11%|█         | 17/157 [00:04<00:36,  3.84it/s][A

 11%|█▏        | 18/157 [00:04<00:36,  3.83it/s][A

 12%|█▏        | 19/157 [00:04<00:36,  3.83it/s][A

 13%|█▎        | 20/157 [00:04<00:35,  3.86it/s][A

 13%|█▎        | 21/157 [00:05<00:35,  3.85it/s][A

 14%|█▍        | 22/157 [00:05<00:35,  3.84it/s][A

 15%|█▍        | 23/157 [00:05<00:34,  3.84it/s][A

 15%|█▌        | 24/157 [00:05<00:34,  3.84it/s][A

 16%|█▌        | 25/157 [00:06<00:34,  3.83it/s][A

 17%|█▋        | 26/157 [00:06<00:34,  3.84it/s][A

 17%|█▋        | 27/157 [00:06<00:33,  3.83it/s][A

 18%|█▊        | 28/157 [00:07<00:33,  3.83it/s][A

 18%|█▊        | 29/157 [00:07<00:33,  3.83it/s][A

 19%|█▉        | 30/157 [00:07<00:33,  3.84it/s][A

 20%|█▉        | 31/157 [00:07<00:32,  3.84it/s][A

 20%|██        | 32/157 [00:08<00:32,  3.83it/s][A

 21%|██        | 33/157 [00:08<00:32,  3.83it/s][A

 22%|██▏       | 34/157 [00:08<00:32,  3.82it/s][A

 22%|██▏       | 35/157 [00:08<00:31,  3.81it/s][A

 23%|██▎       | 36/157 [00:09<00:31,  3.81it/s][A

 24%|██▎       | 37/157 [00:09<00:31,  3.80it/s][A

 24%|██▍       | 38/157 [00:09<00:31,  3.81it/s][A

 25%|██▍       | 39/157 [00:09<00:31,  3.80it/s][A

 25%|██▌       | 40/157 [00:10<00:30,  3.81it/s][A

 26%|██▌       | 41/157 [00:10<00:30,  3.82it/s][A

 27%|██▋       | 42/157 [00:10<00:30,  3.82it/s][A

 27%|██▋       | 43/157 [00:10<00:29,  3.81it/s][A

 28%|██▊       | 44/157 [00:11<00:29,  3.81it/s][A

 29%|██▊       | 45/157 [00:11<00:29,  3.85it/s][A

 29%|██▉       | 46/157 [00:11<00:28,  3.83it/s][A

 30%|██▉       | 47/157 [00:12<00:28,  3.83it/s][A

 31%|███       | 48/157 [00:12<00:28,  3.86it/s][A

 31%|███       | 49/157 [00:12<00:27,  3.89it/s][A

 32%|███▏      | 50/157 [00:12<00:27,  3.90it/s][A

 32%|███▏      | 51/157 [00:13<00:27,  3.91it/s][A

 33%|███▎      | 52/157 [00:13<00:27,  3.88it/s][A

 34%|███▍      | 53/157 [00:13<00:26,  3.86it/s][A

 34%|███▍      | 54/157 [00:13<00:26,  3.86it/s][A

 35%|███▌      | 55/157 [00:14<00:26,  3.85it/s][A

 36%|███▌      | 56/157 [00:14<00:26,  3.85it/s][A

 36%|███▋      | 57/157 [00:14<00:25,  3.86it/s][A

 37%|███▋      | 58/157 [00:14<00:25,  3.86it/s][A

 38%|███▊      | 59/157 [00:15<00:25,  3.85it/s][A

 38%|███▊      | 60/157 [00:15<00:25,  3.86it/s][A

 39%|███▉      | 61/157 [00:15<00:24,  3.86it/s][A

 39%|███▉      | 62/157 [00:15<00:24,  3.85it/s][A

 40%|████      | 63/157 [00:16<00:24,  3.83it/s][A

 41%|████      | 64/157 [00:16<00:24,  3.83it/s][A

 41%|████▏     | 65/157 [00:16<00:24,  3.83it/s][A

 42%|████▏     | 66/157 [00:16<00:23,  3.83it/s][A

 43%|████▎     | 67/157 [00:17<00:23,  3.83it/s][A

 43%|████▎     | 68/157 [00:17<00:23,  3.86it/s][A

 44%|████▍     | 69/157 [00:17<00:22,  3.84it/s][A

 45%|████▍     | 70/157 [00:17<00:22,  3.84it/s][A

 45%|████▌     | 71/157 [00:18<00:22,  3.83it/s][A

 46%|████▌     | 72/157 [00:18<00:22,  3.83it/s][A

 46%|████▋     | 73/157 [00:18<00:21,  3.85it/s][A

 47%|████▋     | 74/157 [00:19<00:21,  3.87it/s][A

 48%|████▊     | 75/157 [00:19<00:21,  3.89it/s][A

 48%|████▊     | 76/157 [00:19<00:20,  3.89it/s][A

 49%|████▉     | 77/157 [00:19<00:20,  3.90it/s][A

 50%|████▉     | 78/157 [00:20<00:20,  3.91it/s][A

 50%|█████     | 79/157 [00:20<00:19,  3.91it/s][A

 51%|█████     | 80/157 [00:20<00:19,  3.92it/s][A

 52%|█████▏    | 81/157 [00:20<00:19,  3.93it/s][A

 52%|█████▏    | 82/157 [00:21<00:19,  3.93it/s][A

 53%|█████▎    | 83/157 [00:21<00:18,  3.93it/s][A

 54%|█████▎    | 84/157 [00:21<00:18,  3.93it/s][A

 54%|█████▍    | 85/157 [00:21<00:18,  3.90it/s][A

 55%|█████▍    | 86/157 [00:22<00:18,  3.89it/s][A

 55%|█████▌    | 87/157 [00:22<00:17,  3.90it/s][A

 56%|█████▌    | 88/157 [00:22<00:17,  3.88it/s][A

 57%|█████▋    | 89/157 [00:22<00:17,  3.86it/s][A

 57%|█████▋    | 90/157 [00:23<00:17,  3.85it/s][A

 58%|█████▊    | 91/157 [00:23<00:17,  3.85it/s][A

 59%|█████▊    | 92/157 [00:23<00:16,  3.85it/s][A

 59%|█████▉    | 93/157 [00:23<00:16,  3.85it/s][A

 60%|█████▉    | 94/157 [00:24<00:16,  3.86it/s][A

 61%|██████    | 95/157 [00:24<00:15,  3.88it/s][A

 61%|██████    | 96/157 [00:24<00:15,  3.90it/s][A

 62%|██████▏   | 97/157 [00:24<00:15,  3.91it/s][A

 62%|██████▏   | 98/157 [00:25<00:15,  3.92it/s][A

 63%|██████▎   | 99/157 [00:25<00:14,  3.94it/s][A

 64%|██████▎   | 100/157 [00:25<00:14,  3.97it/s][A

 64%|██████▍   | 101/157 [00:25<00:14,  3.97it/s][A

 65%|██████▍   | 102/157 [00:26<00:13,  3.97it/s][A

 66%|██████▌   | 103/157 [00:26<00:13,  3.98it/s][A

 66%|██████▌   | 104/157 [00:26<00:13,  3.99it/s][A

 67%|██████▋   | 105/157 [00:26<00:12,  4.01it/s][A

 68%|██████▊   | 106/157 [00:27<00:12,  3.97it/s][A

 68%|██████▊   | 107/157 [00:27<00:12,  3.97it/s][A

 69%|██████▉   | 108/157 [00:27<00:12,  3.96it/s][A

 69%|██████▉   | 109/157 [00:27<00:12,  3.94it/s][A

 70%|███████   | 110/157 [00:28<00:11,  3.96it/s][A

 71%|███████   | 111/157 [00:28<00:11,  3.98it/s][A

 71%|███████▏  | 112/157 [00:28<00:11,  4.00it/s][A

 72%|███████▏  | 113/157 [00:28<00:10,  4.02it/s][A

 73%|███████▎  | 114/157 [00:29<00:10,  4.03it/s][A

 73%|███████▎  | 115/157 [00:29<00:10,  4.02it/s][A

 74%|███████▍  | 116/157 [00:29<00:10,  4.02it/s][A

 75%|███████▍  | 117/157 [00:29<00:09,  4.03it/s][A

 75%|███████▌  | 118/157 [00:30<00:09,  4.03it/s][A

 76%|███████▌  | 119/157 [00:30<00:09,  4.04it/s][A

 76%|███████▋  | 120/157 [00:30<00:09,  4.05it/s][A

 77%|███████▋  | 121/157 [00:30<00:08,  4.05it/s][A

 78%|███████▊  | 122/157 [00:31<00:08,  4.05it/s][A

 78%|███████▊  | 123/157 [00:31<00:08,  4.06it/s][A

 79%|███████▉  | 124/157 [00:31<00:08,  4.06it/s][A

 80%|███████▉  | 125/157 [00:31<00:07,  4.07it/s][A

 80%|████████  | 126/157 [00:32<00:07,  4.08it/s][A

 81%|████████  | 127/157 [00:32<00:07,  4.08it/s][A

 82%|████████▏ | 128/157 [00:32<00:07,  4.06it/s][A

 82%|████████▏ | 129/157 [00:32<00:06,  4.01it/s][A

 83%|████████▎ | 130/157 [00:33<00:06,  3.99it/s][A

 83%|████████▎ | 131/157 [00:33<00:06,  3.94it/s][A

 84%|████████▍ | 132/157 [00:33<00:06,  3.89it/s][A

 85%|████████▍ | 133/157 [00:33<00:06,  3.88it/s][A

 85%|████████▌ | 134/157 [00:34<00:05,  3.87it/s][A

 86%|████████▌ | 135/157 [00:34<00:05,  3.85it/s][A

 87%|████████▋ | 136/157 [00:34<00:05,  3.84it/s][A

 87%|████████▋ | 137/157 [00:34<00:05,  3.85it/s][A

 88%|████████▊ | 138/157 [00:35<00:04,  3.87it/s][A

 89%|████████▊ | 139/157 [00:35<00:04,  3.88it/s][A

 89%|████████▉ | 140/157 [00:35<00:04,  3.86it/s][A

 90%|████████▉ | 141/157 [00:35<00:04,  3.85it/s][A

 90%|█████████ | 142/157 [00:36<00:03,  3.85it/s][A

 91%|█████████ | 143/157 [00:36<00:03,  3.86it/s][A

 92%|█████████▏| 144/157 [00:36<00:03,  3.88it/s][A

 92%|█████████▏| 145/157 [00:37<00:03,  3.87it/s][A

 93%|█████████▎| 146/157 [00:37<00:02,  3.86it/s][A

 94%|█████████▎| 147/157 [00:37<00:02,  3.85it/s][A

 94%|█████████▍| 148/157 [00:37<00:02,  3.84it/s][A

 95%|█████████▍| 149/157 [00:38<00:02,  3.83it/s][A

 96%|█████████▌| 150/157 [00:38<00:01,  3.84it/s][A

 96%|█████████▌| 151/157 [00:38<00:01,  3.84it/s][A

 97%|█████████▋| 152/157 [00:38<00:01,  3.86it/s][A

 97%|█████████▋| 153/157 [00:39<00:01,  3.86it/s][A

 98%|█████████▊| 154/157 [00:39<00:00,  3.85it/s][A

 99%|█████████▊| 155/157 [00:39<00:00,  3.85it/s][A

 99%|█████████▉| 156/157 [00:39<00:00,  3.83it/s][A

100%|██████████| 157/157 [00:40<00:00,  4.16it/s][A{'eval_loss': 5.813839912414551, 'eval_runtime': 40.4556, 'eval_samples_per_second': 123.592, 'eval_steps_per_second': 3.881, 'epoch': 0.0}

                                                      

                                                 
[A
  0%|          | 300/60627 [05:42<12:03:40,  1.39it/s]

100%|██████████| 157/157 [00:40<00:00,  4.16it/s][A

                                                 [A
  0%|          | 301/60627 [05:45<227:32:20, 13.58s/it]{'loss': 5.1736, 'grad_norm': 0.71875, 'learning_rate': 0.0005999747855549102, 'epoch': 0.0}

                                                       

  0%|          | 301/60627 [05:45<227:32:20, 13.58s/it]
  0%|          | 302/60627 [05:46<162:53:38,  9.72s/it]
                                                       
{'loss': 5.3392, 'grad_norm': 0.703125, 'learning_rate': 0.0005999745834387724, 'epoch': 0.0}

  0%|          | 302/60627 [05:46<162:53:38,  9.72s/it]
  0%|          | 303/60627 [05:46<117:38:23,  7.02s/it]
                                                       
{'loss': 5.1189, 'grad_norm': 0.93359375, 'learning_rate': 0.0005999743805158293, 'epoch': 0.0}

  0%|          | 303/60627 [05:46<117:38:23,  7.02s/it]
  1%|          | 304/60627 [05:47<86:00:17,  5.13s/it] 
                                                      
{'loss': 5.0685, 'grad_norm': 0.6484375, 'learning_rate': 0.0005999741767860817, 'epoch': 0.01}

  1%|          | 304/60627 [05:47<86:00:17,  5.13s/it]
  1%|          | 305/60627 [05:48<63:48:33,  3.81s/it]
                                                      
{'loss': 4.8432, 'grad_norm': 0.84765625, 'learning_rate': 0.00059997397224953, 'epoch': 0.01}

  1%|          | 305/60627 [05:48<63:48:33,  3.81s/it]
  1%|          | 306/60627 [05:48<48:16:57,  2.88s/it]
                                                      
{'loss': 5.1407, 'grad_norm': 0.734375, 'learning_rate': 0.0005999737669061747, 'epoch': 0.01}

  1%|          | 306/60627 [05:48<48:16:57,  2.88s/it]
  1%|          | 307/60627 [05:49<37:24:29,  2.23s/it]
                                                      
{'loss': 5.1539, 'grad_norm': 0.8359375, 'learning_rate': 0.0005999735607560164, 'epoch': 0.01}

  1%|          | 307/60627 [05:49<37:24:29,  2.23s/it]
  1%|          | 308/60627 [05:50<29:47:42,  1.78s/it]
                                                      
{'loss': 4.9669, 'grad_norm': 0.7578125, 'learning_rate': 0.0005999733537990559, 'epoch': 0.01}

  1%|          | 308/60627 [05:50<29:47:42,  1.78s/it]
  1%|          | 309/60627 [05:51<24:31:42,  1.46s/it]
                                                      
{'loss': 5.5787, 'grad_norm': 0.83203125, 'learning_rate': 0.0005999731460352932, 'epoch': 0.01}

  1%|          | 309/60627 [05:51<24:31:42,  1.46s/it]
  1%|          | 310/60627 [05:51<20:47:12,  1.24s/it]
                                                      
{'loss': 5.1375, 'grad_norm': 0.7421875, 'learning_rate': 0.0005999729374647294, 'epoch': 0.01}

  1%|          | 310/60627 [05:51<20:47:12,  1.24s/it]
  1%|          | 311/60627 [05:52<18:10:49,  1.09s/it]{'loss': 5.3434, 'grad_norm': 0.78515625, 'learning_rate': 0.0005999727280873646, 'epoch': 0.01}

                                                      

  1%|          | 311/60627 [05:52<18:10:49,  1.09s/it]
  1%|          | 312/60627 [05:53<16:20:53,  1.02it/s]
                                                      
{'loss': 4.9466, 'grad_norm': 0.87109375, 'learning_rate': 0.0005999725179031999, 'epoch': 0.01}

  1%|          | 312/60627 [05:53<16:20:53,  1.02it/s]
  1%|          | 313/60627 [05:53<15:01:21,  1.12it/s]
                                                      
{'loss': 5.3658, 'grad_norm': 0.78515625, 'learning_rate': 0.0005999723069122354, 'epoch': 0.01}

  1%|          | 313/60627 [05:54<15:01:21,  1.12it/s]
  1%|          | 314/60627 [05:54<14:06:33,  1.19it/s]
                                                      
{'loss': 5.4468, 'grad_norm': 0.7578125, 'learning_rate': 0.0005999720951144718, 'epoch': 0.01}

  1%|          | 314/60627 [05:54<14:06:33,  1.19it/s]
  1%|          | 315/60627 [05:55<13:33:45,  1.24it/s]
                                                      
{'loss': 5.6141, 'grad_norm': 0.875, 'learning_rate': 0.0005999718825099098, 'epoch': 0.01}

  1%|          | 315/60627 [05:55<13:33:45,  1.24it/s]
  1%|          | 316/60627 [05:56<13:06:37,  1.28it/s]{'loss': 5.2382, 'grad_norm': 0.68359375, 'learning_rate': 0.0005999716690985498, 'epoch': 0.01}

                                                      

  1%|          | 316/60627 [05:56<13:06:37,  1.28it/s]
  1%|          | 317/60627 [05:56<12:49:19,  1.31it/s]
                                                      
{'loss': 5.3311, 'grad_norm': 0.8203125, 'learning_rate': 0.0005999714548803926, 'epoch': 0.01}

  1%|          | 317/60627 [05:56<12:49:19,  1.31it/s]
  1%|          | 318/60627 [05:57<12:36:55,  1.33it/s]
                                                      
{'loss': 5.1262, 'grad_norm': 0.671875, 'learning_rate': 0.0005999712398554385, 'epoch': 0.01}

  1%|          | 318/60627 [05:57<12:36:55,  1.33it/s]
  1%|          | 319/60627 [05:58<12:26:30,  1.35it/s]
                                                      
{'loss': 5.1331, 'grad_norm': 0.953125, 'learning_rate': 0.0005999710240236882, 'epoch': 0.01}

  1%|          | 319/60627 [05:58<12:26:30,  1.35it/s]
  1%|          | 320/60627 [05:59<12:20:53,  1.36it/s]
                                                      
{'loss': 4.9813, 'grad_norm': 0.82421875, 'learning_rate': 0.0005999708073851424, 'epoch': 0.01}

  1%|          | 320/60627 [05:59<12:20:53,  1.36it/s]
  1%|          | 321/60627 [05:59<12:16:58,  1.36it/s]
                                                      
{'loss': 5.1175, 'grad_norm': 0.76953125, 'learning_rate': 0.0005999705899398015, 'epoch': 0.01}

  1%|          | 321/60627 [05:59<12:16:58,  1.36it/s]
  1%|          | 322/60627 [06:00<12:11:26,  1.37it/s]
                                                      
{'loss': 5.2033, 'grad_norm': 1.0078125, 'learning_rate': 0.000599970371687666, 'epoch': 0.01}

  1%|          | 322/60627 [06:00<12:11:26,  1.37it/s]
  1%|          | 323/60627 [06:01<12:11:49,  1.37it/s]{'loss': 5.4106, 'grad_norm': 0.71875, 'learning_rate': 0.0005999701526287368, 'epoch': 0.01}

                                                      

  1%|          | 323/60627 [06:01<12:11:49,  1.37it/s]
  1%|          | 324/60627 [06:01<12:10:36,  1.38it/s]
                                                      
{'loss': 4.76, 'grad_norm': 0.86328125, 'learning_rate': 0.0005999699327630144, 'epoch': 0.01}

  1%|          | 324/60627 [06:01<12:10:36,  1.38it/s]
  1%|          | 325/60627 [06:02<12:10:33,  1.38it/s]{'loss': 5.3721, 'grad_norm': 0.91015625, 'learning_rate': 0.0005999697120904992, 'epoch': 0.01}

                                                      

  1%|          | 325/60627 [06:02<12:10:33,  1.38it/s]
  1%|          | 326/60627 [06:03<12:09:53,  1.38it/s]{'loss': 5.1747, 'grad_norm': 0.69140625, 'learning_rate': 0.000599969490611192, 'epoch': 0.01}

                                                      

  1%|          | 326/60627 [06:03<12:09:53,  1.38it/s]
  1%|          | 327/60627 [06:04<12:06:50,  1.38it/s]
                                                      
{'loss': 4.9881, 'grad_norm': 0.98046875, 'learning_rate': 0.0005999692683250933, 'epoch': 0.01}

  1%|          | 327/60627 [06:04<12:06:50,  1.38it/s]
  1%|          | 328/60627 [06:04<12:09:10,  1.38it/s]
                                                      
{'loss': 5.4572, 'grad_norm': 0.6875, 'learning_rate': 0.0005999690452322036, 'epoch': 0.01}

  1%|          | 328/60627 [06:04<12:09:10,  1.38it/s]
  1%|          | 329/60627 [06:05<12:06:28,  1.38it/s]
                                                      
{'loss': 5.1773, 'grad_norm': 0.68359375, 'learning_rate': 0.0005999688213325237, 'epoch': 0.01}

  1%|          | 329/60627 [06:05<12:06:28,  1.38it/s]
  1%|          | 330/60627 [06:06<12:05:30,  1.39it/s]
                                                      
{'loss': 5.1812, 'grad_norm': 0.67578125, 'learning_rate': 0.0005999685966260542, 'epoch': 0.01}

  1%|          | 330/60627 [06:06<12:05:30,  1.39it/s]
  1%|          | 331/60627 [06:07<12:06:26,  1.38it/s]
                                                      
{'loss': 5.003, 'grad_norm': 0.7578125, 'learning_rate': 0.0005999683711127955, 'epoch': 0.01}

  1%|          | 331/60627 [06:07<12:06:26,  1.38it/s]
  1%|          | 332/60627 [06:07<12:04:01,  1.39it/s]
                                                      
{'loss': 4.6371, 'grad_norm': 0.66796875, 'learning_rate': 0.0005999681447927483, 'epoch': 0.01}

  1%|          | 332/60627 [06:07<12:04:01,  1.39it/s]
  1%|          | 333/60627 [06:08<12:05:22,  1.39it/s]
                                                      
{'loss': 5.2796, 'grad_norm': 0.80859375, 'learning_rate': 0.0005999679176659133, 'epoch': 0.01}

  1%|          | 333/60627 [06:08<12:05:22,  1.39it/s]
  1%|          | 334/60627 [06:09<12:04:31,  1.39it/s]
                                                      
{'loss': 5.2003, 'grad_norm': 0.6953125, 'learning_rate': 0.000599967689732291, 'epoch': 0.01}

  1%|          | 334/60627 [06:09<12:04:31,  1.39it/s]
  1%|          | 335/60627 [06:09<12:05:08,  1.39it/s]
                                                      
{'loss': 5.1303, 'grad_norm': 0.7734375, 'learning_rate': 0.0005999674609918821, 'epoch': 0.01}

  1%|          | 335/60627 [06:09<12:05:08,  1.39it/s]
  1%|          | 336/60627 [06:10<12:01:44,  1.39it/s]
                                                      
{'loss': 5.3953, 'grad_norm': 0.765625, 'learning_rate': 0.0005999672314446872, 'epoch': 0.01}

  1%|          | 336/60627 [06:10<12:01:44,  1.39it/s]
  1%|          | 337/60627 [06:11<12:01:28,  1.39it/s]
                                                      
{'loss': 5.0725, 'grad_norm': 0.65625, 'learning_rate': 0.0005999670010907068, 'epoch': 0.01}

  1%|          | 337/60627 [06:11<12:01:28,  1.39it/s]
  1%|          | 338/60627 [06:12<11:59:55,  1.40it/s]
                                                      
{'loss': 4.7644, 'grad_norm': 0.83203125, 'learning_rate': 0.0005999667699299417, 'epoch': 0.01}

  1%|          | 338/60627 [06:12<11:59:55,  1.40it/s]
  1%|          | 339/60627 [06:12<12:01:23,  1.39it/s]
                                                      
{'loss': 5.1291, 'grad_norm': 0.703125, 'learning_rate': 0.0005999665379623923, 'epoch': 0.01}

  1%|          | 339/60627 [06:12<12:01:23,  1.39it/s]
  1%|          | 340/60627 [06:13<12:03:35,  1.39it/s]
                                                      
{'loss': 5.1593, 'grad_norm': 0.63671875, 'learning_rate': 0.0005999663051880595, 'epoch': 0.01}

  1%|          | 340/60627 [06:13<12:03:35,  1.39it/s]
  1%|          | 341/60627 [06:14<12:05:26,  1.39it/s]{'loss': 4.955, 'grad_norm': 0.69921875, 'learning_rate': 0.0005999660716069436, 'epoch': 0.01}

                                                      

  1%|          | 341/60627 [06:14<12:05:26,  1.39it/s]
  1%|          | 342/60627 [06:14<12:08:16,  1.38it/s]{'loss': 5.4837, 'grad_norm': 0.6171875, 'learning_rate': 0.0005999658372190455, 'epoch': 0.01}

                                                      

  1%|          | 342/60627 [06:14<12:08:16,  1.38it/s]
  1%|          | 343/60627 [06:15<12:08:38,  1.38it/s]
                                                      
{'loss': 5.4842, 'grad_norm': 0.7109375, 'learning_rate': 0.0005999656020243658, 'epoch': 0.01}

  1%|          | 343/60627 [06:15<12:08:38,  1.38it/s]
  1%|          | 344/60627 [06:16<12:05:54,  1.38it/s]{'loss': 4.9903, 'grad_norm': 0.6875, 'learning_rate': 0.0005999653660229051, 'epoch': 0.01}

                                                      

  1%|          | 344/60627 [06:16<12:05:54,  1.38it/s]
  1%|          | 345/60627 [06:17<12:01:28,  1.39it/s]{'loss': 5.2964, 'grad_norm': 0.76171875, 'learning_rate': 0.0005999651292146639, 'epoch': 0.01}

                                                      

  1%|          | 345/60627 [06:17<12:01:28,  1.39it/s]
  1%|          | 346/60627 [06:17<12:01:32,  1.39it/s]
                                                      
{'loss': 4.9694, 'grad_norm': 0.64453125, 'learning_rate': 0.0005999648915996429, 'epoch': 0.01}

  1%|          | 346/60627 [06:17<12:01:32,  1.39it/s]
  1%|          | 347/60627 [06:18<12:02:16,  1.39it/s]
                                                      
{'loss': 5.1796, 'grad_norm': 0.79296875, 'learning_rate': 0.0005999646531778429, 'epoch': 0.01}

  1%|          | 347/60627 [06:18<12:02:16,  1.39it/s]
  1%|          | 348/60627 [06:19<12:05:16,  1.39it/s]
                                                      
{'loss': 5.4259, 'grad_norm': 0.73046875, 'learning_rate': 0.0005999644139492643, 'epoch': 0.01}

  1%|          | 348/60627 [06:19<12:05:16,  1.39it/s]
  1%|          | 349/60627 [06:19<12:05:25,  1.38it/s]
                                                      
{'loss': 5.0612, 'grad_norm': 0.69921875, 'learning_rate': 0.0005999641739139079, 'epoch': 0.01}

  1%|          | 349/60627 [06:19<12:05:25,  1.38it/s]
  1%|          | 350/60627 [06:20<12:04:44,  1.39it/s]
                                                      
{'loss': 5.2539, 'grad_norm': 0.7734375, 'learning_rate': 0.0005999639330717744, 'epoch': 0.01}

  1%|          | 350/60627 [06:20<12:04:44,  1.39it/s]
  1%|          | 351/60627 [06:21<12:04:24,  1.39it/s]
                                                      
{'loss': 4.9467, 'grad_norm': 0.8515625, 'learning_rate': 0.0005999636914228643, 'epoch': 0.01}

  1%|          | 351/60627 [06:21<12:04:24,  1.39it/s]
  1%|          | 352/60627 [06:22<12:04:45,  1.39it/s]
                                                      
{'loss': 5.0813, 'grad_norm': 0.8125, 'learning_rate': 0.0005999634489671783, 'epoch': 0.01}

  1%|          | 352/60627 [06:22<12:04:45,  1.39it/s]
  1%|          | 353/60627 [06:22<12:04:35,  1.39it/s]
                                                      
{'loss': 4.8212, 'grad_norm': 0.75, 'learning_rate': 0.0005999632057047171, 'epoch': 0.01}

  1%|          | 353/60627 [06:22<12:04:35,  1.39it/s]
  1%|          | 354/60627 [06:23<12:06:16,  1.38it/s]
                                                      
{'loss': 5.0562, 'grad_norm': 0.75, 'learning_rate': 0.0005999629616354813, 'epoch': 0.01}

  1%|          | 354/60627 [06:23<12:06:16,  1.38it/s]
  1%|          | 355/60627 [06:24<12:06:11,  1.38it/s]
                                                      
{'loss': 5.0051, 'grad_norm': 0.8828125, 'learning_rate': 0.0005999627167594715, 'epoch': 0.01}

  1%|          | 355/60627 [06:24<12:06:11,  1.38it/s]
  1%|          | 356/60627 [06:25<12:04:43,  1.39it/s]
                                                      
{'loss': 5.2482, 'grad_norm': 0.87890625, 'learning_rate': 0.0005999624710766885, 'epoch': 0.01}

  1%|          | 356/60627 [06:25<12:04:43,  1.39it/s]
  1%|          | 357/60627 [06:25<12:06:01,  1.38it/s]
                                                      
{'loss': 4.9418, 'grad_norm': 0.703125, 'learning_rate': 0.000599962224587133, 'epoch': 0.01}

  1%|          | 357/60627 [06:25<12:06:01,  1.38it/s]
  1%|          | 358/60627 [06:26<12:07:57,  1.38it/s]
                                                      
{'loss': 5.5488, 'grad_norm': 0.82421875, 'learning_rate': 0.0005999619772908053, 'epoch': 0.01}

  1%|          | 358/60627 [06:26<12:07:57,  1.38it/s]
  1%|          | 359/60627 [06:27<12:04:03,  1.39it/s]
                                                      
{'loss': 4.9438, 'grad_norm': 0.8359375, 'learning_rate': 0.0005999617291877066, 'epoch': 0.01}

  1%|          | 359/60627 [06:27<12:04:03,  1.39it/s]
  1%|          | 360/60627 [06:27<12:05:39,  1.38it/s]
                                                      
{'loss': 4.7193, 'grad_norm': 0.71875, 'learning_rate': 0.000599961480277837, 'epoch': 0.01}

  1%|          | 360/60627 [06:27<12:05:39,  1.38it/s]
  1%|          | 361/60627 [06:28<12:04:49,  1.39it/s]{'loss': 5.28, 'grad_norm': 0.8125, 'learning_rate': 0.0005999612305611977, 'epoch': 0.01}

                                                      

  1%|          | 361/60627 [06:28<12:04:49,  1.39it/s]
  1%|          | 362/60627 [06:29<12:04:42,  1.39it/s]
                                                      
{'loss': 5.1334, 'grad_norm': 0.8359375, 'learning_rate': 0.000599960980037789, 'epoch': 0.01}

  1%|          | 362/60627 [06:29<12:04:42,  1.39it/s]
  1%|          | 363/60627 [06:30<12:04:37,  1.39it/s]
                                                      
{'loss': 5.0676, 'grad_norm': 0.75390625, 'learning_rate': 0.0005999607287076118, 'epoch': 0.01}

  1%|          | 363/60627 [06:30<12:04:37,  1.39it/s]
  1%|          | 364/60627 [06:30<12:03:25,  1.39it/s]
                                                      
{'loss': 5.1903, 'grad_norm': 0.75390625, 'learning_rate': 0.0005999604765706666, 'epoch': 0.01}

  1%|          | 364/60627 [06:30<12:03:25,  1.39it/s]
  1%|          | 365/60627 [06:31<12:04:44,  1.39it/s]
                                                      
{'loss': 5.4465, 'grad_norm': 0.75390625, 'learning_rate': 0.000599960223626954, 'epoch': 0.01}

  1%|          | 365/60627 [06:31<12:04:44,  1.39it/s]
  1%|          | 366/60627 [06:32<12:05:26,  1.38it/s]
                                                      
{'loss': 5.0645, 'grad_norm': 1.03125, 'learning_rate': 0.0005999599698764751, 'epoch': 0.01}

  1%|          | 366/60627 [06:32<12:05:26,  1.38it/s]
  1%|          | 367/60627 [06:32<12:05:35,  1.38it/s]{'loss': 5.0189, 'grad_norm': 0.6796875, 'learning_rate': 0.0005999597153192303, 'epoch': 0.01}

                                                      

  1%|          | 367/60627 [06:32<12:05:35,  1.38it/s]
  1%|          | 368/60627 [06:33<12:06:45,  1.38it/s]{'loss': 4.8868, 'grad_norm': 0.75390625, 'learning_rate': 0.0005999594599552202, 'epoch': 0.01}

                                                      

  1%|          | 368/60627 [06:33<12:06:45,  1.38it/s]
  1%|          | 369/60627 [06:34<12:04:00,  1.39it/s]{'loss': 4.8772, 'grad_norm': 0.83203125, 'learning_rate': 0.0005999592037844457, 'epoch': 0.01}

                                                      

  1%|          | 369/60627 [06:34<12:04:00,  1.39it/s]
  1%|          | 370/60627 [06:35<12:05:28,  1.38it/s]{'loss': 4.8969, 'grad_norm': 0.62890625, 'learning_rate': 0.0005999589468069072, 'epoch': 0.01}

                                                      

  1%|          | 370/60627 [06:35<12:05:28,  1.38it/s]
  1%|          | 371/60627 [06:35<12:05:26,  1.38it/s]{'loss': 5.1803, 'grad_norm': 0.6640625, 'learning_rate': 0.0005999586890226057, 'epoch': 0.01}

                                                      

  1%|          | 371/60627 [06:35<12:05:26,  1.38it/s]
  1%|          | 372/60627 [06:36<12:07:40,  1.38it/s]{'loss': 4.7521, 'grad_norm': 0.64453125, 'learning_rate': 0.0005999584304315417, 'epoch': 0.01}

                                                      

  1%|          | 372/60627 [06:36<12:07:40,  1.38it/s]
  1%|          | 373/60627 [06:37<12:05:30,  1.38it/s]{'loss': 4.6249, 'grad_norm': 0.7109375, 'learning_rate': 0.000599958171033716, 'epoch': 0.01}

                                                      

  1%|          | 373/60627 [06:37<12:05:30,  1.38it/s]
  1%|          | 374/60627 [06:38<12:07:34,  1.38it/s]
                                                      
{'loss': 4.9988, 'grad_norm': 0.76953125, 'learning_rate': 0.0005999579108291293, 'epoch': 0.01}

  1%|          | 374/60627 [06:38<12:07:34,  1.38it/s]
  1%|          | 375/60627 [06:38<12:07:18,  1.38it/s]{'loss': 5.0438, 'grad_norm': 0.69921875, 'learning_rate': 0.0005999576498177822, 'epoch': 0.01}

                                                      

  1%|          | 375/60627 [06:38<12:07:18,  1.38it/s]
  1%|          | 376/60627 [06:39<12:07:31,  1.38it/s]
                                                      
{'loss': 5.0412, 'grad_norm': 0.70703125, 'learning_rate': 0.0005999573879996754, 'epoch': 0.01}

  1%|          | 376/60627 [06:39<12:07:31,  1.38it/s]
  1%|          | 377/60627 [06:40<12:09:10,  1.38it/s]
                                                      
{'loss': 5.3899, 'grad_norm': 0.7421875, 'learning_rate': 0.0005999571253748097, 'epoch': 0.01}

  1%|          | 377/60627 [06:40<12:09:10,  1.38it/s]
  1%|          | 378/60627 [06:40<12:07:02,  1.38it/s]{'loss': 4.9218, 'grad_norm': 0.76953125, 'learning_rate': 0.0005999568619431858, 'epoch': 0.01}

                                                      

  1%|          | 378/60627 [06:40<12:07:02,  1.38it/s]
  1%|          | 379/60627 [06:41<12:06:11,  1.38it/s]
                                                      
{'loss': 4.7594, 'grad_norm': 0.73046875, 'learning_rate': 0.0005999565977048044, 'epoch': 0.01}

  1%|          | 379/60627 [06:41<12:06:11,  1.38it/s]
  1%|          | 380/60627 [06:42<12:04:26,  1.39it/s]
                                                      
{'loss': 4.7151, 'grad_norm': 0.68359375, 'learning_rate': 0.0005999563326596661, 'epoch': 0.01}

  1%|          | 380/60627 [06:42<12:04:26,  1.39it/s]
  1%|          | 381/60627 [06:43<12:00:54,  1.39it/s]
                                                      
{'loss': 4.7671, 'grad_norm': 0.7734375, 'learning_rate': 0.0005999560668077718, 'epoch': 0.01}

  1%|          | 381/60627 [06:43<12:00:54,  1.39it/s]
  1%|          | 382/60627 [06:43<12:04:04,  1.39it/s]{'loss': 4.8974, 'grad_norm': 0.63671875, 'learning_rate': 0.0005999558001491221, 'epoch': 0.01}

                                                      

  1%|          | 382/60627 [06:43<12:04:04,  1.39it/s]
  1%|          | 383/60627 [06:44<12:03:04,  1.39it/s]
                                                      
{'loss': 5.0852, 'grad_norm': 0.7890625, 'learning_rate': 0.0005999555326837178, 'epoch': 0.01}

  1%|          | 383/60627 [06:44<12:03:04,  1.39it/s]
  1%|          | 384/60627 [06:45<12:05:55,  1.38it/s]
                                                      
{'loss': 5.06, 'grad_norm': 0.83984375, 'learning_rate': 0.0005999552644115594, 'epoch': 0.01}

  1%|          | 384/60627 [06:45<12:05:55,  1.38it/s]
  1%|          | 385/60627 [06:45<12:03:15,  1.39it/s]
                                                      
{'loss': 5.07, 'grad_norm': 0.6875, 'learning_rate': 0.0005999549953326478, 'epoch': 0.01}

  1%|          | 385/60627 [06:45<12:03:15,  1.39it/s]
  1%|          | 386/60627 [06:46<12:01:09,  1.39it/s]
                                                      
{'loss': 4.9961, 'grad_norm': 0.95703125, 'learning_rate': 0.0005999547254469837, 'epoch': 0.01}

  1%|          | 386/60627 [06:46<12:01:09,  1.39it/s]
  1%|          | 387/60627 [06:47<12:02:32,  1.39it/s]
                                                      
{'loss': 4.8604, 'grad_norm': 0.69921875, 'learning_rate': 0.000599954454754568, 'epoch': 0.01}

  1%|          | 387/60627 [06:47<12:02:32,  1.39it/s]
  1%|          | 388/60627 [06:48<12:01:30,  1.39it/s]{'loss': 4.953, 'grad_norm': 0.69921875, 'learning_rate': 0.0005999541832554011, 'epoch': 0.01}

                                                      

  1%|          | 388/60627 [06:48<12:01:30,  1.39it/s]
  1%|          | 389/60627 [06:48<12:04:02,  1.39it/s]
                                                      
{'loss': 4.8945, 'grad_norm': 0.78515625, 'learning_rate': 0.0005999539109494838, 'epoch': 0.01}

  1%|          | 389/60627 [06:48<12:04:02,  1.39it/s]
  1%|          | 390/60627 [06:49<11:59:56,  1.39it/s]{'loss': 4.7775, 'grad_norm': 0.89453125, 'learning_rate': 0.000599953637836817, 'epoch': 0.01}

                                                      

  1%|          | 390/60627 [06:49<11:59:56,  1.39it/s]
  1%|          | 391/60627 [06:50<12:01:48,  1.39it/s]
                                                      
{'loss': 5.0082, 'grad_norm': 0.61328125, 'learning_rate': 0.0005999533639174014, 'epoch': 0.01}

  1%|          | 391/60627 [06:50<12:01:48,  1.39it/s]
  1%|          | 392/60627 [06:50<12:01:00,  1.39it/s]
                                                      
{'loss': 4.8552, 'grad_norm': 0.76171875, 'learning_rate': 0.0005999530891912376, 'epoch': 0.01}

  1%|          | 392/60627 [06:51<12:01:00,  1.39it/s]
  1%|          | 393/60627 [06:51<12:02:47,  1.39it/s]
                                                      
{'loss': 4.7371, 'grad_norm': 0.734375, 'learning_rate': 0.0005999528136583264, 'epoch': 0.01}

  1%|          | 393/60627 [06:51<12:02:47,  1.39it/s]
  1%|          | 394/60627 [06:52<12:05:08,  1.38it/s]
                                                      
{'loss': 4.9246, 'grad_norm': 0.6953125, 'learning_rate': 0.0005999525373186687, 'epoch': 0.01}

  1%|          | 394/60627 [06:52<12:05:08,  1.38it/s]
  1%|          | 395/60627 [06:53<12:07:16,  1.38it/s]
                                                      
{'loss': 5.2127, 'grad_norm': 0.6796875, 'learning_rate': 0.0005999522601722651, 'epoch': 0.01}

  1%|          | 395/60627 [06:53<12:07:16,  1.38it/s]
  1%|          | 396/60627 [06:53<12:04:33,  1.39it/s]{'loss': 5.0295, 'grad_norm': 0.65234375, 'learning_rate': 0.0005999519822191163, 'epoch': 0.01}

                                                      

  1%|          | 396/60627 [06:53<12:04:33,  1.39it/s]
  1%|          | 397/60627 [06:54<12:06:31,  1.38it/s]{'loss': 5.1908, 'grad_norm': 0.69140625, 'learning_rate': 0.000599951703459223, 'epoch': 0.01}

                                                      

  1%|          | 397/60627 [06:54<12:06:31,  1.38it/s]
  1%|          | 398/60627 [06:55<12:07:18,  1.38it/s]{'loss': 4.8318, 'grad_norm': 0.6328125, 'learning_rate': 0.0005999514238925862, 'epoch': 0.01}

                                                      

  1%|          | 398/60627 [06:55<12:07:18,  1.38it/s]
  1%|          | 399/60627 [06:56<12:07:46,  1.38it/s]
                                                      
{'loss': 5.035, 'grad_norm': 0.74609375, 'learning_rate': 0.0005999511435192064, 'epoch': 0.01}

  1%|          | 399/60627 [06:56<12:07:46,  1.38it/s]
  1%|          | 400/60627 [06:56<12:06:07,  1.38it/s]
                                                      
{'loss': 4.9963, 'grad_norm': 0.71484375, 'learning_rate': 0.0005999508623390846, 'epoch': 0.01}

  1%|          | 400/60627 [06:56<12:06:07,  1.38it/s]

  0%|          | 0/157 [00:00<?, ?it/s][A

  1%|▏         | 2/157 [00:00<00:20,  7.66it/s][A

  2%|▏         | 3/157 [00:00<00:28,  5.39it/s][A

  3%|▎         | 4/157 [00:00<00:32,  4.67it/s][A

  3%|▎         | 5/157 [00:01<00:35,  4.33it/s][A

  4%|▍         | 6/157 [00:01<00:36,  4.16it/s][A

  4%|▍         | 7/157 [00:01<00:36,  4.06it/s][A

  5%|▌         | 8/157 [00:01<00:37,  3.99it/s][A

  6%|▌         | 9/157 [00:02<00:37,  3.94it/s][A

  6%|▋         | 10/157 [00:02<00:37,  3.91it/s][A

  7%|▋         | 11/157 [00:02<00:37,  3.88it/s][A

  8%|▊         | 12/157 [00:02<00:37,  3.86it/s][A

  8%|▊         | 13/157 [00:03<00:37,  3.85it/s][A

  9%|▉         | 14/157 [00:03<00:36,  3.87it/s][A

 10%|▉         | 15/157 [00:03<00:36,  3.86it/s][A

 10%|█         | 16/157 [00:03<00:36,  3.84it/s][A

 11%|█         | 17/157 [00:04<00:36,  3.83it/s][A

 11%|█▏        | 18/157 [00:04<00:36,  3.82it/s][A

 12%|█▏        | 19/157 [00:04<00:36,  3.81it/s][A

 13%|█▎        | 20/157 [00:04<00:35,  3.85it/s][A

 13%|█▎        | 21/157 [00:05<00:35,  3.83it/s][A

 14%|█▍        | 22/157 [00:05<00:35,  3.84it/s][A

 15%|█▍        | 23/157 [00:05<00:34,  3.84it/s][A

 15%|█▌        | 24/157 [00:05<00:34,  3.84it/s][A

 16%|█▌        | 25/157 [00:06<00:34,  3.83it/s][A

 17%|█▋        | 26/157 [00:06<00:34,  3.84it/s][A

 17%|█▋        | 27/157 [00:06<00:33,  3.83it/s][A

 18%|█▊        | 28/157 [00:07<00:33,  3.82it/s][A

 18%|█▊        | 29/157 [00:07<00:33,  3.82it/s][A

 19%|█▉        | 30/157 [00:07<00:33,  3.82it/s][A

 20%|█▉        | 31/157 [00:07<00:32,  3.82it/s][A

 20%|██        | 32/157 [00:08<00:32,  3.83it/s][A

 21%|██        | 33/157 [00:08<00:32,  3.82it/s][A

 22%|██▏       | 34/157 [00:08<00:32,  3.82it/s][A

 22%|██▏       | 35/157 [00:08<00:31,  3.82it/s][A

 23%|██▎       | 36/157 [00:09<00:31,  3.82it/s][A

 24%|██▎       | 37/157 [00:09<00:31,  3.81it/s][A

 24%|██▍       | 38/157 [00:09<00:31,  3.81it/s][A

 25%|██▍       | 39/157 [00:09<00:30,  3.81it/s][A

 25%|██▌       | 40/157 [00:10<00:30,  3.81it/s][A

 26%|██▌       | 41/157 [00:10<00:30,  3.82it/s][A

 27%|██▋       | 42/157 [00:10<00:30,  3.82it/s][A

 27%|██▋       | 43/157 [00:10<00:29,  3.81it/s][A

 28%|██▊       | 44/157 [00:11<00:29,  3.81it/s][A

 29%|██▊       | 45/157 [00:11<00:29,  3.84it/s][A

 29%|██▉       | 46/157 [00:11<00:28,  3.83it/s][A

 30%|██▉       | 47/157 [00:12<00:28,  3.83it/s][A

 31%|███       | 48/157 [00:12<00:28,  3.86it/s][A

 31%|███       | 49/157 [00:12<00:27,  3.88it/s][A

 32%|███▏      | 50/157 [00:12<00:27,  3.89it/s][A

 32%|███▏      | 51/157 [00:13<00:27,  3.90it/s][A

 33%|███▎      | 52/157 [00:13<00:27,  3.87it/s][A

 34%|███▍      | 53/157 [00:13<00:27,  3.85it/s][A

 34%|███▍      | 54/157 [00:13<00:26,  3.85it/s][A

 35%|███▌      | 55/157 [00:14<00:26,  3.84it/s][A

 36%|███▌      | 56/157 [00:14<00:26,  3.84it/s][A

 36%|███▋      | 57/157 [00:14<00:25,  3.86it/s][A

 37%|███▋      | 58/157 [00:14<00:25,  3.86it/s][A

 38%|███▊      | 59/157 [00:15<00:25,  3.85it/s][A

 38%|███▊      | 60/157 [00:15<00:25,  3.85it/s][A

 39%|███▉      | 61/157 [00:15<00:24,  3.85it/s][A

 39%|███▉      | 62/157 [00:15<00:24,  3.84it/s][A

 40%|████      | 63/157 [00:16<00:24,  3.83it/s][A

 41%|████      | 64/157 [00:16<00:24,  3.84it/s][A

 41%|████▏     | 65/157 [00:16<00:24,  3.83it/s][A

 42%|████▏     | 66/157 [00:16<00:23,  3.84it/s][A

 43%|████▎     | 67/157 [00:17<00:23,  3.83it/s][A

 43%|████▎     | 68/157 [00:17<00:23,  3.86it/s][A

 44%|████▍     | 69/157 [00:17<00:22,  3.85it/s][A

 45%|████▍     | 70/157 [00:17<00:22,  3.83it/s][A

 45%|████▌     | 71/157 [00:18<00:22,  3.83it/s][A

 46%|████▌     | 72/157 [00:18<00:22,  3.82it/s][A

 46%|████▋     | 73/157 [00:18<00:21,  3.84it/s][A

 47%|████▋     | 74/157 [00:19<00:21,  3.87it/s][A

 48%|████▊     | 75/157 [00:19<00:21,  3.89it/s][A

 48%|████▊     | 76/157 [00:19<00:20,  3.89it/s][A

 49%|████▉     | 77/157 [00:19<00:20,  3.90it/s][A

 50%|████▉     | 78/157 [00:20<00:20,  3.91it/s][A

 50%|█████     | 79/157 [00:20<00:19,  3.91it/s][A

 51%|█████     | 80/157 [00:20<00:19,  3.92it/s][A

 52%|█████▏    | 81/157 [00:20<00:19,  3.92it/s][A

 52%|█████▏    | 82/157 [00:21<00:19,  3.93it/s][A

 53%|█████▎    | 83/157 [00:21<00:18,  3.93it/s][A

 54%|█████▎    | 84/157 [00:21<00:18,  3.93it/s][A

 54%|█████▍    | 85/157 [00:21<00:18,  3.89it/s][A

 55%|█████▍    | 86/157 [00:22<00:18,  3.88it/s][A

 55%|█████▌    | 87/157 [00:22<00:17,  3.90it/s][A

 56%|█████▌    | 88/157 [00:22<00:17,  3.88it/s][A

 57%|█████▋    | 89/157 [00:22<00:17,  3.87it/s][A

 57%|█████▋    | 90/157 [00:23<00:17,  3.86it/s][A

 58%|█████▊    | 91/157 [00:23<00:17,  3.86it/s][A

 59%|█████▊    | 92/157 [00:23<00:16,  3.86it/s][A

 59%|█████▉    | 93/157 [00:23<00:16,  3.86it/s][A

 60%|█████▉    | 94/157 [00:24<00:16,  3.86it/s][A

 61%|██████    | 95/157 [00:24<00:15,  3.88it/s][A

 61%|██████    | 96/157 [00:24<00:15,  3.90it/s][A

 62%|██████▏   | 97/157 [00:24<00:15,  3.90it/s][A

 62%|██████▏   | 98/157 [00:25<00:15,  3.92it/s][A

 63%|██████▎   | 99/157 [00:25<00:14,  3.95it/s][A

 64%|██████▎   | 100/157 [00:25<00:14,  3.97it/s][A

 64%|██████▍   | 101/157 [00:25<00:14,  3.97it/s][A

 65%|██████▍   | 102/157 [00:26<00:13,  3.96it/s][A

 66%|██████▌   | 103/157 [00:26<00:13,  3.98it/s][A

 66%|██████▌   | 104/157 [00:26<00:13,  3.99it/s][A

 67%|██████▋   | 105/157 [00:26<00:12,  4.00it/s][A

 68%|██████▊   | 106/157 [00:27<00:12,  3.97it/s][A

 68%|██████▊   | 107/157 [00:27<00:12,  3.96it/s][A

 69%|██████▉   | 108/157 [00:27<00:12,  3.96it/s][A

 69%|██████▉   | 109/157 [00:27<00:12,  3.95it/s][A

 70%|███████   | 110/157 [00:28<00:11,  3.96it/s][A

 71%|███████   | 111/157 [00:28<00:11,  3.99it/s][A

 71%|███████▏  | 112/157 [00:28<00:11,  4.00it/s][A

 72%|███████▏  | 113/157 [00:28<00:10,  4.02it/s][A

 73%|███████▎  | 114/157 [00:29<00:10,  4.03it/s][A

 73%|███████▎  | 115/157 [00:29<00:10,  4.02it/s][A

 74%|███████▍  | 116/157 [00:29<00:10,  4.02it/s][A

 75%|███████▍  | 117/157 [00:29<00:09,  4.02it/s][A

 75%|███████▌  | 118/157 [00:30<00:09,  4.03it/s][A

 76%|███████▌  | 119/157 [00:30<00:09,  4.04it/s][A

 76%|███████▋  | 120/157 [00:30<00:09,  4.05it/s][A

 77%|███████▋  | 121/157 [00:30<00:08,  4.05it/s][A

 78%|███████▊  | 122/157 [00:31<00:08,  4.05it/s][A

 78%|███████▊  | 123/157 [00:31<00:08,  4.06it/s][A

 79%|███████▉  | 124/157 [00:31<00:08,  4.06it/s][A

 80%|███████▉  | 125/157 [00:31<00:07,  4.07it/s][A

 80%|████████  | 126/157 [00:32<00:07,  4.07it/s][A

 81%|████████  | 127/157 [00:32<00:07,  4.08it/s][A

 82%|████████▏ | 128/157 [00:32<00:07,  4.06it/s][A

 82%|████████▏ | 129/157 [00:32<00:06,  4.02it/s][A

 83%|████████▎ | 130/157 [00:33<00:06,  3.99it/s][A

 83%|████████▎ | 131/157 [00:33<00:06,  3.93it/s][A

 84%|████████▍ | 132/157 [00:33<00:06,  3.89it/s][A

 85%|████████▍ | 133/157 [00:33<00:06,  3.87it/s][A

 85%|████████▌ | 134/157 [00:34<00:05,  3.85it/s][A

 86%|████████▌ | 135/157 [00:34<00:05,  3.84it/s][A

 87%|████████▋ | 136/157 [00:34<00:05,  3.84it/s][A

 87%|████████▋ | 137/157 [00:34<00:05,  3.84it/s][A

 88%|████████▊ | 138/157 [00:35<00:04,  3.86it/s][A

 89%|████████▊ | 139/157 [00:35<00:04,  3.86it/s][A

 89%|████████▉ | 140/157 [00:35<00:04,  3.86it/s][A

 90%|████████▉ | 141/157 [00:36<00:04,  3.84it/s][A

 90%|█████████ | 142/157 [00:36<00:03,  3.85it/s][A

 91%|█████████ | 143/157 [00:36<00:03,  3.85it/s][A

 92%|█████████▏| 144/157 [00:36<00:03,  3.87it/s][A

 92%|█████████▏| 145/157 [00:37<00:03,  3.87it/s][A

 93%|█████████▎| 146/157 [00:37<00:02,  3.86it/s][A

 94%|█████████▎| 147/157 [00:37<00:02,  3.85it/s][A

 94%|█████████▍| 148/157 [00:37<00:02,  3.84it/s][A

 95%|█████████▍| 149/157 [00:38<00:02,  3.83it/s][A

 96%|█████████▌| 150/157 [00:38<00:01,  3.83it/s][A

 96%|█████████▌| 151/157 [00:38<00:01,  3.84it/s][A

 97%|█████████▋| 152/157 [00:38<00:01,  3.85it/s][A

 97%|█████████▋| 153/157 [00:39<00:01,  3.85it/s][A

 98%|█████████▊| 154/157 [00:39<00:00,  3.84it/s][A

 99%|█████████▊| 155/157 [00:39<00:00,  3.84it/s][A

 99%|█████████▉| 156/157 [00:39<00:00,  3.83it/s][A

100%|██████████| 157/157 [00:40<00:00,  4.21it/s][A{'eval_loss': 5.541518688201904, 'eval_runtime': 40.4902, 'eval_samples_per_second': 123.487, 'eval_steps_per_second': 3.877, 'epoch': 0.01}

                                                      

                                                 
[A
  1%|          | 400/60627 [07:37<12:06:07,  1.38it/s]

100%|██████████| 157/157 [00:40<00:00,  4.21it/s][A

                                                 [A
  1%|          | 401/60627 [07:40<227:26:15, 13.60s/it]
                                                       
{'loss': 4.8144, 'grad_norm': 0.8203125, 'learning_rate': 0.0005999505803522213, 'epoch': 0.01}

  1%|          | 401/60627 [07:40<227:26:15, 13.60s/it]
  1%|          | 402/60627 [07:41<162:52:18,  9.74s/it]
                                                       
{'loss': 4.699, 'grad_norm': 0.6796875, 'learning_rate': 0.0005999502975586174, 'epoch': 0.01}

  1%|          | 402/60627 [07:41<162:52:18,  9.74s/it]
  1%|          | 403/60627 [07:41<117:39:21,  7.03s/it]
                                                       
{'loss': 5.1261, 'grad_norm': 0.65234375, 'learning_rate': 0.0005999500139582736, 'epoch': 0.01}

  1%|          | 403/60627 [07:41<117:39:21,  7.03s/it]
  1%|          | 404/60627 [07:42<85:58:06,  5.14s/it] 
                                                      
{'loss': 5.0328, 'grad_norm': 0.8046875, 'learning_rate': 0.0005999497295511908, 'epoch': 0.01}

  1%|          | 404/60627 [07:42<85:58:06,  5.14s/it]
  1%|          | 405/60627 [07:43<63:47:06,  3.81s/it]
                                                      
{'loss': 4.7812, 'grad_norm': 0.75390625, 'learning_rate': 0.0005999494443373695, 'epoch': 0.01}

  1%|          | 405/60627 [07:43<63:47:06,  3.81s/it]
  1%|          | 406/60627 [07:44<48:14:44,  2.88s/it]{'loss': 5.0219, 'grad_norm': 0.890625, 'learning_rate': 0.0005999491583168107, 'epoch': 0.01}

                                                      

  1%|          | 406/60627 [07:44<48:14:44,  2.88s/it]
  1%|          | 407/60627 [07:44<37:24:54,  2.24s/it]{'loss': 5.0099, 'grad_norm': 0.66796875, 'learning_rate': 0.0005999488714895152, 'epoch': 0.01}

                                                      

  1%|          | 407/60627 [07:44<37:24:54,  2.24s/it]
  1%|          | 408/60627 [07:45<29:45:05,  1.78s/it]
                                                      
{'loss': 4.6561, 'grad_norm': 0.78515625, 'learning_rate': 0.0005999485838554836, 'epoch': 0.01}

  1%|          | 408/60627 [07:45<29:45:05,  1.78s/it]
  1%|          | 409/60627 [07:46<24:25:29,  1.46s/it]
                                                      
{'loss': 4.976, 'grad_norm': 0.84765625, 'learning_rate': 0.0005999482954147167, 'epoch': 0.01}

  1%|          | 409/60627 [07:46<24:25:29,  1.46s/it]
  1%|          | 410/60627 [07:46<20:43:57,  1.24s/it]
                                                      
{'loss': 4.6329, 'grad_norm': 0.65625, 'learning_rate': 0.0005999480061672154, 'epoch': 0.01}

  1%|          | 410/60627 [07:46<20:43:57,  1.24s/it]
  1%|          | 411/60627 [07:47<18:09:47,  1.09s/it]
                                                      
{'loss': 4.9477, 'grad_norm': 0.765625, 'learning_rate': 0.0005999477161129802, 'epoch': 0.01}

  1%|          | 411/60627 [07:47<18:09:47,  1.09s/it]
  1%|          | 412/60627 [07:48<16:20:48,  1.02it/s]
                                                      
{'loss': 5.1555, 'grad_norm': 0.74609375, 'learning_rate': 0.0005999474252520123, 'epoch': 0.01}

  1%|          | 412/60627 [07:48<16:20:48,  1.02it/s]
  1%|          | 413/60627 [07:49<14:59:58,  1.12it/s]
                                                      
{'loss': 4.9565, 'grad_norm': 0.8203125, 'learning_rate': 0.0005999471335843121, 'epoch': 0.01}

  1%|          | 413/60627 [07:49<14:59:58,  1.12it/s]
  1%|          | 414/60627 [07:49<14:08:37,  1.18it/s]
                                                      
{'loss': 4.6639, 'grad_norm': 0.82421875, 'learning_rate': 0.0005999468411098807, 'epoch': 0.01}

  1%|          | 414/60627 [07:49<14:08:37,  1.18it/s]
  1%|          | 415/60627 [07:50<13:27:26,  1.24it/s]
                                                      
{'loss': 4.8797, 'grad_norm': 0.89453125, 'learning_rate': 0.0005999465478287187, 'epoch': 0.01}

  1%|          | 415/60627 [07:50<13:27:26,  1.24it/s]
  1%|          | 416/60627 [07:51<13:00:51,  1.29it/s]
                                                      
{'loss': 4.9836, 'grad_norm': 0.796875, 'learning_rate': 0.0005999462537408268, 'epoch': 0.01}

  1%|          | 416/60627 [07:51<13:00:51,  1.29it/s]
  1%|          | 417/60627 [07:51<12:42:37,  1.32it/s]{'loss': 5.0426, 'grad_norm': 0.8359375, 'learning_rate': 0.000599945958846206, 'epoch': 0.01}

                                                      

  1%|          | 417/60627 [07:51<12:42:37,  1.32it/s]
  1%|          | 418/60627 [07:52<12:30:41,  1.34it/s]
                                                      
{'loss': 5.0734, 'grad_norm': 0.79296875, 'learning_rate': 0.000599945663144857, 'epoch': 0.01}

  1%|          | 418/60627 [07:52<12:30:41,  1.34it/s]
  1%|          | 419/60627 [07:53<12:22:57,  1.35it/s]
                                                      
{'loss': 4.7854, 'grad_norm': 0.7734375, 'learning_rate': 0.0005999453666367806, 'epoch': 0.01}

  1%|          | 419/60627 [07:53<12:22:57,  1.35it/s]
  1%|          | 420/60627 [07:54<12:17:09,  1.36it/s]{'loss': 4.9396, 'grad_norm': 0.79296875, 'learning_rate': 0.0005999450693219775, 'epoch': 0.01}

                                                      

  1%|          | 420/60627 [07:54<12:17:09,  1.36it/s]
  1%|          | 421/60627 [07:54<12:10:44,  1.37it/s]
                                                      
{'loss': 5.1705, 'grad_norm': 0.6875, 'learning_rate': 0.0005999447712004487, 'epoch': 0.01}

  1%|          | 421/60627 [07:54<12:10:44,  1.37it/s]
  1%|          | 422/60627 [07:55<12:08:05,  1.38it/s]{'loss': 4.6877, 'grad_norm': 0.6796875, 'learning_rate': 0.0005999444722721948, 'epoch': 0.01}

                                                      

  1%|          | 422/60627 [07:55<12:08:05,  1.38it/s]
  1%|          | 423/60627 [07:56<12:08:49,  1.38it/s]{'loss': 4.9781, 'grad_norm': 0.73828125, 'learning_rate': 0.0005999441725372168, 'epoch': 0.01}

                                                      

  1%|          | 423/60627 [07:56<12:08:49,  1.38it/s]
  1%|          | 424/60627 [07:56<12:09:26,  1.38it/s]
                                                      
{'loss': 5.1456, 'grad_norm': 0.71484375, 'learning_rate': 0.0005999438719955153, 'epoch': 0.01}

  1%|          | 424/60627 [07:57<12:09:26,  1.38it/s]
  1%|          | 425/60627 [07:57<12:10:33,  1.37it/s]
                                                      
{'loss': 4.9778, 'grad_norm': 0.65234375, 'learning_rate': 0.0005999435706470913, 'epoch': 0.01}

  1%|          | 425/60627 [07:57<12:10:33,  1.37it/s]
  1%|          | 426/60627 [07:58<12:10:46,  1.37it/s]
                                                      
{'loss': 4.8843, 'grad_norm': 0.6953125, 'learning_rate': 0.0005999432684919456, 'epoch': 0.01}

  1%|          | 426/60627 [07:58<12:10:46,  1.37it/s]
  1%|          | 427/60627 [07:59<12:08:40,  1.38it/s]
                                                      
{'loss': 5.0653, 'grad_norm': 0.7578125, 'learning_rate': 0.0005999429655300788, 'epoch': 0.01}

  1%|          | 427/60627 [07:59<12:08:40,  1.38it/s]
  1%|          | 428/60627 [07:59<12:12:15,  1.37it/s]
                                                      
{'loss': 5.3843, 'grad_norm': 0.671875, 'learning_rate': 0.0005999426617614919, 'epoch': 0.01}

  1%|          | 428/60627 [07:59<12:12:15,  1.37it/s]
  1%|          | 429/60627 [08:00<12:10:40,  1.37it/s]
                                                      
{'loss': 4.8025, 'grad_norm': 0.6953125, 'learning_rate': 0.0005999423571861857, 'epoch': 0.01}

  1%|          | 429/60627 [08:00<12:10:40,  1.37it/s]
  1%|          | 430/60627 [08:01<12:07:42,  1.38it/s]
                                                      
{'loss': 4.264, 'grad_norm': 0.60546875, 'learning_rate': 0.0005999420518041609, 'epoch': 0.01}

  1%|          | 430/60627 [08:01<12:07:42,  1.38it/s]
  1%|          | 431/60627 [08:02<12:06:21,  1.38it/s]{'loss': 5.1972, 'grad_norm': 0.765625, 'learning_rate': 0.0005999417456154186, 'epoch': 0.01}

                                                      

  1%|          | 431/60627 [08:02<12:06:21,  1.38it/s]
  1%|          | 432/60627 [08:02<12:09:07,  1.38it/s]
                                                      
{'loss': 5.0496, 'grad_norm': 0.78125, 'learning_rate': 0.0005999414386199592, 'epoch': 0.01}

  1%|          | 432/60627 [08:02<12:09:07,  1.38it/s]
  1%|          | 433/60627 [08:03<12:08:02,  1.38it/s]
                                                      
{'loss': 4.5557, 'grad_norm': 0.640625, 'learning_rate': 0.0005999411308177839, 'epoch': 0.01}

  1%|          | 433/60627 [08:03<12:08:02,  1.38it/s]
  1%|          | 434/60627 [08:04<12:06:23,  1.38it/s]{'loss': 5.105, 'grad_norm': 0.64453125, 'learning_rate': 0.0005999408222088933, 'epoch': 0.01}

                                                      

  1%|          | 434/60627 [08:04<12:06:23,  1.38it/s]
  1%|          | 435/60627 [08:04<12:07:26,  1.38it/s]{'loss': 4.6318, 'grad_norm': 0.6875, 'learning_rate': 0.0005999405127932885, 'epoch': 0.01}

                                                      

  1%|          | 435/60627 [08:04<12:07:26,  1.38it/s]
  1%|          | 436/60627 [08:05<12:07:36,  1.38it/s]{'loss': 4.8487, 'grad_norm': 0.67578125, 'learning_rate': 0.00059994020257097, 'epoch': 0.01}

                                                      

  1%|          | 436/60627 [08:05<12:07:36,  1.38it/s]
  1%|          | 437/60627 [08:06<12:02:48,  1.39it/s]
                                                      
{'loss': 4.506, 'grad_norm': 0.6796875, 'learning_rate': 0.0005999398915419388, 'epoch': 0.01}

  1%|          | 437/60627 [08:06<12:02:48,  1.39it/s]
  1%|          | 438/60627 [08:07<12:04:44,  1.38it/s]{'loss': 5.0173, 'grad_norm': 0.6171875, 'learning_rate': 0.0005999395797061957, 'epoch': 0.01}

                                                      

  1%|          | 438/60627 [08:07<12:04:44,  1.38it/s]
  1%|          | 439/60627 [08:07<12:03:08,  1.39it/s]
                                                      
{'loss': 5.3079, 'grad_norm': 0.6640625, 'learning_rate': 0.0005999392670637416, 'epoch': 0.01}

  1%|          | 439/60627 [08:07<12:03:08,  1.39it/s]
  1%|          | 440/60627 [08:08<12:04:47,  1.38it/s]
                                                      
{'loss': 4.8062, 'grad_norm': 0.71484375, 'learning_rate': 0.0005999389536145772, 'epoch': 0.01}

  1%|          | 440/60627 [08:08<12:04:47,  1.38it/s]
  1%|          | 441/60627 [08:09<12:02:35,  1.39it/s]
                                                      
{'loss': 4.8085, 'grad_norm': 0.73828125, 'learning_rate': 0.0005999386393587036, 'epoch': 0.01}

  1%|          | 441/60627 [08:09<12:02:35,  1.39it/s]
  1%|          | 442/60627 [08:10<12:05:56,  1.38it/s]
                                                      
{'loss': 4.702, 'grad_norm': 0.62109375, 'learning_rate': 0.0005999383242961214, 'epoch': 0.01}

  1%|          | 442/60627 [08:10<12:05:56,  1.38it/s]
  1%|          | 443/60627 [08:10<12:06:43,  1.38it/s]{'loss': 4.6885, 'grad_norm': 0.68359375, 'learning_rate': 0.0005999380084268316, 'epoch': 0.01}

                                                      

  1%|          | 443/60627 [08:10<12:06:43,  1.38it/s]
  1%|          | 444/60627 [08:11<12:06:01,  1.38it/s]
                                                      
{'loss': 4.8072, 'grad_norm': 0.68359375, 'learning_rate': 0.0005999376917508349, 'epoch': 0.01}

  1%|          | 444/60627 [08:11<12:06:01,  1.38it/s]
  1%|          | 445/60627 [08:12<12:07:14,  1.38it/s]
                                                      
{'loss': 4.8774, 'grad_norm': 0.64453125, 'learning_rate': 0.0005999373742681323, 'epoch': 0.01}

  1%|          | 445/60627 [08:12<12:07:14,  1.38it/s]
  1%|          | 446/60627 [08:12<12:04:45,  1.38it/s]
                                                      
{'loss': 4.3227, 'grad_norm': 0.6640625, 'learning_rate': 0.0005999370559787245, 'epoch': 0.01}

  1%|          | 446/60627 [08:12<12:04:45,  1.38it/s]
  1%|          | 447/60627 [08:13<12:00:18,  1.39it/s]
                                                      
{'loss': 4.6919, 'grad_norm': 0.71875, 'learning_rate': 0.0005999367368826126, 'epoch': 0.01}

  1%|          | 447/60627 [08:13<12:00:18,  1.39it/s]
  1%|          | 448/60627 [08:14<12:03:47,  1.39it/s]
                                                      
{'loss': 5.2166, 'grad_norm': 0.68359375, 'learning_rate': 0.0005999364169797972, 'epoch': 0.01}

  1%|          | 448/60627 [08:14<12:03:47,  1.39it/s]
  1%|          | 449/60627 [08:15<12:02:51,  1.39it/s]{'loss': 4.7144, 'grad_norm': 0.6484375, 'learning_rate': 0.0005999360962702793, 'epoch': 0.01}

                                                      

  1%|          | 449/60627 [08:15<12:02:51,  1.39it/s]
  1%|          | 450/60627 [08:15<12:02:50,  1.39it/s]
                                                      
{'loss': 4.6573, 'grad_norm': 0.609375, 'learning_rate': 0.0005999357747540597, 'epoch': 0.01}

  1%|          | 450/60627 [08:15<12:02:50,  1.39it/s]
  1%|          | 451/60627 [08:16<12:02:47,  1.39it/s]
                                                      
{'loss': 4.2768, 'grad_norm': 0.74609375, 'learning_rate': 0.0005999354524311393, 'epoch': 0.01}

  1%|          | 451/60627 [08:16<12:02:47,  1.39it/s]
  1%|          | 452/60627 [08:17<12:04:06,  1.39it/s]
                                                      
{'loss': 5.0667, 'grad_norm': 0.7578125, 'learning_rate': 0.000599935129301519, 'epoch': 0.01}

  1%|          | 452/60627 [08:17<12:04:06,  1.39it/s]
  1%|          | 453/60627 [08:17<12:02:23,  1.39it/s]
                                                      
{'loss': 5.0685, 'grad_norm': 0.73828125, 'learning_rate': 0.0005999348053651995, 'epoch': 0.01}

  1%|          | 453/60627 [08:17<12:02:23,  1.39it/s]
  1%|          | 454/60627 [08:18<12:04:02,  1.39it/s]
                                                      
{'loss': 4.9465, 'grad_norm': 0.84375, 'learning_rate': 0.000599934480622182, 'epoch': 0.01}

  1%|          | 454/60627 [08:18<12:04:02,  1.39it/s]
  1%|          | 455/60627 [08:19<12:00:26,  1.39it/s]
                                                      
{'loss': 4.5578, 'grad_norm': 0.73828125, 'learning_rate': 0.000599934155072467, 'epoch': 0.01}

  1%|          | 455/60627 [08:19<12:00:26,  1.39it/s]
  1%|          | 456/60627 [08:20<12:04:48,  1.38it/s]
                                                      
{'loss': 5.0024, 'grad_norm': 0.6796875, 'learning_rate': 0.0005999338287160557, 'epoch': 0.01}

  1%|          | 456/60627 [08:20<12:04:48,  1.38it/s]
  1%|          | 457/60627 [08:20<12:02:29,  1.39it/s]
                                                      
{'loss': 4.9693, 'grad_norm': 0.7265625, 'learning_rate': 0.0005999335015529487, 'epoch': 0.01}

  1%|          | 457/60627 [08:20<12:02:29,  1.39it/s]
  1%|          | 458/60627 [08:21<12:00:17,  1.39it/s]
                                                      
{'loss': 4.9289, 'grad_norm': 0.734375, 'learning_rate': 0.0005999331735831471, 'epoch': 0.01}

  1%|          | 458/60627 [08:21<12:00:17,  1.39it/s]
  1%|          | 459/60627 [08:22<12:01:52,  1.39it/s]{'loss': 5.084, 'grad_norm': 0.69140625, 'learning_rate': 0.0005999328448066516, 'epoch': 0.01}

                                                      

  1%|          | 459/60627 [08:22<12:01:52,  1.39it/s]
  1%|          | 460/60627 [08:23<12:04:21,  1.38it/s]
                                                      
{'loss': 4.9724, 'grad_norm': 0.65234375, 'learning_rate': 0.0005999325152234632, 'epoch': 0.01}

  1%|          | 460/60627 [08:23<12:04:21,  1.38it/s]
  1%|          | 461/60627 [08:23<12:05:35,  1.38it/s]
                                                      
{'loss': 5.1104, 'grad_norm': 0.6796875, 'learning_rate': 0.0005999321848335829, 'epoch': 0.01}

  1%|          | 461/60627 [08:23<12:05:35,  1.38it/s]
  1%|          | 462/60627 [08:24<12:03:55,  1.39it/s]
                                                      
{'loss': 4.7989, 'grad_norm': 1.5234375, 'learning_rate': 0.0005999318536370113, 'epoch': 0.01}

  1%|          | 462/60627 [08:24<12:03:55,  1.39it/s]
  1%|          | 463/60627 [08:25<12:02:07,  1.39it/s]
                                                      
{'loss': 4.9047, 'grad_norm': 0.73828125, 'learning_rate': 0.0005999315216337494, 'epoch': 0.01}

  1%|          | 463/60627 [08:25<12:02:07,  1.39it/s]
  1%|          | 464/60627 [08:25<12:02:31,  1.39it/s]
                                                      
{'loss': 4.9573, 'grad_norm': 0.7421875, 'learning_rate': 0.0005999311888237982, 'epoch': 0.01}

  1%|          | 464/60627 [08:25<12:02:31,  1.39it/s]
  1%|          | 465/60627 [08:26<12:05:35,  1.38it/s]{'loss': 5.0317, 'grad_norm': 0.6171875, 'learning_rate': 0.0005999308552071586, 'epoch': 0.01}

                                                      

  1%|          | 465/60627 [08:26<12:05:35,  1.38it/s]
  1%|          | 466/60627 [08:27<12:04:54,  1.38it/s]{'loss': 4.802, 'grad_norm': 0.7421875, 'learning_rate': 0.0005999305207838314, 'epoch': 0.01}

                                                      

  1%|          | 466/60627 [08:27<12:04:54,  1.38it/s]
  1%|          | 467/60627 [08:28<12:09:02,  1.38it/s]
                                                      
{'loss': 4.9175, 'grad_norm': 0.62109375, 'learning_rate': 0.0005999301855538174, 'epoch': 0.01}

  1%|          | 467/60627 [08:28<12:09:02,  1.38it/s]
  1%|          | 468/60627 [08:28<12:07:46,  1.38it/s]{'loss': 4.5265, 'grad_norm': 0.71484375, 'learning_rate': 0.0005999298495171177, 'epoch': 0.01}

                                                      

  1%|          | 468/60627 [08:28<12:07:46,  1.38it/s]
  1%|          | 469/60627 [08:29<12:07:10,  1.38it/s]
                                                      
{'loss': 4.8422, 'grad_norm': 0.65234375, 'learning_rate': 0.0005999295126737331, 'epoch': 0.01}

  1%|          | 469/60627 [08:29<12:07:10,  1.38it/s]
  1%|          | 470/60627 [08:30<12:08:03,  1.38it/s]
                                                      
{'loss': 5.1149, 'grad_norm': 0.703125, 'learning_rate': 0.0005999291750236646, 'epoch': 0.01}

  1%|          | 470/60627 [08:30<12:08:03,  1.38it/s]
  1%|          | 471/60627 [08:30<12:05:23,  1.38it/s]
                                                      
{'loss': 4.6858, 'grad_norm': 0.68359375, 'learning_rate': 0.0005999288365669131, 'epoch': 0.01}

  1%|          | 471/60627 [08:30<12:05:23,  1.38it/s]
  1%|          | 472/60627 [08:31<12:07:33,  1.38it/s]
                                                      
{'loss': 4.6992, 'grad_norm': 0.60546875, 'learning_rate': 0.0005999284973034793, 'epoch': 0.01}

  1%|          | 472/60627 [08:31<12:07:33,  1.38it/s]
  1%|          | 473/60627 [08:32<12:07:14,  1.38it/s]{'loss': 4.8266, 'grad_norm': 0.78515625, 'learning_rate': 0.0005999281572333644, 'epoch': 0.01}

                                                      

  1%|          | 473/60627 [08:32<12:07:14,  1.38it/s]
  1%|          | 474/60627 [08:33<12:06:35,  1.38it/s]
                                                      
{'loss': 5.2308, 'grad_norm': 0.671875, 'learning_rate': 0.000599927816356569, 'epoch': 0.01}

  1%|          | 474/60627 [08:33<12:06:35,  1.38it/s]
  1%|          | 475/60627 [08:33<12:03:57,  1.38it/s]
                                                      
{'loss': 4.6267, 'grad_norm': 0.6015625, 'learning_rate': 0.0005999274746730944, 'epoch': 0.01}

  1%|          | 475/60627 [08:33<12:03:57,  1.38it/s]
  1%|          | 476/60627 [08:34<12:02:43,  1.39it/s]
                                                      
{'loss': 4.5131, 'grad_norm': 0.69921875, 'learning_rate': 0.0005999271321829412, 'epoch': 0.01}

  1%|          | 476/60627 [08:34<12:02:43,  1.39it/s]
  1%|          | 477/60627 [08:35<12:03:27,  1.39it/s]
                                                      
{'loss': 4.771, 'grad_norm': 0.77734375, 'learning_rate': 0.0005999267888861105, 'epoch': 0.01}

  1%|          | 477/60627 [08:35<12:03:27,  1.39it/s]
  1%|          | 478/60627 [08:36<12:01:52,  1.39it/s]{'loss': 4.9399, 'grad_norm': 0.7734375, 'learning_rate': 0.0005999264447826032, 'epoch': 0.01}

                                                      

  1%|          | 478/60627 [08:36<12:01:52,  1.39it/s]
  1%|          | 479/60627 [08:36<12:01:54,  1.39it/s]
                                                      
{'loss': 5.2149, 'grad_norm': 0.8125, 'learning_rate': 0.0005999260998724201, 'epoch': 0.01}

  1%|          | 479/60627 [08:36<12:01:54,  1.39it/s]
  1%|          | 480/60627 [08:37<12:04:45,  1.38it/s]
                                                      
{'loss': 5.0553, 'grad_norm': 0.80859375, 'learning_rate': 0.0005999257541555622, 'epoch': 0.01}

  1%|          | 480/60627 [08:37<12:04:45,  1.38it/s]
  1%|          | 481/60627 [08:38<12:04:42,  1.38it/s]{'loss': 4.8644, 'grad_norm': 0.70703125, 'learning_rate': 0.0005999254076320304, 'epoch': 0.01}

                                                      

  1%|          | 481/60627 [08:38<12:04:42,  1.38it/s]
  1%|          | 482/60627 [08:38<12:04:19,  1.38it/s]{'loss': 4.9769, 'grad_norm': 0.6484375, 'learning_rate': 0.0005999250603018258, 'epoch': 0.01}

                                                      

  1%|          | 482/60627 [08:38<12:04:19,  1.38it/s]
  1%|          | 483/60627 [08:39<12:04:18,  1.38it/s]
                                                      
{'loss': 4.9947, 'grad_norm': 0.734375, 'learning_rate': 0.0005999247121649491, 'epoch': 0.01}

  1%|          | 483/60627 [08:39<12:04:18,  1.38it/s]
  1%|          | 484/60627 [08:40<12:05:28,  1.38it/s]{'loss': 4.6357, 'grad_norm': 0.859375, 'learning_rate': 0.0005999243632214015, 'epoch': 0.01}

                                                      

  1%|          | 484/60627 [08:40<12:05:28,  1.38it/s]
  1%|          | 485/60627 [08:41<12:01:14,  1.39it/s]
                                                      
{'loss': 4.3956, 'grad_norm': 0.703125, 'learning_rate': 0.0005999240134711836, 'epoch': 0.01}

  1%|          | 485/60627 [08:41<12:01:14,  1.39it/s]
  1%|          | 486/60627 [08:41<12:01:01,  1.39it/s]
                                                      
{'loss': 4.923, 'grad_norm': 0.734375, 'learning_rate': 0.0005999236629142967, 'epoch': 0.01}

  1%|          | 486/60627 [08:41<12:01:01,  1.39it/s]
  1%|          | 487/60627 [08:42<12:00:02,  1.39it/s]{'loss': 4.8412, 'grad_norm': 0.890625, 'learning_rate': 0.0005999233115507415, 'epoch': 0.01}

                                                      

  1%|          | 487/60627 [08:42<12:00:02,  1.39it/s]
  1%|          | 488/60627 [08:43<11:59:36,  1.39it/s]
                                                      
{'loss': 4.7174, 'grad_norm': 0.74609375, 'learning_rate': 0.000599922959380519, 'epoch': 0.01}

  1%|          | 488/60627 [08:43<11:59:36,  1.39it/s]
  1%|          | 489/60627 [08:43<12:00:42,  1.39it/s]{'loss': 4.7668, 'grad_norm': 0.734375, 'learning_rate': 0.0005999226064036302, 'epoch': 0.01}

                                                      

  1%|          | 489/60627 [08:43<12:00:42,  1.39it/s]
  1%|          | 490/60627 [08:44<12:01:36,  1.39it/s]{'loss': 4.8526, 'grad_norm': 0.90625, 'learning_rate': 0.0005999222526200759, 'epoch': 0.01}

                                                      

  1%|          | 490/60627 [08:44<12:01:36,  1.39it/s]
  1%|          | 491/60627 [08:45<11:57:28,  1.40it/s]
                                                      
{'loss': 4.4591, 'grad_norm': 0.78515625, 'learning_rate': 0.0005999218980298573, 'epoch': 0.01}

  1%|          | 491/60627 [08:45<11:57:28,  1.40it/s]
  1%|          | 492/60627 [08:46<11:59:27,  1.39it/s]
                                                      
{'loss': 4.5399, 'grad_norm': 0.69140625, 'learning_rate': 0.0005999215426329752, 'epoch': 0.01}

  1%|          | 492/60627 [08:46<11:59:27,  1.39it/s]
  1%|          | 493/60627 [08:46<11:58:32,  1.39it/s]
                                                      
{'loss': 4.8062, 'grad_norm': 0.765625, 'learning_rate': 0.0005999211864294305, 'epoch': 0.01}

  1%|          | 493/60627 [08:46<11:58:32,  1.39it/s]
  1%|          | 494/60627 [08:47<12:01:35,  1.39it/s]
                                                      
{'loss': 4.5637, 'grad_norm': 0.66796875, 'learning_rate': 0.0005999208294192243, 'epoch': 0.01}

  1%|          | 494/60627 [08:47<12:01:35,  1.39it/s]
  1%|          | 495/60627 [08:48<12:01:08,  1.39it/s]
                                                      
{'loss': 4.5766, 'grad_norm': 0.73828125, 'learning_rate': 0.0005999204716023574, 'epoch': 0.01}

  1%|          | 495/60627 [08:48<12:01:08,  1.39it/s]
  1%|          | 496/60627 [08:48<12:01:06,  1.39it/s]
                                                      
{'loss': 4.3146, 'grad_norm': 0.77734375, 'learning_rate': 0.0005999201129788309, 'epoch': 0.01}

  1%|          | 496/60627 [08:49<12:01:06,  1.39it/s]
  1%|          | 497/60627 [08:49<12:01:15,  1.39it/s]{'loss': 4.7289, 'grad_norm': 0.6171875, 'learning_rate': 0.0005999197535486457, 'epoch': 0.01}

                                                      

  1%|          | 497/60627 [08:49<12:01:15,  1.39it/s]
  1%|          | 498/60627 [08:50<12:00:42,  1.39it/s]{'loss': 4.8768, 'grad_norm': 0.6484375, 'learning_rate': 0.0005999193933118028, 'epoch': 0.01}

                                                      

  1%|          | 498/60627 [08:50<12:00:42,  1.39it/s]
  1%|          | 499/60627 [08:51<12:01:59,  1.39it/s]{'loss': 4.8294, 'grad_norm': 0.6015625, 'learning_rate': 0.0005999190322683031, 'epoch': 0.01}

                                                      

  1%|          | 499/60627 [08:51<12:01:59,  1.39it/s]
  1%|          | 500/60627 [08:51<12:00:45,  1.39it/s]
                                                      
{'loss': 4.9961, 'grad_norm': 0.65234375, 'learning_rate': 0.0005999186704181477, 'epoch': 0.01}

  1%|          | 500/60627 [08:51<12:00:45,  1.39it/s]

  0%|          | 0/157 [00:00<?, ?it/s][A

  1%|▏         | 2/157 [00:00<00:20,  7.68it/s][A

  2%|▏         | 3/157 [00:00<00:28,  5.41it/s][A

  3%|▎         | 4/157 [00:00<00:32,  4.68it/s][A

  3%|▎         | 5/157 [00:01<00:35,  4.34it/s][A

  4%|▍         | 6/157 [00:01<00:36,  4.16it/s][A

  4%|▍         | 7/157 [00:01<00:36,  4.06it/s][A

  5%|▌         | 8/157 [00:01<00:37,  4.00it/s][A

  6%|▌         | 9/157 [00:02<00:37,  3.94it/s][A

  6%|▋         | 10/157 [00:02<00:37,  3.90it/s][A

  7%|▋         | 11/157 [00:02<00:37,  3.88it/s][A

  8%|▊         | 12/157 [00:02<00:37,  3.86it/s][A

  8%|▊         | 13/157 [00:03<00:37,  3.84it/s][A

  9%|▉         | 14/157 [00:03<00:36,  3.87it/s][A

 10%|▉         | 15/157 [00:03<00:36,  3.85it/s][A

 10%|█         | 16/157 [00:03<00:36,  3.84it/s][A

 11%|█         | 17/157 [00:04<00:36,  3.84it/s][A

 11%|█▏        | 18/157 [00:04<00:36,  3.83it/s][A

 12%|█▏        | 19/157 [00:04<00:36,  3.83it/s][A

 13%|█▎        | 20/157 [00:04<00:35,  3.86it/s][A

 13%|█▎        | 21/157 [00:05<00:35,  3.84it/s][A

 14%|█▍        | 22/157 [00:05<00:35,  3.84it/s][A

 15%|█▍        | 23/157 [00:05<00:34,  3.84it/s][A

 15%|█▌        | 24/157 [00:05<00:34,  3.85it/s][A

 16%|█▌        | 25/157 [00:06<00:34,  3.83it/s][A

 17%|█▋        | 26/157 [00:06<00:34,  3.84it/s][A

 17%|█▋        | 27/157 [00:06<00:33,  3.83it/s][A

 18%|█▊        | 28/157 [00:07<00:33,  3.82it/s][A

 18%|█▊        | 29/157 [00:07<00:33,  3.82it/s][A

 19%|█▉        | 30/157 [00:07<00:33,  3.83it/s][A

 20%|█▉        | 31/157 [00:07<00:32,  3.83it/s][A

 20%|██        | 32/157 [00:08<00:32,  3.83it/s][A

 21%|██        | 33/157 [00:08<00:32,  3.83it/s][A

 22%|██▏       | 34/157 [00:08<00:32,  3.83it/s][A

 22%|██▏       | 35/157 [00:08<00:31,  3.82it/s][A

 23%|██▎       | 36/157 [00:09<00:31,  3.82it/s][A

 24%|██▎       | 37/157 [00:09<00:31,  3.82it/s][A

 24%|██▍       | 38/157 [00:09<00:31,  3.81it/s][A

 25%|██▍       | 39/157 [00:09<00:30,  3.81it/s][A

 25%|██▌       | 40/157 [00:10<00:30,  3.82it/s][A

 26%|██▌       | 41/157 [00:10<00:30,  3.82it/s][A

 27%|██▋       | 42/157 [00:10<00:30,  3.82it/s][A

 27%|██▋       | 43/157 [00:10<00:29,  3.82it/s][A

 28%|██▊       | 44/157 [00:11<00:29,  3.81it/s][A

 29%|██▊       | 45/157 [00:11<00:29,  3.84it/s][A

 29%|██▉       | 46/157 [00:11<00:28,  3.83it/s][A

 30%|██▉       | 47/157 [00:12<00:28,  3.84it/s][A

 31%|███       | 48/157 [00:12<00:28,  3.87it/s][A

 31%|███       | 49/157 [00:12<00:27,  3.88it/s][A

 32%|███▏      | 50/157 [00:12<00:27,  3.90it/s][A

 32%|███▏      | 51/157 [00:13<00:27,  3.91it/s][A

 33%|███▎      | 52/157 [00:13<00:27,  3.88it/s][A

 34%|███▍      | 53/157 [00:13<00:26,  3.86it/s][A

 34%|███▍      | 54/157 [00:13<00:26,  3.86it/s][A

 35%|███▌      | 55/157 [00:14<00:26,  3.85it/s][A

 36%|███▌      | 56/157 [00:14<00:26,  3.85it/s][A

 36%|███▋      | 57/157 [00:14<00:25,  3.87it/s][A

 37%|███▋      | 58/157 [00:14<00:25,  3.86it/s][A

 38%|███▊      | 59/157 [00:15<00:25,  3.85it/s][A

 38%|███▊      | 60/157 [00:15<00:25,  3.86it/s][A

 39%|███▉      | 61/157 [00:15<00:24,  3.87it/s][A

 39%|███▉      | 62/157 [00:15<00:24,  3.85it/s][A

 40%|████      | 63/157 [00:16<00:24,  3.84it/s][A

 41%|████      | 64/157 [00:16<00:24,  3.83it/s][A

 41%|████▏     | 65/157 [00:16<00:23,  3.83it/s][A

 42%|████▏     | 66/157 [00:16<00:23,  3.84it/s][A

 43%|████▎     | 67/157 [00:17<00:23,  3.83it/s][A

 43%|████▎     | 68/157 [00:17<00:23,  3.86it/s][A

 44%|████▍     | 69/157 [00:17<00:22,  3.85it/s][A

 45%|████▍     | 70/157 [00:17<00:22,  3.83it/s][A

 45%|████▌     | 71/157 [00:18<00:22,  3.83it/s][A

 46%|████▌     | 72/157 [00:18<00:22,  3.82it/s][A

 46%|████▋     | 73/157 [00:18<00:21,  3.84it/s][A

 47%|████▋     | 74/157 [00:19<00:21,  3.87it/s][A

 48%|████▊     | 75/157 [00:19<00:21,  3.89it/s][A

 48%|████▊     | 76/157 [00:19<00:20,  3.89it/s][A

 49%|████▉     | 77/157 [00:19<00:20,  3.91it/s][A

 50%|████▉     | 78/157 [00:20<00:20,  3.92it/s][A

 50%|█████     | 79/157 [00:20<00:19,  3.93it/s][A

 51%|█████     | 80/157 [00:20<00:19,  3.93it/s][A

 52%|█████▏    | 81/157 [00:20<00:19,  3.93it/s][A

 52%|█████▏    | 82/157 [00:21<00:19,  3.93it/s][A

 53%|█████▎    | 83/157 [00:21<00:18,  3.94it/s][A

 54%|█████▎    | 84/157 [00:21<00:18,  3.94it/s][A

 54%|█████▍    | 85/157 [00:21<00:18,  3.89it/s][A

 55%|█████▍    | 86/157 [00:22<00:18,  3.89it/s][A

 55%|█████▌    | 87/157 [00:22<00:17,  3.91it/s][A

 56%|█████▌    | 88/157 [00:22<00:17,  3.89it/s][A

 57%|█████▋    | 89/157 [00:22<00:17,  3.87it/s][A

 57%|█████▋    | 90/157 [00:23<00:17,  3.86it/s][A

 58%|█████▊    | 91/157 [00:23<00:17,  3.86it/s][A

 59%|█████▊    | 92/157 [00:23<00:16,  3.86it/s][A

 59%|█████▉    | 93/157 [00:23<00:16,  3.87it/s][A

 60%|█████▉    | 94/157 [00:24<00:16,  3.86it/s][A

 61%|██████    | 95/157 [00:24<00:15,  3.88it/s][A

 61%|██████    | 96/157 [00:24<00:15,  3.90it/s][A

 62%|██████▏   | 97/157 [00:24<00:15,  3.91it/s][A

 62%|██████▏   | 98/157 [00:25<00:15,  3.93it/s][A

 63%|██████▎   | 99/157 [00:25<00:14,  3.95it/s][A

 64%|██████▎   | 100/157 [00:25<00:14,  3.97it/s][A

 64%|██████▍   | 101/157 [00:25<00:14,  3.97it/s][A

 65%|██████▍   | 102/157 [00:26<00:13,  3.98it/s][A

 66%|██████▌   | 103/157 [00:26<00:13,  3.99it/s][A

 66%|██████▌   | 104/157 [00:26<00:13,  3.99it/s][A

 67%|██████▋   | 105/157 [00:26<00:12,  4.01it/s][A

 68%|██████▊   | 106/157 [00:27<00:12,  3.98it/s][A

 68%|██████▊   | 107/157 [00:27<00:12,  3.98it/s][A

 69%|██████▉   | 108/157 [00:27<00:12,  3.97it/s][A

 69%|██████▉   | 109/157 [00:27<00:12,  3.96it/s][A

 70%|███████   | 110/157 [00:28<00:11,  3.97it/s][A

 71%|███████   | 111/157 [00:28<00:11,  3.99it/s][A

 71%|███████▏  | 112/157 [00:28<00:11,  4.00it/s][A

 72%|███████▏  | 113/157 [00:28<00:10,  4.01it/s][A

 73%|███████▎  | 114/157 [00:29<00:10,  4.03it/s][A

 73%|███████▎  | 115/157 [00:29<00:10,  4.03it/s][A

 74%|███████▍  | 116/157 [00:29<00:10,  4.02it/s][A

 75%|███████▍  | 117/157 [00:29<00:09,  4.03it/s][A

 75%|███████▌  | 118/157 [00:30<00:09,  4.03it/s][A

 76%|███████▌  | 119/157 [00:30<00:09,  4.04it/s][A

 76%|███████▋  | 120/157 [00:30<00:09,  4.05it/s][A

 77%|███████▋  | 121/157 [00:30<00:08,  4.05it/s][A

 78%|███████▊  | 122/157 [00:31<00:08,  4.05it/s][A

 78%|███████▊  | 123/157 [00:31<00:08,  4.06it/s][A

 79%|███████▉  | 124/157 [00:31<00:08,  4.06it/s][A

 80%|███████▉  | 125/157 [00:31<00:07,  4.07it/s][A

 80%|████████  | 126/157 [00:32<00:07,  4.08it/s][A

 81%|████████  | 127/157 [00:32<00:07,  4.08it/s][A

 82%|████████▏ | 128/157 [00:32<00:07,  4.06it/s][A

 82%|████████▏ | 129/157 [00:32<00:06,  4.02it/s][A

 83%|████████▎ | 130/157 [00:33<00:06,  3.98it/s][A

 83%|████████▎ | 131/157 [00:33<00:06,  3.94it/s][A

 84%|████████▍ | 132/157 [00:33<00:06,  3.90it/s][A

 85%|████████▍ | 133/157 [00:33<00:06,  3.87it/s][A

 85%|████████▌ | 134/157 [00:34<00:05,  3.86it/s][A

 86%|████████▌ | 135/157 [00:34<00:05,  3.85it/s][A

 87%|████████▋ | 136/157 [00:34<00:05,  3.84it/s][A

 87%|████████▋ | 137/157 [00:34<00:05,  3.84it/s][A

 88%|████████▊ | 138/157 [00:35<00:04,  3.86it/s][A

 89%|████████▊ | 139/157 [00:35<00:04,  3.87it/s][A

 89%|████████▉ | 140/157 [00:35<00:04,  3.86it/s][A

 90%|████████▉ | 141/157 [00:35<00:04,  3.85it/s][A

 90%|█████████ | 142/157 [00:36<00:03,  3.85it/s][A

 91%|█████████ | 143/157 [00:36<00:03,  3.86it/s][A

 92%|█████████▏| 144/157 [00:36<00:03,  3.88it/s][A

 92%|█████████▏| 145/157 [00:37<00:03,  3.87it/s][A

 93%|█████████▎| 146/157 [00:37<00:02,  3.86it/s][A

 94%|█████████▎| 147/157 [00:37<00:02,  3.86it/s][A

 94%|█████████▍| 148/157 [00:37<00:02,  3.85it/s][A

 95%|█████████▍| 149/157 [00:38<00:02,  3.84it/s][A

 96%|█████████▌| 150/157 [00:38<00:01,  3.84it/s][A

 96%|█████████▌| 151/157 [00:38<00:01,  3.85it/s][A

 97%|█████████▋| 152/157 [00:38<00:01,  3.86it/s][A

 97%|█████████▋| 153/157 [00:39<00:01,  3.86it/s][A

 98%|█████████▊| 154/157 [00:39<00:00,  3.85it/s][A

 99%|█████████▊| 155/157 [00:39<00:00,  3.85it/s][A

 99%|█████████▉| 156/157 [00:39<00:00,  3.84it/s][A

100%|██████████| 157/157 [00:40<00:00,  4.23it/s][A
                                                      

                                                 
[A{'eval_loss': 5.336299896240234, 'eval_runtime': 40.4213, 'eval_samples_per_second': 123.697, 'eval_steps_per_second': 3.884, 'epoch': 0.01}

  1%|          | 500/60627 [09:32<12:00:45,  1.39it/s]

100%|██████████| 157/157 [00:40<00:00,  4.23it/s][A

                                                 [A
  1%|          | 501/60627 [09:35<226:40:38, 13.57s/it]
                                                       
{'loss': 5.0902, 'grad_norm': 0.890625, 'learning_rate': 0.0005999183077613375, 'epoch': 0.01}

  1%|          | 501/60627 [09:35<226:40:38, 13.57s/it]
  1%|          | 502/60627 [09:36<162:18:55,  9.72s/it]{'loss': 4.6371, 'grad_norm': 0.72265625, 'learning_rate': 0.0005999179442978735, 'epoch': 0.01}

                                                       

  1%|          | 502/60627 [09:36<162:18:55,  9.72s/it]
  1%|          | 503/60627 [09:36<117:16:09,  7.02s/it]
                                                       
{'loss': 4.5839, 'grad_norm': 0.64453125, 'learning_rate': 0.0005999175800277566, 'epoch': 0.01}

  1%|          | 503/60627 [09:36<117:16:09,  7.02s/it]
  1%|          | 504/60627 [09:37<85:43:22,  5.13s/it] 
                                                      
{'loss': 4.8844, 'grad_norm': 0.671875, 'learning_rate': 0.0005999172149509878, 'epoch': 0.01}

  1%|          | 504/60627 [09:37<85:43:22,  5.13s/it]
  1%|          | 505/60627 [09:38<63:37:40,  3.81s/it]
                                                      
{'loss': 4.6297, 'grad_norm': 0.63671875, 'learning_rate': 0.0005999168490675681, 'epoch': 0.01}

  1%|          | 505/60627 [09:38<63:37:40,  3.81s/it]
  1%|          | 506/60627 [09:39<48:08:41,  2.88s/it]
                                                      
{'loss': 4.9624, 'grad_norm': 0.640625, 'learning_rate': 0.0005999164823774985, 'epoch': 0.01}

  1%|          | 506/60627 [09:39<48:08:41,  2.88s/it]
  1%|          | 507/60627 [09:39<37:19:03,  2.23s/it]{'loss': 4.8206, 'grad_norm': 0.6171875, 'learning_rate': 0.00059991611488078, 'epoch': 0.01}

                                                      

  1%|          | 507/60627 [09:39<37:19:03,  2.23s/it]
  1%|          | 508/60627 [09:40<29:43:39,  1.78s/it]
                                                      
{'loss': 4.5344, 'grad_norm': 0.671875, 'learning_rate': 0.0005999157465774137, 'epoch': 0.01}

  1%|          | 508/60627 [09:40<29:43:39,  1.78s/it]
  1%|          | 509/60627 [09:41<24:27:39,  1.46s/it]
                                                      
{'loss': 4.7252, 'grad_norm': 0.7578125, 'learning_rate': 0.0005999153774674003, 'epoch': 0.01}

  1%|          | 509/60627 [09:41<24:27:39,  1.46s/it]
  1%|          | 510/60627 [09:41<20:45:16,  1.24s/it]
                                                      
{'loss': 4.7583, 'grad_norm': 0.93359375, 'learning_rate': 0.000599915007550741, 'epoch': 0.01}

  1%|          | 510/60627 [09:41<20:45:16,  1.24s/it]
  1%|          | 511/60627 [09:42<18:08:45,  1.09s/it]
                                                      
{'loss': 4.6491, 'grad_norm': 0.71875, 'learning_rate': 0.0005999146368274368, 'epoch': 0.01}

  1%|          | 511/60627 [09:42<18:08:45,  1.09s/it]
  1%|          | 512/60627 [09:43<16:18:30,  1.02it/s]{'loss': 4.6265, 'grad_norm': 0.9296875, 'learning_rate': 0.0005999142652974885, 'epoch': 0.01}

                                                      

  1%|          | 512/60627 [09:43<16:18:30,  1.02it/s]
  1%|          | 513/60627 [09:44<14:59:06,  1.11it/s]
                                                      
{'loss': 4.4127, 'grad_norm': 0.671875, 'learning_rate': 0.0005999138929608974, 'epoch': 0.01}

  1%|          | 513/60627 [09:44<14:59:06,  1.11it/s]
  1%|          | 514/60627 [09:44<14:08:25,  1.18it/s]
                                                      
{'loss': 4.8716, 'grad_norm': 0.62109375, 'learning_rate': 0.0005999135198176643, 'epoch': 0.01}

  1%|          | 514/60627 [09:44<14:08:25,  1.18it/s]
  1%|          | 515/60627 [09:45<13:29:25,  1.24it/s]
                                                      
{'loss': 4.341, 'grad_norm': 0.91796875, 'learning_rate': 0.0005999131458677903, 'epoch': 0.01}

  1%|          | 515/60627 [09:45<13:29:25,  1.24it/s]
  1%|          | 516/60627 [09:46<13:05:56,  1.27it/s]{'loss': 4.9034, 'grad_norm': 0.76171875, 'learning_rate': 0.0005999127711112761, 'epoch': 0.01}

                                                      

  1%|          | 516/60627 [09:46<13:05:56,  1.27it/s]
  1%|          | 517/60627 [09:46<12:45:00,  1.31it/s]
                                                      
{'loss': 4.0336, 'grad_norm': 0.66015625, 'learning_rate': 0.0005999123955481232, 'epoch': 0.01}

  1%|          | 517/60627 [09:47<12:45:00,  1.31it/s]
  1%|          | 518/60627 [09:47<12:31:21,  1.33it/s]
                                                      
{'loss': 4.6629, 'grad_norm': 0.88671875, 'learning_rate': 0.0005999120191783324, 'epoch': 0.01}

  1%|          | 518/60627 [09:47<12:31:21,  1.33it/s]
  1%|          | 519/60627 [09:48<12:21:47,  1.35it/s]
                                                      
{'loss': 4.6676, 'grad_norm': 0.80078125, 'learning_rate': 0.0005999116420019046, 'epoch': 0.01}

  1%|          | 519/60627 [09:48<12:21:47,  1.35it/s]
  1%|          | 520/60627 [09:49<12:19:01,  1.36it/s]
                                                      
{'loss': 4.9392, 'grad_norm': 0.62109375, 'learning_rate': 0.0005999112640188409, 'epoch': 0.01}

  1%|          | 520/60627 [09:49<12:19:01,  1.36it/s]
  1%|          | 521/60627 [09:49<12:14:09,  1.36it/s]
                                                      
{'loss': 4.9592, 'grad_norm': 0.65625, 'learning_rate': 0.0005999108852291423, 'epoch': 0.01}

  1%|          | 521/60627 [09:49<12:14:09,  1.36it/s]
  1%|          | 522/60627 [09:50<12:11:21,  1.37it/s]
                                                      
{'loss': 5.0392, 'grad_norm': 0.81640625, 'learning_rate': 0.0005999105056328099, 'epoch': 0.01}

  1%|          | 522/60627 [09:50<12:11:21,  1.37it/s]
  1%|          | 523/60627 [09:51<12:07:30,  1.38it/s]
                                                      
{'loss': 4.8228, 'grad_norm': 0.70703125, 'learning_rate': 0.0005999101252298447, 'epoch': 0.01}

  1%|          | 523/60627 [09:51<12:07:30,  1.38it/s]
  1%|          | 524/60627 [09:52<12:08:28,  1.38it/s]
                                                      
{'loss': 4.9, 'grad_norm': 0.7109375, 'learning_rate': 0.0005999097440202476, 'epoch': 0.01}

  1%|          | 524/60627 [09:52<12:08:28,  1.38it/s]
  1%|          | 525/60627 [09:52<12:08:23,  1.38it/s]
                                                      
{'loss': 4.7875, 'grad_norm': 0.734375, 'learning_rate': 0.0005999093620040197, 'epoch': 0.01}

  1%|          | 525/60627 [09:52<12:08:23,  1.38it/s]
  1%|          | 526/60627 [09:53<12:07:05,  1.38it/s]
                                                      
{'loss': 4.6412, 'grad_norm': 0.65234375, 'learning_rate': 0.0005999089791811621, 'epoch': 0.01}

  1%|          | 526/60627 [09:53<12:07:05,  1.38it/s]
  1%|          | 527/60627 [09:54<12:05:40,  1.38it/s]{'loss': 4.8873, 'grad_norm': 0.74609375, 'learning_rate': 0.0005999085955516756, 'epoch': 0.01}

                                                      

  1%|          | 527/60627 [09:54<12:05:40,  1.38it/s]
  1%|          | 528/60627 [09:54<12:04:47,  1.38it/s]
                                                      
{'loss': 4.6368, 'grad_norm': 0.62109375, 'learning_rate': 0.0005999082111155615, 'epoch': 0.01}

  1%|          | 528/60627 [09:54<12:04:47,  1.38it/s]
  1%|          | 529/60627 [09:55<12:07:07,  1.38it/s]
                                                      
{'loss': 5.104, 'grad_norm': 0.73828125, 'learning_rate': 0.0005999078258728207, 'epoch': 0.01}

  1%|          | 529/60627 [09:55<12:07:07,  1.38it/s]
  1%|          | 530/60627 [09:56<12:04:02,  1.38it/s]
                                                      
{'loss': 4.8482, 'grad_norm': 0.72265625, 'learning_rate': 0.0005999074398234544, 'epoch': 0.01}

  1%|          | 530/60627 [09:56<12:04:02,  1.38it/s]
  1%|          | 531/60627 [09:57<12:04:15,  1.38it/s]
                                                      
{'loss': 4.9295, 'grad_norm': 0.76953125, 'learning_rate': 0.0005999070529674633, 'epoch': 0.01}

  1%|          | 531/60627 [09:57<12:04:15,  1.38it/s]
  1%|          | 532/60627 [09:57<12:02:50,  1.39it/s]
                                                      
{'loss': 4.6571, 'grad_norm': 0.80078125, 'learning_rate': 0.0005999066653048486, 'epoch': 0.01}

  1%|          | 532/60627 [09:57<12:02:50,  1.39it/s]
  1%|          | 533/60627 [09:58<12:03:56,  1.38it/s]{'loss': 4.7223, 'grad_norm': 0.69140625, 'learning_rate': 0.0005999062768356116, 'epoch': 0.01}

                                                      

  1%|          | 533/60627 [09:58<12:03:56,  1.38it/s]
  1%|          | 534/60627 [09:59<12:01:01,  1.39it/s]
                                                      
{'loss': 4.3403, 'grad_norm': 0.80859375, 'learning_rate': 0.0005999058875597531, 'epoch': 0.01}

  1%|          | 534/60627 [09:59<12:01:01,  1.39it/s]
  1%|          | 535/60627 [09:59<12:00:25,  1.39it/s]{'loss': 4.5497, 'grad_norm': 0.78515625, 'learning_rate': 0.0005999054974772741, 'epoch': 0.01}

                                                      

  1%|          | 535/60627 [10:00<12:00:25,  1.39it/s]
  1%|          | 536/60627 [10:00<11:59:53,  1.39it/s]{'loss': 4.5539, 'grad_norm': 0.6875, 'learning_rate': 0.0005999051065881758, 'epoch': 0.01}

                                                      

  1%|          | 536/60627 [10:00<11:59:53,  1.39it/s]
  1%|          | 537/60627 [10:01<12:01:27,  1.39it/s]
                                                      
{'loss': 4.8741, 'grad_norm': 0.703125, 'learning_rate': 0.0005999047148924591, 'epoch': 0.01}

  1%|          | 537/60627 [10:01<12:01:27,  1.39it/s]
  1%|          | 538/60627 [10:02<12:00:25,  1.39it/s]{'loss': 4.7904, 'grad_norm': 0.828125, 'learning_rate': 0.0005999043223901251, 'epoch': 0.01}

                                                      

  1%|          | 538/60627 [10:02<12:00:25,  1.39it/s]
  1%|          | 539/60627 [10:02<12:00:34,  1.39it/s]{'loss': 4.478, 'grad_norm': 0.75, 'learning_rate': 0.000599903929081175, 'epoch': 0.01}

                                                      

  1%|          | 539/60627 [10:02<12:00:34,  1.39it/s]
  1%|          | 540/60627 [10:03<12:03:34,  1.38it/s]
                                                      
{'loss': 4.9198, 'grad_norm': 0.69140625, 'learning_rate': 0.0005999035349656096, 'epoch': 0.01}

  1%|          | 540/60627 [10:03<12:03:34,  1.38it/s]
  1%|          | 541/60627 [10:04<12:06:28,  1.38it/s]
                                                      
{'loss': 4.8667, 'grad_norm': 0.66015625, 'learning_rate': 0.0005999031400434303, 'epoch': 0.01}

  1%|          | 541/60627 [10:04<12:06:28,  1.38it/s]
  1%|          | 542/60627 [10:05<12:04:46,  1.38it/s]{'loss': 4.5283, 'grad_norm': 0.71875, 'learning_rate': 0.000599902744314638, 'epoch': 0.01}

                                                      

  1%|          | 542/60627 [10:05<12:04:46,  1.38it/s]
  1%|          | 543/60627 [10:05<12:06:25,  1.38it/s]{'loss': 4.796, 'grad_norm': 0.60546875, 'learning_rate': 0.0005999023477792335, 'epoch': 0.01}

                                                      

  1%|          | 543/60627 [10:05<12:06:25,  1.38it/s]
  1%|          | 544/60627 [10:06<12:05:53,  1.38it/s]
                                                      
{'loss': 4.6564, 'grad_norm': 0.71875, 'learning_rate': 0.0005999019504372181, 'epoch': 0.01}

  1%|          | 544/60627 [10:06<12:05:53,  1.38it/s]
  1%|          | 545/60627 [10:07<12:06:29,  1.38it/s]{'loss': 4.5381, 'grad_norm': 0.57421875, 'learning_rate': 0.0005999015522885929, 'epoch': 0.01}

                                                      

  1%|          | 545/60627 [10:07<12:06:29,  1.38it/s]
  1%|          | 546/60627 [10:07<12:07:23,  1.38it/s]
                                                      
{'loss': 4.8197, 'grad_norm': 0.71875, 'learning_rate': 0.0005999011533333592, 'epoch': 0.01}

  1%|          | 546/60627 [10:07<12:07:23,  1.38it/s]
  1%|          | 547/60627 [10:08<12:08:13,  1.38it/s]
                                                      
{'loss': 4.8807, 'grad_norm': 0.7734375, 'learning_rate': 0.0005999007535715176, 'epoch': 0.01}

  1%|          | 547/60627 [10:08<12:08:13,  1.38it/s]
  1%|          | 548/60627 [10:09<12:06:42,  1.38it/s]
                                                      
{'loss': 4.7139, 'grad_norm': 0.796875, 'learning_rate': 0.0005999003530030693, 'epoch': 0.01}

  1%|          | 548/60627 [10:09<12:06:42,  1.38it/s]
  1%|          | 549/60627 [10:10<12:04:55,  1.38it/s]
                                                      
{'loss': 4.8186, 'grad_norm': 0.64453125, 'learning_rate': 0.0005998999516280155, 'epoch': 0.01}

  1%|          | 549/60627 [10:10<12:04:55,  1.38it/s]
  1%|          | 550/60627 [10:10<12:06:35,  1.38it/s]{'loss': 4.6478, 'grad_norm': 1.0234375, 'learning_rate': 0.0005998995494463573, 'epoch': 0.01}

                                                      

  1%|          | 550/60627 [10:10<12:06:35,  1.38it/s]
  1%|          | 551/60627 [10:11<12:06:37,  1.38it/s]
                                                      
{'loss': 4.9652, 'grad_norm': 0.77734375, 'learning_rate': 0.0005998991464580957, 'epoch': 0.01}

  1%|          | 551/60627 [10:11<12:06:37,  1.38it/s]
  1%|          | 552/60627 [10:12<12:06:15,  1.38it/s]{'loss': 4.7603, 'grad_norm': 0.7109375, 'learning_rate': 0.0005998987426632319, 'epoch': 0.01}

                                                      

  1%|          | 552/60627 [10:12<12:06:15,  1.38it/s]
  1%|          | 553/60627 [10:13<12:04:57,  1.38it/s]
                                                      
{'loss': 4.4505, 'grad_norm': 0.6796875, 'learning_rate': 0.0005998983380617668, 'epoch': 0.01}

  1%|          | 553/60627 [10:13<12:04:57,  1.38it/s]
  1%|          | 554/60627 [10:13<12:06:46,  1.38it/s]
                                                      
{'loss': 4.7569, 'grad_norm': 0.76953125, 'learning_rate': 0.0005998979326537017, 'epoch': 0.01}

  1%|          | 554/60627 [10:13<12:06:46,  1.38it/s]
  1%|          | 555/60627 [10:14<12:07:01,  1.38it/s]
                                                      
{'loss': 4.8749, 'grad_norm': 0.64453125, 'learning_rate': 0.0005998975264390374, 'epoch': 0.01}

  1%|          | 555/60627 [10:14<12:07:01,  1.38it/s]
  1%|          | 556/60627 [10:15<12:08:17,  1.37it/s]
                                                      
{'loss': 4.8185, 'grad_norm': 0.75390625, 'learning_rate': 0.0005998971194177753, 'epoch': 0.01}

  1%|          | 556/60627 [10:15<12:08:17,  1.37it/s]
  1%|          | 557/60627 [10:15<12:04:48,  1.38it/s]
                                                      
{'loss': 4.5414, 'grad_norm': 0.73828125, 'learning_rate': 0.0005998967115899163, 'epoch': 0.01}

  1%|          | 557/60627 [10:15<12:04:48,  1.38it/s]
  1%|          | 558/60627 [10:16<12:04:40,  1.38it/s]
                                                      
{'loss': 4.5502, 'grad_norm': 0.78125, 'learning_rate': 0.0005998963029554615, 'epoch': 0.01}

  1%|          | 558/60627 [10:16<12:04:40,  1.38it/s]
  1%|          | 559/60627 [10:17<12:05:09,  1.38it/s]{'loss': 4.3778, 'grad_norm': 0.69140625, 'learning_rate': 0.0005998958935144121, 'epoch': 0.01}

                                                      

  1%|          | 559/60627 [10:17<12:05:09,  1.38it/s]
  1%|          | 560/60627 [10:18<12:06:58,  1.38it/s]{'loss': 4.6827, 'grad_norm': 0.703125, 'learning_rate': 0.0005998954832667692, 'epoch': 0.01}

                                                      

  1%|          | 560/60627 [10:18<12:06:58,  1.38it/s]
  1%|          | 561/60627 [10:18<12:07:14,  1.38it/s]
                                                      
{'loss': 4.7419, 'grad_norm': 0.86328125, 'learning_rate': 0.0005998950722125338, 'epoch': 0.01}

  1%|          | 561/60627 [10:18<12:07:14,  1.38it/s]
  1%|          | 562/60627 [10:19<12:04:51,  1.38it/s]
                                                      
{'loss': 4.4151, 'grad_norm': 0.703125, 'learning_rate': 0.0005998946603517071, 'epoch': 0.01}

  1%|          | 562/60627 [10:19<12:04:51,  1.38it/s]
  1%|          | 563/60627 [10:20<12:07:14,  1.38it/s]{'loss': 4.6107, 'grad_norm': 0.7734375, 'learning_rate': 0.0005998942476842902, 'epoch': 0.01}

                                                      

  1%|          | 563/60627 [10:20<12:07:14,  1.38it/s]
  1%|          | 564/60627 [10:21<12:02:22,  1.39it/s]
                                                      
{'loss': 4.1247, 'grad_norm': 0.72265625, 'learning_rate': 0.0005998938342102842, 'epoch': 0.01}

  1%|          | 564/60627 [10:21<12:02:22,  1.39it/s]
  1%|          | 565/60627 [10:21<12:02:38,  1.39it/s]{'loss': 4.4513, 'grad_norm': 0.625, 'learning_rate': 0.0005998934199296901, 'epoch': 0.01}

                                                      

  1%|          | 565/60627 [10:21<12:02:38,  1.39it/s]
  1%|          | 566/60627 [10:22<12:04:38,  1.38it/s]{'loss': 4.6938, 'grad_norm': 0.7109375, 'learning_rate': 0.0005998930048425092, 'epoch': 0.01}

                                                      

  1%|          | 566/60627 [10:22<12:04:38,  1.38it/s]
  1%|          | 567/60627 [10:23<12:06:06,  1.38it/s]
                                                      
{'loss': 4.8779, 'grad_norm': 0.6328125, 'learning_rate': 0.0005998925889487425, 'epoch': 0.01}

  1%|          | 567/60627 [10:23<12:06:06,  1.38it/s]
  1%|          | 568/60627 [10:23<12:05:48,  1.38it/s]
                                                      
{'loss': 4.8568, 'grad_norm': 0.63671875, 'learning_rate': 0.0005998921722483912, 'epoch': 0.01}

  1%|          | 568/60627 [10:23<12:05:48,  1.38it/s]
  1%|          | 569/60627 [10:24<12:02:27,  1.39it/s]{'loss': 4.7198, 'grad_norm': 0.63671875, 'learning_rate': 0.0005998917547414563, 'epoch': 0.01}

                                                      

  1%|          | 569/60627 [10:24<12:02:27,  1.39it/s]
  1%|          | 570/60627 [10:25<12:01:48,  1.39it/s]
                                                      
{'loss': 4.5411, 'grad_norm': 0.74609375, 'learning_rate': 0.000599891336427939, 'epoch': 0.01}

  1%|          | 570/60627 [10:25<12:01:48,  1.39it/s]
  1%|          | 571/60627 [10:26<12:00:36,  1.39it/s]
                                                      
{'loss': 4.9109, 'grad_norm': 0.625, 'learning_rate': 0.0005998909173078404, 'epoch': 0.01}

  1%|          | 571/60627 [10:26<12:00:36,  1.39it/s]
  1%|          | 572/60627 [10:26<12:04:46,  1.38it/s]{'loss': 4.5405, 'grad_norm': 0.62109375, 'learning_rate': 0.0005998904973811616, 'epoch': 0.01}

                                                      

  1%|          | 572/60627 [10:26<12:04:46,  1.38it/s]
  1%|          | 573/60627 [10:27<12:04:51,  1.38it/s]
                                                      
{'loss': 4.3816, 'grad_norm': 0.609375, 'learning_rate': 0.0005998900766479038, 'epoch': 0.01}

  1%|          | 573/60627 [10:27<12:04:51,  1.38it/s]
  1%|          | 574/60627 [10:28<12:05:04,  1.38it/s]
                                                      
{'loss': 4.7273, 'grad_norm': 0.65234375, 'learning_rate': 0.0005998896551080681, 'epoch': 0.01}

  1%|          | 574/60627 [10:28<12:05:04,  1.38it/s]
  1%|          | 575/60627 [10:28<12:04:36,  1.38it/s]
                                                      
{'loss': 4.4058, 'grad_norm': 0.69140625, 'learning_rate': 0.0005998892327616557, 'epoch': 0.01}

  1%|          | 575/60627 [10:28<12:04:36,  1.38it/s]
  1%|          | 576/60627 [10:29<12:04:38,  1.38it/s]
                                                      
{'loss': 4.5242, 'grad_norm': 0.6015625, 'learning_rate': 0.0005998888096086676, 'epoch': 0.01}

  1%|          | 576/60627 [10:29<12:04:38,  1.38it/s]
  1%|          | 577/60627 [10:30<12:06:53,  1.38it/s]
                                                      
{'loss': 4.644, 'grad_norm': 0.578125, 'learning_rate': 0.000599888385649105, 'epoch': 0.01}

  1%|          | 577/60627 [10:30<12:06:53,  1.38it/s]
  1%|          | 578/60627 [10:31<12:07:24,  1.38it/s]{'loss': 4.6983, 'grad_norm': 0.66015625, 'learning_rate': 0.0005998879608829691, 'epoch': 0.01}

                                                      

  1%|          | 578/60627 [10:31<12:07:24,  1.38it/s]
  1%|          | 579/60627 [10:31<12:07:40,  1.38it/s]{'loss': 4.5768, 'grad_norm': 0.5859375, 'learning_rate': 0.000599887535310261, 'epoch': 0.01}

                                                      

  1%|          | 579/60627 [10:31<12:07:40,  1.38it/s]
  1%|          | 580/60627 [10:32<12:06:56,  1.38it/s]{'loss': 4.8359, 'grad_norm': 0.6875, 'learning_rate': 0.0005998871089309819, 'epoch': 0.01}

                                                      

  1%|          | 580/60627 [10:32<12:06:56,  1.38it/s]
  1%|          | 581/60627 [10:33<12:07:41,  1.38it/s]
                                                      
{'loss': 4.6281, 'grad_norm': 0.703125, 'learning_rate': 0.0005998866817451328, 'epoch': 0.01}

  1%|          | 581/60627 [10:33<12:07:41,  1.38it/s]
  1%|          | 582/60627 [10:34<12:05:22,  1.38it/s]{'loss': 4.3221, 'grad_norm': 0.71484375, 'learning_rate': 0.0005998862537527148, 'epoch': 0.01}

                                                      

  1%|          | 582/60627 [10:34<12:05:22,  1.38it/s]
  1%|          | 583/60627 [10:34<12:01:51,  1.39it/s]
                                                      
{'loss': 4.421, 'grad_norm': 0.71484375, 'learning_rate': 0.0005998858249537293, 'epoch': 0.01}

  1%|          | 583/60627 [10:34<12:01:51,  1.39it/s]
  1%|          | 584/60627 [10:35<11:59:11,  1.39it/s]
                                                      
{'loss': 4.3455, 'grad_norm': 0.70703125, 'learning_rate': 0.0005998853953481774, 'epoch': 0.01}

  1%|          | 584/60627 [10:35<11:59:11,  1.39it/s]
  1%|          | 585/60627 [10:36<12:01:51,  1.39it/s]
                                                      
{'loss': 4.823, 'grad_norm': 0.640625, 'learning_rate': 0.0005998849649360601, 'epoch': 0.01}

  1%|          | 585/60627 [10:36<12:01:51,  1.39it/s]
  1%|          | 586/60627 [10:36<11:59:29,  1.39it/s]
                                                      
{'loss': 4.605, 'grad_norm': 0.6875, 'learning_rate': 0.0005998845337173787, 'epoch': 0.01}

  1%|          | 586/60627 [10:36<11:59:29,  1.39it/s]
  1%|          | 587/60627 [10:37<11:59:57,  1.39it/s]{'loss': 4.7686, 'grad_norm': 0.640625, 'learning_rate': 0.0005998841016921344, 'epoch': 0.01}

                                                      

  1%|          | 587/60627 [10:37<11:59:57,  1.39it/s]
  1%|          | 588/60627 [10:38<12:00:33,  1.39it/s]{'loss': 4.5268, 'grad_norm': 0.68359375, 'learning_rate': 0.0005998836688603282, 'epoch': 0.01}

                                                      

  1%|          | 588/60627 [10:38<12:00:33,  1.39it/s]
  1%|          | 589/60627 [10:39<12:00:56,  1.39it/s]{'loss': 4.3685, 'grad_norm': 0.5859375, 'learning_rate': 0.0005998832352219612, 'epoch': 0.01}

                                                      

  1%|          | 589/60627 [10:39<12:00:56,  1.39it/s]
  1%|          | 590/60627 [10:39<12:00:55,  1.39it/s]
                                                      
{'loss': 4.8106, 'grad_norm': 0.6875, 'learning_rate': 0.0005998828007770349, 'epoch': 0.01}

  1%|          | 590/60627 [10:39<12:00:55,  1.39it/s]
  1%|          | 591/60627 [10:40<12:00:05,  1.39it/s]
                                                      
{'loss': 4.5827, 'grad_norm': 0.69921875, 'learning_rate': 0.0005998823655255501, 'epoch': 0.01}

  1%|          | 591/60627 [10:40<12:00:05,  1.39it/s]
  1%|          | 592/60627 [10:41<12:01:17,  1.39it/s]
                                                      
{'loss': 4.6546, 'grad_norm': 0.69921875, 'learning_rate': 0.0005998819294675083, 'epoch': 0.01}

  1%|          | 592/60627 [10:41<12:01:17,  1.39it/s]
  1%|          | 593/60627 [10:41<12:02:13,  1.39it/s]
                                                      
{'loss': 4.885, 'grad_norm': 0.8046875, 'learning_rate': 0.0005998814926029104, 'epoch': 0.01}

  1%|          | 593/60627 [10:41<12:02:13,  1.39it/s]
  1%|          | 594/60627 [10:42<12:02:44,  1.38it/s]
                                                      
{'loss': 4.4979, 'grad_norm': 0.625, 'learning_rate': 0.0005998810549317577, 'epoch': 0.01}

  1%|          | 594/60627 [10:42<12:02:44,  1.38it/s]
  1%|          | 595/60627 [10:43<12:02:59,  1.38it/s]
                                                      
{'loss': 4.8252, 'grad_norm': 0.6796875, 'learning_rate': 0.0005998806164540516, 'epoch': 0.01}

  1%|          | 595/60627 [10:43<12:02:59,  1.38it/s]
  1%|          | 596/60627 [10:44<12:03:51,  1.38it/s]
                                                      
{'loss': 4.8646, 'grad_norm': 0.59765625, 'learning_rate': 0.0005998801771697926, 'epoch': 0.01}

  1%|          | 596/60627 [10:44<12:03:51,  1.38it/s]
  1%|          | 597/60627 [10:44<12:03:29,  1.38it/s]
                                                      
{'loss': 4.7611, 'grad_norm': 0.6171875, 'learning_rate': 0.0005998797370789827, 'epoch': 0.01}

  1%|          | 597/60627 [10:44<12:03:29,  1.38it/s]
  1%|          | 598/60627 [10:45<12:03:07,  1.38it/s]{'loss': 4.7996, 'grad_norm': 0.62890625, 'learning_rate': 0.0005998792961816225, 'epoch': 0.01}

                                                      

  1%|          | 598/60627 [10:45<12:03:07,  1.38it/s]
  1%|          | 599/60627 [10:46<12:03:06,  1.38it/s]
                                                      
{'loss': 4.3771, 'grad_norm': 0.7109375, 'learning_rate': 0.0005998788544777135, 'epoch': 0.01}

  1%|          | 599/60627 [10:46<12:03:06,  1.38it/s]
  1%|          | 600/60627 [10:47<12:05:30,  1.38it/s]
                                                      
{'loss': 4.4902, 'grad_norm': 0.61328125, 'learning_rate': 0.0005998784119672568, 'epoch': 0.01}

  1%|          | 600/60627 [10:47<12:05:30,  1.38it/s]

  0%|          | 0/157 [00:00<?, ?it/s][A

  1%|▏         | 2/157 [00:00<00:20,  7.67it/s][A

  2%|▏         | 3/157 [00:00<00:28,  5.40it/s][A

  3%|▎         | 4/157 [00:00<00:32,  4.68it/s][A

  3%|▎         | 5/157 [00:01<00:35,  4.34it/s][A

  4%|▍         | 6/157 [00:01<00:36,  4.16it/s][A

  4%|▍         | 7/157 [00:01<00:36,  4.06it/s][A

  5%|▌         | 8/157 [00:01<00:37,  3.99it/s][A

  6%|▌         | 9/157 [00:02<00:37,  3.95it/s][A

  6%|▋         | 10/157 [00:02<00:37,  3.91it/s][A

  7%|▋         | 11/157 [00:02<00:37,  3.88it/s][A

  8%|▊         | 12/157 [00:02<00:37,  3.86it/s][A

  8%|▊         | 13/157 [00:03<00:37,  3.85it/s][A

  9%|▉         | 14/157 [00:03<00:36,  3.87it/s][A

 10%|▉         | 15/157 [00:03<00:36,  3.86it/s][A

 10%|█         | 16/157 [00:03<00:36,  3.84it/s][A

 11%|█         | 17/157 [00:04<00:36,  3.84it/s][A

 11%|█▏        | 18/157 [00:04<00:36,  3.83it/s][A

 12%|█▏        | 19/157 [00:04<00:36,  3.83it/s][A

 13%|█▎        | 20/157 [00:04<00:35,  3.85it/s][A

 13%|█▎        | 21/157 [00:05<00:35,  3.84it/s][A

 14%|█▍        | 22/157 [00:05<00:35,  3.84it/s][A

 15%|█▍        | 23/157 [00:05<00:34,  3.84it/s][A

 15%|█▌        | 24/157 [00:05<00:34,  3.85it/s][A

 16%|█▌        | 25/157 [00:06<00:34,  3.83it/s][A

 17%|█▋        | 26/157 [00:06<00:34,  3.84it/s][A

 17%|█▋        | 27/157 [00:06<00:33,  3.83it/s][A

 18%|█▊        | 28/157 [00:07<00:33,  3.82it/s][A

 18%|█▊        | 29/157 [00:07<00:33,  3.82it/s][A

 19%|█▉        | 30/157 [00:07<00:33,  3.83it/s][A

 20%|█▉        | 31/157 [00:07<00:32,  3.83it/s][A

 20%|██        | 32/157 [00:08<00:32,  3.84it/s][A

 21%|██        | 33/157 [00:08<00:32,  3.83it/s][A

 22%|██▏       | 34/157 [00:08<00:32,  3.82it/s][A

 22%|██▏       | 35/157 [00:08<00:31,  3.82it/s][A

 23%|██▎       | 36/157 [00:09<00:31,  3.82it/s][A

 24%|██▎       | 37/157 [00:09<00:31,  3.82it/s][A

 24%|██▍       | 38/157 [00:09<00:31,  3.81it/s][A

 25%|██▍       | 39/157 [00:09<00:30,  3.81it/s][A

 25%|██▌       | 40/157 [00:10<00:30,  3.83it/s][A

 26%|██▌       | 41/157 [00:10<00:30,  3.82it/s][A

 27%|██▋       | 42/157 [00:10<00:30,  3.82it/s][A

 27%|██▋       | 43/157 [00:10<00:29,  3.81it/s][A

 28%|██▊       | 44/157 [00:11<00:29,  3.81it/s][A

 29%|██▊       | 45/157 [00:11<00:29,  3.84it/s][A

 29%|██▉       | 46/157 [00:11<00:28,  3.83it/s][A

 30%|██▉       | 47/157 [00:12<00:28,  3.83it/s][A

 31%|███       | 48/157 [00:12<00:28,  3.86it/s][A

 31%|███       | 49/157 [00:12<00:27,  3.88it/s][A

 32%|███▏      | 50/157 [00:12<00:27,  3.89it/s][A

 32%|███▏      | 51/157 [00:13<00:27,  3.90it/s][A

 33%|███▎      | 52/157 [00:13<00:27,  3.88it/s][A

 34%|███▍      | 53/157 [00:13<00:26,  3.86it/s][A

 34%|███▍      | 54/157 [00:13<00:26,  3.86it/s][A

 35%|███▌      | 55/157 [00:14<00:26,  3.85it/s][A

 36%|███▌      | 56/157 [00:14<00:26,  3.85it/s][A

 36%|███▋      | 57/157 [00:14<00:25,  3.86it/s][A

 37%|███▋      | 58/157 [00:14<00:25,  3.85it/s][A

 38%|███▊      | 59/157 [00:15<00:25,  3.85it/s][A

 38%|███▊      | 60/157 [00:15<00:25,  3.85it/s][A

 39%|███▉      | 61/157 [00:15<00:24,  3.86it/s][A

 39%|███▉      | 62/157 [00:15<00:24,  3.84it/s][A

 40%|████      | 63/157 [00:16<00:24,  3.83it/s][A

 41%|████      | 64/157 [00:16<00:24,  3.83it/s][A

 41%|████▏     | 65/157 [00:16<00:24,  3.83it/s][A

 42%|████▏     | 66/157 [00:16<00:23,  3.83it/s][A

 43%|████▎     | 67/157 [00:17<00:23,  3.83it/s][A

 43%|████▎     | 68/157 [00:17<00:23,  3.86it/s][A

 44%|████▍     | 69/157 [00:17<00:22,  3.84it/s][A

 45%|████▍     | 70/157 [00:17<00:22,  3.84it/s][A

 45%|████▌     | 71/157 [00:18<00:22,  3.83it/s][A

 46%|████▌     | 72/157 [00:18<00:22,  3.82it/s][A

 46%|████▋     | 73/157 [00:18<00:21,  3.84it/s][A

 47%|████▋     | 74/157 [00:19<00:21,  3.86it/s][A

 48%|████▊     | 75/157 [00:19<00:21,  3.88it/s][A

 48%|████▊     | 76/157 [00:19<00:20,  3.88it/s][A

 49%|████▉     | 77/157 [00:19<00:20,  3.90it/s][A

 50%|████▉     | 78/157 [00:20<00:20,  3.91it/s][A

 50%|█████     | 79/157 [00:20<00:19,  3.91it/s][A

 51%|█████     | 80/157 [00:20<00:19,  3.92it/s][A

 52%|█████▏    | 81/157 [00:20<00:19,  3.92it/s][A

 52%|█████▏    | 82/157 [00:21<00:19,  3.92it/s][A

 53%|█████▎    | 83/157 [00:21<00:18,  3.92it/s][A

 54%|█████▎    | 84/157 [00:21<00:18,  3.92it/s][A

 54%|█████▍    | 85/157 [00:21<00:18,  3.88it/s][A

 55%|█████▍    | 86/157 [00:22<00:18,  3.88it/s][A

 55%|█████▌    | 87/157 [00:22<00:17,  3.90it/s][A

 56%|█████▌    | 88/157 [00:22<00:17,  3.88it/s][A

 57%|█████▋    | 89/157 [00:22<00:17,  3.86it/s][A

 57%|█████▋    | 90/157 [00:23<00:17,  3.86it/s][A

 58%|█████▊    | 91/157 [00:23<00:17,  3.86it/s][A

 59%|█████▊    | 92/157 [00:23<00:16,  3.86it/s][A

 59%|█████▉    | 93/157 [00:23<00:16,  3.86it/s][A

 60%|█████▉    | 94/157 [00:24<00:16,  3.86it/s][A

 61%|██████    | 95/157 [00:24<00:15,  3.89it/s][A

 61%|██████    | 96/157 [00:24<00:15,  3.91it/s][A

 62%|██████▏   | 97/157 [00:24<00:15,  3.91it/s][A

 62%|██████▏   | 98/157 [00:25<00:15,  3.92it/s][A

 63%|██████▎   | 99/157 [00:25<00:14,  3.95it/s][A

 64%|██████▎   | 100/157 [00:25<00:14,  3.97it/s][A

 64%|██████▍   | 101/157 [00:25<00:14,  3.97it/s][A

 65%|██████▍   | 102/157 [00:26<00:13,  3.97it/s][A

 66%|██████▌   | 103/157 [00:26<00:13,  3.98it/s][A

 66%|██████▌   | 104/157 [00:26<00:13,  3.99it/s][A

 67%|██████▋   | 105/157 [00:26<00:12,  4.01it/s][A

 68%|██████▊   | 106/157 [00:27<00:12,  3.97it/s][A

 68%|██████▊   | 107/157 [00:27<00:12,  3.97it/s][A

 69%|██████▉   | 108/157 [00:27<00:12,  3.96it/s][A

 69%|██████▉   | 109/157 [00:27<00:12,  3.95it/s][A

 70%|███████   | 110/157 [00:28<00:11,  3.97it/s][A

 71%|███████   | 111/157 [00:28<00:11,  3.99it/s][A

 71%|███████▏  | 112/157 [00:28<00:11,  4.00it/s][A

 72%|███████▏  | 113/157 [00:28<00:10,  4.01it/s][A

 73%|███████▎  | 114/157 [00:29<00:10,  4.02it/s][A

 73%|███████▎  | 115/157 [00:29<00:10,  4.02it/s][A

 74%|███████▍  | 116/157 [00:29<00:10,  4.02it/s][A

 75%|███████▍  | 117/157 [00:29<00:09,  4.02it/s][A

 75%|███████▌  | 118/157 [00:30<00:09,  4.03it/s][A

 76%|███████▌  | 119/157 [00:30<00:09,  4.04it/s][A

 76%|███████▋  | 120/157 [00:30<00:09,  4.05it/s][A

 77%|███████▋  | 121/157 [00:30<00:08,  4.05it/s][A

 78%|███████▊  | 122/157 [00:31<00:08,  4.04it/s][A

 78%|███████▊  | 123/157 [00:31<00:08,  4.06it/s][A

 79%|███████▉  | 124/157 [00:31<00:08,  4.06it/s][A

 80%|███████▉  | 125/157 [00:31<00:07,  4.07it/s][A

 80%|████████  | 126/157 [00:32<00:07,  4.08it/s][A

 81%|████████  | 127/157 [00:32<00:07,  4.08it/s][A

 82%|████████▏ | 128/157 [00:32<00:07,  4.06it/s][A

 82%|████████▏ | 129/157 [00:32<00:06,  4.02it/s][A

 83%|████████▎ | 130/157 [00:33<00:06,  3.99it/s][A

 83%|████████▎ | 131/157 [00:33<00:06,  3.94it/s][A

 84%|████████▍ | 132/157 [00:33<00:06,  3.90it/s][A

 85%|████████▍ | 133/157 [00:33<00:06,  3.88it/s][A

 85%|████████▌ | 134/157 [00:34<00:05,  3.87it/s][A

 86%|████████▌ | 135/157 [00:34<00:05,  3.86it/s][A

 87%|████████▋ | 136/157 [00:34<00:05,  3.85it/s][A

 87%|████████▋ | 137/157 [00:34<00:05,  3.85it/s][A

 88%|████████▊ | 138/157 [00:35<00:04,  3.88it/s][A

 89%|████████▊ | 139/157 [00:35<00:04,  3.88it/s][A

 89%|████████▉ | 140/157 [00:35<00:04,  3.87it/s][A

 90%|████████▉ | 141/157 [00:36<00:04,  3.85it/s][A

 90%|█████████ | 142/157 [00:36<00:03,  3.86it/s][A

 91%|█████████ | 143/157 [00:36<00:03,  3.87it/s][A

 92%|█████████▏| 144/157 [00:36<00:03,  3.88it/s][A

 92%|█████████▏| 145/157 [00:37<00:03,  3.87it/s][A

 93%|█████████▎| 146/157 [00:37<00:02,  3.86it/s][A

 94%|█████████▎| 147/157 [00:37<00:02,  3.85it/s][A

 94%|█████████▍| 148/157 [00:37<00:02,  3.84it/s][A

 95%|█████████▍| 149/157 [00:38<00:02,  3.84it/s][A

 96%|█████████▌| 150/157 [00:38<00:01,  3.83it/s][A

 96%|█████████▌| 151/157 [00:38<00:01,  3.84it/s][A

 97%|█████████▋| 152/157 [00:38<00:01,  3.85it/s][A

 97%|█████████▋| 153/157 [00:39<00:01,  3.86it/s][A

 98%|█████████▊| 154/157 [00:39<00:00,  3.85it/s][A

 99%|█████████▊| 155/157 [00:39<00:00,  3.85it/s][A

 99%|█████████▉| 156/157 [00:39<00:00,  3.83it/s][A

100%|██████████| 157/157 [00:40<00:00,  4.20it/s][A
                                                      

                                                 
[A{'eval_loss': 5.183757781982422, 'eval_runtime': 40.4442, 'eval_samples_per_second': 123.627, 'eval_steps_per_second': 3.882, 'epoch': 0.01}

  1%|          | 600/60627 [11:27<12:05:30,  1.38it/s]

100%|██████████| 157/157 [00:40<00:00,  4.20it/s][A

                                                 [A
  1%|          | 601/60627 [11:30<226:32:11, 13.59s/it]
                                                       
{'loss': 4.7739, 'grad_norm': 0.78125, 'learning_rate': 0.0005998779686502535, 'epoch': 0.01}

  1%|          | 601/60627 [11:30<226:32:11, 13.59s/it]
  1%|          | 602/60627 [11:31<162:14:14,  9.73s/it]{'loss': 4.7406, 'grad_norm': 0.69140625, 'learning_rate': 0.0005998775245267049, 'epoch': 0.01}

                                                       

  1%|          | 602/60627 [11:31<162:14:14,  9.73s/it]
  1%|          | 603/60627 [11:32<117:13:11,  7.03s/it]
                                                       
{'loss': 4.6011, 'grad_norm': 0.609375, 'learning_rate': 0.0005998770795966121, 'epoch': 0.01}

  1%|          | 603/60627 [11:32<117:13:11,  7.03s/it]
  1%|          | 604/60627 [11:32<85:37:44,  5.14s/it] 
                                                      
{'loss': 4.3917, 'grad_norm': 0.6875, 'learning_rate': 0.0005998766338599766, 'epoch': 0.01}

  1%|          | 604/60627 [11:32<85:37:44,  5.14s/it]
  1%|          | 605/60627 [11:33<63:34:02,  3.81s/it]
                                                      
{'loss': 4.6137, 'grad_norm': 0.6171875, 'learning_rate': 0.0005998761873167992, 'epoch': 0.01}

  1%|          | 605/60627 [11:33<63:34:02,  3.81s/it]
  1%|          | 606/60627 [11:34<48:04:57,  2.88s/it]{'loss': 4.5207, 'grad_norm': 0.65234375, 'learning_rate': 0.0005998757399670811, 'epoch': 0.01}

                                                      

  1%|          | 606/60627 [11:34<48:04:57,  2.88s/it]
  1%|          | 607/60627 [11:34<37:12:29,  2.23s/it]{'loss': 4.3876, 'grad_norm': 0.6328125, 'learning_rate': 0.0005998752918108239, 'epoch': 0.01}

                                                      

  1%|          | 607/60627 [11:34<37:12:29,  2.23s/it]
  1%|          | 608/60627 [11:35<29:39:00,  1.78s/it]
                                                      
{'loss': 4.8106, 'grad_norm': 0.67578125, 'learning_rate': 0.0005998748428480285, 'epoch': 0.01}

  1%|          | 608/60627 [11:35<29:39:00,  1.78s/it]
  1%|          | 609/60627 [11:36<24:22:37,  1.46s/it]
                                                      
{'loss': 4.6967, 'grad_norm': 0.6640625, 'learning_rate': 0.0005998743930786961, 'epoch': 0.01}

  1%|          | 609/60627 [11:36<24:22:37,  1.46s/it]
  1%|          | 610/60627 [11:37<20:41:43,  1.24s/it]
                                                      
{'loss': 4.7578, 'grad_norm': 0.703125, 'learning_rate': 0.0005998739425028281, 'epoch': 0.01}

  1%|          | 610/60627 [11:37<20:41:43,  1.24s/it]
  1%|          | 611/60627 [11:37<18:04:54,  1.08s/it]
                                                      
{'loss': 4.5012, 'grad_norm': 0.6015625, 'learning_rate': 0.0005998734911204255, 'epoch': 0.01}

  1%|          | 611/60627 [11:37<18:04:54,  1.08s/it]
  1%|          | 612/60627 [11:38<16:17:50,  1.02it/s]
                                                      

  1%|          | 612/60627 [11:38<16:17:50,  1.02it/s]{'loss': 4.6017, 'grad_norm': 0.625, 'learning_rate': 0.0005998730389314897, 'epoch': 0.01}

  1%|          | 613/60627 [11:39<15:02:36,  1.11it/s]
                                                      
{'loss': 4.311, 'grad_norm': 0.62890625, 'learning_rate': 0.0005998725859360217, 'epoch': 0.01}

  1%|          | 613/60627 [11:39<15:02:36,  1.11it/s]
  1%|          | 614/60627 [11:40<14:05:41,  1.18it/s]
                                                      
{'loss': 4.5636, 'grad_norm': 0.6875, 'learning_rate': 0.0005998721321340228, 'epoch': 0.01}

  1%|          | 614/60627 [11:40<14:05:41,  1.18it/s]
  1%|          | 615/60627 [11:40<13:25:10,  1.24it/s]
                                                      
{'loss': 4.2934, 'grad_norm': 0.66796875, 'learning_rate': 0.0005998716775254945, 'epoch': 0.01}

  1%|          | 615/60627 [11:40<13:25:10,  1.24it/s]
  1%|          | 616/60627 [11:41<13:02:37,  1.28it/s]
                                                      
{'loss': 4.4782, 'grad_norm': 0.69921875, 'learning_rate': 0.0005998712221104377, 'epoch': 0.01}

  1%|          | 616/60627 [11:41<13:02:37,  1.28it/s]
  1%|          | 617/60627 [11:42<12:45:17,  1.31it/s]
                                                      
{'loss': 4.6514, 'grad_norm': 0.61328125, 'learning_rate': 0.0005998707658888536, 'epoch': 0.01}

  1%|          | 617/60627 [11:42<12:45:17,  1.31it/s]
  1%|          | 618/60627 [11:42<12:31:46,  1.33it/s]
                                                      
{'loss': 4.3623, 'grad_norm': 0.6484375, 'learning_rate': 0.0005998703088607436, 'epoch': 0.01}

  1%|          | 618/60627 [11:42<12:31:46,  1.33it/s]
  1%|          | 619/60627 [11:43<12:19:11,  1.35it/s]
                                                      
{'loss': 3.9602, 'grad_norm': 0.6328125, 'learning_rate': 0.0005998698510261089, 'epoch': 0.01}

  1%|          | 619/60627 [11:43<12:19:11,  1.35it/s]
  1%|          | 620/60627 [11:44<12:14:06,  1.36it/s]{'loss': 4.644, 'grad_norm': 0.6171875, 'learning_rate': 0.0005998693923849506, 'epoch': 0.01}

                                                      

  1%|          | 620/60627 [11:44<12:14:06,  1.36it/s]
  1%|          | 621/60627 [11:45<12:09:48,  1.37it/s]
                                                      
{'loss': 4.5171, 'grad_norm': 0.6953125, 'learning_rate': 0.0005998689329372702, 'epoch': 0.01}

  1%|          | 621/60627 [11:45<12:09:48,  1.37it/s]
  1%|          | 622/60627 [11:45<12:07:38,  1.37it/s]
                                                      
{'loss': 4.8686, 'grad_norm': 0.60546875, 'learning_rate': 0.0005998684726830687, 'epoch': 0.01}

  1%|          | 622/60627 [11:45<12:07:38,  1.37it/s]
  1%|          | 623/60627 [11:46<12:07:59,  1.37it/s]
                                                      
{'loss': 4.6181, 'grad_norm': 0.61328125, 'learning_rate': 0.0005998680116223473, 'epoch': 0.01}

  1%|          | 623/60627 [11:46<12:07:59,  1.37it/s]
  1%|          | 624/60627 [11:47<12:07:12,  1.38it/s]
                                                      
{'loss': 4.6332, 'grad_norm': 0.64453125, 'learning_rate': 0.0005998675497551076, 'epoch': 0.01}

  1%|          | 624/60627 [11:47<12:07:12,  1.38it/s]
  1%|          | 625/60627 [11:47<12:05:09,  1.38it/s]
                                                      
{'loss': 4.6761, 'grad_norm': 0.58984375, 'learning_rate': 0.0005998670870813503, 'epoch': 0.01}

  1%|          | 625/60627 [11:47<12:05:09,  1.38it/s]
  1%|          | 626/60627 [11:48<12:03:35,  1.38it/s]{'loss': 4.759, 'grad_norm': 0.65234375, 'learning_rate': 0.0005998666236010771, 'epoch': 0.01}

                                                      

  1%|          | 626/60627 [11:48<12:03:35,  1.38it/s]
  1%|          | 627/60627 [11:49<12:04:58,  1.38it/s]{'loss': 4.8602, 'grad_norm': 0.7109375, 'learning_rate': 0.0005998661593142891, 'epoch': 0.01}

                                                      

  1%|          | 627/60627 [11:49<12:04:58,  1.38it/s]
  1%|          | 628/60627 [11:50<12:05:09,  1.38it/s]{'loss': 4.7958, 'grad_norm': 0.640625, 'learning_rate': 0.0005998656942209874, 'epoch': 0.01}

                                                      

  1%|          | 628/60627 [11:50<12:05:09,  1.38it/s]
  1%|          | 629/60627 [11:50<12:04:33,  1.38it/s]
                                                      
{'loss': 4.4412, 'grad_norm': 0.78125, 'learning_rate': 0.0005998652283211735, 'epoch': 0.01}

  1%|          | 629/60627 [11:50<12:04:33,  1.38it/s]
  1%|          | 630/60627 [11:51<12:02:18,  1.38it/s]{'loss': 4.2914, 'grad_norm': 0.67578125, 'learning_rate': 0.0005998647616148485, 'epoch': 0.01}

                                                      

  1%|          | 630/60627 [11:51<12:02:18,  1.38it/s]
  1%|          | 631/60627 [11:52<12:02:57,  1.38it/s]
                                                      
{'loss': 4.9488, 'grad_norm': 0.7578125, 'learning_rate': 0.0005998642941020137, 'epoch': 0.01}

  1%|          | 631/60627 [11:52<12:02:57,  1.38it/s]
  1%|          | 632/60627 [11:53<12:00:01,  1.39it/s]
                                                      
{'loss': 4.7056, 'grad_norm': 0.68359375, 'learning_rate': 0.0005998638257826703, 'epoch': 0.01}

  1%|          | 632/60627 [11:53<12:00:01,  1.39it/s]
  1%|          | 633/60627 [11:53<12:00:51,  1.39it/s]
                                                      
{'loss': 4.798, 'grad_norm': 0.640625, 'learning_rate': 0.0005998633566568197, 'epoch': 0.01}

  1%|          | 633/60627 [11:53<12:00:51,  1.39it/s]
  1%|          | 634/60627 [11:54<12:01:27,  1.39it/s]
                                                      
{'loss': 4.444, 'grad_norm': 0.6015625, 'learning_rate': 0.0005998628867244629, 'epoch': 0.01}

  1%|          | 634/60627 [11:54<12:01:27,  1.39it/s]
  1%|          | 635/60627 [11:55<12:04:11,  1.38it/s]
                                                      
{'loss': 5.0225, 'grad_norm': 0.66796875, 'learning_rate': 0.0005998624159856014, 'epoch': 0.01}

  1%|          | 635/60627 [11:55<12:04:11,  1.38it/s]
  1%|          | 636/60627 [11:55<12:01:48,  1.39it/s]
                                                      
{'loss': 4.4328, 'grad_norm': 0.671875, 'learning_rate': 0.0005998619444402366, 'epoch': 0.01}

  1%|          | 636/60627 [11:55<12:01:48,  1.39it/s]
  1%|          | 637/60627 [11:56<12:00:26,  1.39it/s]{'loss': 4.1161, 'grad_norm': 0.63671875, 'learning_rate': 0.0005998614720883693, 'epoch': 0.01}

                                                      

  1%|          | 637/60627 [11:56<12:00:26,  1.39it/s]
  1%|          | 638/60627 [11:57<12:00:40,  1.39it/s]
                                                      
{'loss': 4.7169, 'grad_norm': 0.62109375, 'learning_rate': 0.0005998609989300011, 'epoch': 0.01}

  1%|          | 638/60627 [11:57<12:00:40,  1.39it/s]
  1%|          | 639/60627 [11:58<12:02:10,  1.38it/s]
                                                      
{'loss': 4.7244, 'grad_norm': 0.6875, 'learning_rate': 0.0005998605249651332, 'epoch': 0.01}

  1%|          | 639/60627 [11:58<12:02:10,  1.38it/s]
  1%|          | 640/60627 [11:58<12:02:55,  1.38it/s]{'loss': 4.5012, 'grad_norm': 0.60546875, 'learning_rate': 0.000599860050193767, 'epoch': 0.01}

                                                      

  1%|          | 640/60627 [11:58<12:02:55,  1.38it/s]
  1%|          | 641/60627 [11:59<12:00:50,  1.39it/s]
                                                      
{'loss': 4.5354, 'grad_norm': 0.62109375, 'learning_rate': 0.0005998595746159036, 'epoch': 0.01}

  1%|          | 641/60627 [11:59<12:00:50,  1.39it/s]
  1%|          | 642/60627 [12:00<12:01:07,  1.39it/s]
                                                      
{'loss': 4.2884, 'grad_norm': 0.67578125, 'learning_rate': 0.0005998590982315442, 'epoch': 0.01}

  1%|          | 642/60627 [12:00<12:01:07,  1.39it/s]
  1%|          | 643/60627 [12:00<12:02:53,  1.38it/s]
                                                      
{'loss': 4.6785, 'grad_norm': 0.63671875, 'learning_rate': 0.0005998586210406904, 'epoch': 0.01}

  1%|          | 643/60627 [12:00<12:02:53,  1.38it/s]
  1%|          | 644/60627 [12:01<12:03:01,  1.38it/s]
                                                      
{'loss': 4.1747, 'grad_norm': 0.578125, 'learning_rate': 0.0005998581430433432, 'epoch': 0.01}

  1%|          | 644/60627 [12:01<12:03:01,  1.38it/s]
  1%|          | 645/60627 [12:02<12:02:50,  1.38it/s]
                                                      
{'loss': 4.4619, 'grad_norm': 0.6484375, 'learning_rate': 0.0005998576642395042, 'epoch': 0.01}

  1%|          | 645/60627 [12:02<12:02:50,  1.38it/s]
  1%|          | 646/60627 [12:03<12:03:28,  1.38it/s]{'loss': 4.7243, 'grad_norm': 0.6640625, 'learning_rate': 0.0005998571846291742, 'epoch': 0.01}

                                                      

  1%|          | 646/60627 [12:03<12:03:28,  1.38it/s]
  1%|          | 647/60627 [12:03<11:58:58,  1.39it/s]
                                                      
{'loss': 4.2211, 'grad_norm': 0.6640625, 'learning_rate': 0.0005998567042123549, 'epoch': 0.01}

  1%|          | 647/60627 [12:03<11:58:58,  1.39it/s]
  1%|          | 648/60627 [12:04<11:58:23,  1.39it/s]
                                                      
{'loss': 4.4984, 'grad_norm': 0.67578125, 'learning_rate': 0.0005998562229890474, 'epoch': 0.01}

  1%|          | 648/60627 [12:04<11:58:23,  1.39it/s]
  1%|          | 649/60627 [12:05<12:02:06,  1.38it/s]{'loss': 4.4682, 'grad_norm': 0.73828125, 'learning_rate': 0.0005998557409592531, 'epoch': 0.01}

                                                      

  1%|          | 649/60627 [12:05<12:02:06,  1.38it/s]
  1%|          | 650/60627 [12:05<11:59:21,  1.39it/s]{'loss': 4.7194, 'grad_norm': 0.6328125, 'learning_rate': 0.0005998552581229733, 'epoch': 0.01}

                                                      

  1%|          | 650/60627 [12:06<11:59:21,  1.39it/s]
  1%|          | 651/60627 [12:06<12:01:02,  1.39it/s]
                                                      
{'loss': 4.6067, 'grad_norm': 0.59375, 'learning_rate': 0.0005998547744802093, 'epoch': 0.01}

  1%|          | 651/60627 [12:06<12:01:02,  1.39it/s]
  1%|          | 652/60627 [12:07<12:03:15,  1.38it/s]{'loss': 4.8775, 'grad_norm': 0.62890625, 'learning_rate': 0.0005998542900309621, 'epoch': 0.01}

                                                      

  1%|          | 652/60627 [12:07<12:03:15,  1.38it/s]
  1%|          | 653/60627 [12:08<12:02:02,  1.38it/s]
                                                      
{'loss': 4.6067, 'grad_norm': 0.6953125, 'learning_rate': 0.0005998538047752335, 'epoch': 0.01}

  1%|          | 653/60627 [12:08<12:02:02,  1.38it/s]
  1%|          | 654/60627 [12:08<11:59:52,  1.39it/s]
                                                      
{'loss': 4.7573, 'grad_norm': 0.62890625, 'learning_rate': 0.0005998533187130244, 'epoch': 0.01}

  1%|          | 654/60627 [12:08<11:59:52,  1.39it/s]
  1%|          | 655/60627 [12:09<11:59:58,  1.39it/s]{'loss': 4.4952, 'grad_norm': 0.62890625, 'learning_rate': 0.0005998528318443363, 'epoch': 0.01}

                                                      

  1%|          | 655/60627 [12:09<11:59:58,  1.39it/s]
  1%|          | 656/60627 [12:10<11:59:40,  1.39it/s]
                                                      
{'loss': 4.3554, 'grad_norm': 0.6796875, 'learning_rate': 0.0005998523441691705, 'epoch': 0.01}

  1%|          | 656/60627 [12:10<11:59:40,  1.39it/s]
  1%|          | 657/60627 [12:11<12:01:42,  1.38it/s]
                                                      
{'loss': 4.6209, 'grad_norm': 0.65234375, 'learning_rate': 0.0005998518556875283, 'epoch': 0.01}

  1%|          | 657/60627 [12:11<12:01:42,  1.38it/s]
  1%|          | 658/60627 [12:11<12:03:31,  1.38it/s]{'loss': 4.5631, 'grad_norm': 0.58984375, 'learning_rate': 0.000599851366399411, 'epoch': 0.01}

                                                      

  1%|          | 658/60627 [12:11<12:03:31,  1.38it/s]
  1%|          | 659/60627 [12:12<12:04:46,  1.38it/s]{'loss': 4.4495, 'grad_norm': 0.640625, 'learning_rate': 0.0005998508763048199, 'epoch': 0.01}

                                                      

  1%|          | 659/60627 [12:12<12:04:46,  1.38it/s]
  1%|          | 660/60627 [12:13<12:02:22,  1.38it/s]{'loss': 3.8864, 'grad_norm': 0.609375, 'learning_rate': 0.0005998503854037563, 'epoch': 0.01}

                                                      

  1%|          | 660/60627 [12:13<12:02:22,  1.38it/s]
  1%|          | 661/60627 [12:13<12:02:00,  1.38it/s]
                                                      
{'loss': 4.6526, 'grad_norm': 0.66796875, 'learning_rate': 0.0005998498936962216, 'epoch': 0.01}

  1%|          | 661/60627 [12:13<12:02:00,  1.38it/s]
  1%|          | 662/60627 [12:14<12:01:30,  1.39it/s]{'loss': 4.1555, 'grad_norm': 0.65625, 'learning_rate': 0.0005998494011822171, 'epoch': 0.01}

                                                      

  1%|          | 662/60627 [12:14<12:01:30,  1.39it/s]
  1%|          | 663/60627 [12:15<12:02:24,  1.38it/s]
                                                      
{'loss': 4.398, 'grad_norm': 0.66015625, 'learning_rate': 0.0005998489078617441, 'epoch': 0.01}

  1%|          | 663/60627 [12:15<12:02:24,  1.38it/s]
  1%|          | 664/60627 [12:16<12:01:08,  1.39it/s]{'loss': 4.5372, 'grad_norm': 0.70703125, 'learning_rate': 0.0005998484137348038, 'epoch': 0.01}

                                                      

  1%|          | 664/60627 [12:16<12:01:08,  1.39it/s]
  1%|          | 665/60627 [12:16<11:59:11,  1.39it/s]{'loss': 4.0303, 'grad_norm': 0.69140625, 'learning_rate': 0.0005998479188013977, 'epoch': 0.01}

                                                      

  1%|          | 665/60627 [12:16<11:59:11,  1.39it/s]
  1%|          | 666/60627 [12:17<11:59:20,  1.39it/s]
                                                      
{'loss': 4.4531, 'grad_norm': 0.72265625, 'learning_rate': 0.0005998474230615272, 'epoch': 0.01}

  1%|          | 666/60627 [12:17<11:59:20,  1.39it/s]
  1%|          | 667/60627 [12:18<11:59:32,  1.39it/s]
                                                      
{'loss': 4.5533, 'grad_norm': 0.6484375, 'learning_rate': 0.0005998469265151935, 'epoch': 0.01}

  1%|          | 667/60627 [12:18<11:59:32,  1.39it/s]
  1%|          | 668/60627 [12:18<11:58:58,  1.39it/s]{'loss': 4.5121, 'grad_norm': 0.6640625, 'learning_rate': 0.0005998464291623979, 'epoch': 0.01}

                                                      

  1%|          | 668/60627 [12:18<11:58:58,  1.39it/s]
  1%|          | 669/60627 [12:19<12:01:57,  1.38it/s]
                                                      
{'loss': 4.3971, 'grad_norm': 0.66796875, 'learning_rate': 0.0005998459310031419, 'epoch': 0.01}

  1%|          | 669/60627 [12:19<12:01:57,  1.38it/s]
  1%|          | 670/60627 [12:20<12:00:51,  1.39it/s]
                                                      
{'loss': 4.338, 'grad_norm': 0.64453125, 'learning_rate': 0.0005998454320374267, 'epoch': 0.01}

  1%|          | 670/60627 [12:20<12:00:51,  1.39it/s]
  1%|          | 671/60627 [12:21<12:00:47,  1.39it/s]{'loss': 4.2359, 'grad_norm': 0.6875, 'learning_rate': 0.0005998449322652535, 'epoch': 0.01}

                                                      

  1%|          | 671/60627 [12:21<12:00:47,  1.39it/s]
  1%|          | 672/60627 [12:21<12:00:32,  1.39it/s]{'loss': 4.0694, 'grad_norm': 0.59375, 'learning_rate': 0.0005998444316866239, 'epoch': 0.01}

                                                      

  1%|          | 672/60627 [12:21<12:00:32,  1.39it/s]
  1%|          | 673/60627 [12:22<12:00:51,  1.39it/s]
                                                      
{'loss': 4.5652, 'grad_norm': 0.67578125, 'learning_rate': 0.0005998439303015392, 'epoch': 0.01}

  1%|          | 673/60627 [12:22<12:00:51,  1.39it/s]
  1%|          | 674/60627 [12:23<12:01:42,  1.38it/s]
                                                      
{'loss': 4.3968, 'grad_norm': 0.59765625, 'learning_rate': 0.0005998434281100009, 'epoch': 0.01}

  1%|          | 674/60627 [12:23<12:01:42,  1.38it/s]
  1%|          | 675/60627 [12:24<12:03:13,  1.38it/s]
                                                      
{'loss': 4.4704, 'grad_norm': 0.66796875, 'learning_rate': 0.00059984292511201, 'epoch': 0.01}

  1%|          | 675/60627 [12:24<12:03:13,  1.38it/s]
  1%|          | 676/60627 [12:24<12:01:44,  1.38it/s]
                                                      
{'loss': 4.6261, 'grad_norm': 0.6796875, 'learning_rate': 0.000599842421307568, 'epoch': 0.01}

  1%|          | 676/60627 [12:24<12:01:44,  1.38it/s]
  1%|          | 677/60627 [12:25<12:03:28,  1.38it/s]{'loss': 4.7558, 'grad_norm': 0.6171875, 'learning_rate': 0.0005998419166966763, 'epoch': 0.01}

                                                      

  1%|          | 677/60627 [12:25<12:03:28,  1.38it/s]
  1%|          | 678/60627 [12:26<12:03:27,  1.38it/s]
                                                      
{'loss': 4.3067, 'grad_norm': 0.71875, 'learning_rate': 0.0005998414112793362, 'epoch': 0.01}

  1%|          | 678/60627 [12:26<12:03:27,  1.38it/s]
  1%|          | 679/60627 [12:26<12:02:33,  1.38it/s]
                                                      
{'loss': 4.5167, 'grad_norm': 0.7265625, 'learning_rate': 0.0005998409050555491, 'epoch': 0.01}

  1%|          | 679/60627 [12:26<12:02:33,  1.38it/s]
  1%|          | 680/60627 [12:27<12:00:54,  1.39it/s]
                                                      
{'loss': 4.8117, 'grad_norm': 0.609375, 'learning_rate': 0.0005998403980253164, 'epoch': 0.01}

  1%|          | 680/60627 [12:27<12:00:54,  1.39it/s]
  1%|          | 681/60627 [12:28<12:03:10,  1.38it/s]
                                                      
{'loss': 4.8995, 'grad_norm': 0.6015625, 'learning_rate': 0.0005998398901886394, 'epoch': 0.01}

  1%|          | 681/60627 [12:28<12:03:10,  1.38it/s]
  1%|          | 682/60627 [12:29<12:04:00,  1.38it/s]
                                                      
{'loss': 4.5758, 'grad_norm': 0.625, 'learning_rate': 0.0005998393815455194, 'epoch': 0.01}

  1%|          | 682/60627 [12:29<12:04:00,  1.38it/s]
  1%|          | 683/60627 [12:29<12:03:41,  1.38it/s]
                                                      
{'loss': 4.3582, 'grad_norm': 0.58203125, 'learning_rate': 0.000599838872095958, 'epoch': 0.01}

  1%|          | 683/60627 [12:29<12:03:41,  1.38it/s]
  1%|          | 684/60627 [12:30<12:04:37,  1.38it/s]
                                                      
{'loss': 4.4794, 'grad_norm': 0.62109375, 'learning_rate': 0.0005998383618399563, 'epoch': 0.01}

  1%|          | 684/60627 [12:30<12:04:37,  1.38it/s]
  1%|          | 685/60627 [12:31<12:00:45,  1.39it/s]{'loss': 4.309, 'grad_norm': 0.71875, 'learning_rate': 0.0005998378507775158, 'epoch': 0.01}

                                                      

  1%|          | 685/60627 [12:31<12:00:45,  1.39it/s]
  1%|          | 686/60627 [12:32<12:00:44,  1.39it/s]
                                                      
{'loss': 4.3728, 'grad_norm': 0.640625, 'learning_rate': 0.000599837338908638, 'epoch': 0.01}

  1%|          | 686/60627 [12:32<12:00:44,  1.39it/s]
  1%|          | 687/60627 [12:32<11:59:54,  1.39it/s]
                                                      
{'loss': 4.2774, 'grad_norm': 0.640625, 'learning_rate': 0.0005998368262333239, 'epoch': 0.01}

  1%|          | 687/60627 [12:32<11:59:54,  1.39it/s]
  1%|          | 688/60627 [12:33<11:59:55,  1.39it/s]
                                                      
{'loss': 4.4336, 'grad_norm': 0.63671875, 'learning_rate': 0.0005998363127515754, 'epoch': 0.01}

  1%|          | 688/60627 [12:33<11:59:55,  1.39it/s]
  1%|          | 689/60627 [12:34<11:58:47,  1.39it/s]
                                                      
{'loss': 4.7141, 'grad_norm': 0.6640625, 'learning_rate': 0.0005998357984633934, 'epoch': 0.01}

  1%|          | 689/60627 [12:34<11:58:47,  1.39it/s]
  1%|          | 690/60627 [12:34<12:00:16,  1.39it/s]{'loss': 4.7623, 'grad_norm': 0.609375, 'learning_rate': 0.0005998352833687796, 'epoch': 0.01}

                                                      

  1%|          | 690/60627 [12:34<12:00:16,  1.39it/s]
  1%|          | 691/60627 [12:35<12:01:22,  1.38it/s]
                                                      
{'loss': 4.2471, 'grad_norm': 0.60546875, 'learning_rate': 0.0005998347674677352, 'epoch': 0.01}

  1%|          | 691/60627 [12:35<12:01:22,  1.38it/s]
  1%|          | 692/60627 [12:36<12:01:27,  1.38it/s]
                                                      
{'loss': 4.4854, 'grad_norm': 0.640625, 'learning_rate': 0.0005998342507602618, 'epoch': 0.01}

  1%|          | 692/60627 [12:36<12:01:27,  1.38it/s]
  1%|          | 693/60627 [12:37<12:00:50,  1.39it/s]
                                                      
{'loss': 4.2066, 'grad_norm': 0.60546875, 'learning_rate': 0.0005998337332463605, 'epoch': 0.01}

  1%|          | 693/60627 [12:37<12:00:50,  1.39it/s]
  1%|          | 694/60627 [12:37<12:01:50,  1.38it/s]
                                                      
{'loss': 4.7316, 'grad_norm': 0.69140625, 'learning_rate': 0.0005998332149260328, 'epoch': 0.01}

  1%|          | 694/60627 [12:37<12:01:50,  1.38it/s]
  1%|          | 695/60627 [12:38<12:02:21,  1.38it/s]
                                                      
{'loss': 4.7071, 'grad_norm': 0.61328125, 'learning_rate': 0.0005998326957992803, 'epoch': 0.01}

  1%|          | 695/60627 [12:38<12:02:21,  1.38it/s]
  1%|          | 696/60627 [12:39<12:00:43,  1.39it/s]{'loss': 4.6105, 'grad_norm': 0.62890625, 'learning_rate': 0.0005998321758661041, 'epoch': 0.01}

                                                      

  1%|          | 696/60627 [12:39<12:00:43,  1.39it/s]
  1%|          | 697/60627 [12:39<11:59:48,  1.39it/s]
                                                      
{'loss': 4.8089, 'grad_norm': 0.65234375, 'learning_rate': 0.0005998316551265059, 'epoch': 0.01}

  1%|          | 697/60627 [12:39<11:59:48,  1.39it/s]
  1%|          | 698/60627 [12:40<11:57:56,  1.39it/s]
                                                      
{'loss': 4.3801, 'grad_norm': 0.640625, 'learning_rate': 0.0005998311335804867, 'epoch': 0.01}

  1%|          | 698/60627 [12:40<11:57:56,  1.39it/s]
  1%|          | 699/60627 [12:41<11:55:43,  1.40it/s]
                                                      
{'loss': 4.5655, 'grad_norm': 0.84375, 'learning_rate': 0.0005998306112280483, 'epoch': 0.01}

  1%|          | 699/60627 [12:41<11:55:43,  1.40it/s]
  1%|          | 700/60627 [12:42<11:57:34,  1.39it/s]
                                                      
{'loss': 4.5925, 'grad_norm': 0.70703125, 'learning_rate': 0.0005998300880691919, 'epoch': 0.01}

  1%|          | 700/60627 [12:42<11:57:34,  1.39it/s]

  0%|          | 0/157 [00:00<?, ?it/s][A

  1%|▏         | 2/157 [00:00<00:20,  7.61it/s][A

  2%|▏         | 3/157 [00:00<00:28,  5.39it/s][A

  3%|▎         | 4/157 [00:00<00:32,  4.67it/s][A

  3%|▎         | 5/157 [00:01<00:35,  4.33it/s][A

  4%|▍         | 6/157 [00:01<00:36,  4.16it/s][A

  4%|▍         | 7/157 [00:01<00:36,  4.06it/s][A

  5%|▌         | 8/157 [00:01<00:37,  4.00it/s][A

  6%|▌         | 9/157 [00:02<00:37,  3.95it/s][A

  6%|▋         | 10/157 [00:02<00:37,  3.92it/s][A

  7%|▋         | 11/157 [00:02<00:37,  3.89it/s][A

  8%|▊         | 12/157 [00:02<00:37,  3.87it/s][A

  8%|▊         | 13/157 [00:03<00:37,  3.85it/s][A

  9%|▉         | 14/157 [00:03<00:36,  3.87it/s][A

 10%|▉         | 15/157 [00:03<00:36,  3.85it/s][A

 10%|█         | 16/157 [00:03<00:36,  3.84it/s][A

 11%|█         | 17/157 [00:04<00:36,  3.84it/s][A

 11%|█▏        | 18/157 [00:04<00:36,  3.82it/s][A

 12%|█▏        | 19/157 [00:04<00:36,  3.82it/s][A

 13%|█▎        | 20/157 [00:04<00:35,  3.86it/s][A

 13%|█▎        | 21/157 [00:05<00:35,  3.85it/s][A

 14%|█▍        | 22/157 [00:05<00:35,  3.84it/s][A

 15%|█▍        | 23/157 [00:05<00:34,  3.84it/s][A

 15%|█▌        | 24/157 [00:05<00:34,  3.84it/s][A

 16%|█▌        | 25/157 [00:06<00:34,  3.83it/s][A

 17%|█▋        | 26/157 [00:06<00:34,  3.84it/s][A

 17%|█▋        | 27/157 [00:06<00:33,  3.83it/s][A

 18%|█▊        | 28/157 [00:07<00:33,  3.83it/s][A

 18%|█▊        | 29/157 [00:07<00:33,  3.83it/s][A

 19%|█▉        | 30/157 [00:07<00:33,  3.83it/s][A

 20%|█▉        | 31/157 [00:07<00:32,  3.83it/s][A

 20%|██        | 32/157 [00:08<00:32,  3.84it/s][A

 21%|██        | 33/157 [00:08<00:32,  3.83it/s][A

 22%|██▏       | 34/157 [00:08<00:32,  3.82it/s][A

 22%|██▏       | 35/157 [00:08<00:31,  3.82it/s][A

 23%|██▎       | 36/157 [00:09<00:31,  3.82it/s][A

 24%|██▎       | 37/157 [00:09<00:31,  3.81it/s][A

 24%|██▍       | 38/157 [00:09<00:31,  3.81it/s][A

 25%|██▍       | 39/157 [00:09<00:31,  3.81it/s][A

 25%|██▌       | 40/157 [00:10<00:30,  3.82it/s][A

 26%|██▌       | 41/157 [00:10<00:30,  3.82it/s][A

 27%|██▋       | 42/157 [00:10<00:30,  3.82it/s][A

 27%|██▋       | 43/157 [00:10<00:29,  3.81it/s][A

 28%|██▊       | 44/157 [00:11<00:29,  3.81it/s][A

 29%|██▊       | 45/157 [00:11<00:29,  3.85it/s][A

 29%|██▉       | 46/157 [00:11<00:28,  3.83it/s][A

 30%|██▉       | 47/157 [00:12<00:28,  3.83it/s][A

 31%|███       | 48/157 [00:12<00:28,  3.86it/s][A

 31%|███       | 49/157 [00:12<00:27,  3.88it/s][A

 32%|███▏      | 50/157 [00:12<00:27,  3.90it/s][A

 32%|███▏      | 51/157 [00:13<00:27,  3.90it/s][A

 33%|███▎      | 52/157 [00:13<00:27,  3.87it/s][A

 34%|███▍      | 53/157 [00:13<00:27,  3.85it/s][A

 34%|███▍      | 54/157 [00:13<00:26,  3.84it/s][A

 35%|███▌      | 55/157 [00:14<00:26,  3.84it/s][A

 36%|███▌      | 56/157 [00:14<00:26,  3.84it/s][A

 36%|███▋      | 57/157 [00:14<00:25,  3.86it/s][A

 37%|███▋      | 58/157 [00:14<00:25,  3.85it/s][A

 38%|███▊      | 59/157 [00:15<00:25,  3.85it/s][A

 38%|███▊      | 60/157 [00:15<00:25,  3.86it/s][A

 39%|███▉      | 61/157 [00:15<00:24,  3.86it/s][A

 39%|███▉      | 62/157 [00:15<00:24,  3.84it/s][A

 40%|████      | 63/157 [00:16<00:24,  3.84it/s][A

 41%|████      | 64/157 [00:16<00:24,  3.83it/s][A

 41%|████▏     | 65/157 [00:16<00:24,  3.83it/s][A

 42%|████▏     | 66/157 [00:16<00:23,  3.83it/s][A

 43%|████▎     | 67/157 [00:17<00:23,  3.83it/s][A

 43%|████▎     | 68/157 [00:17<00:23,  3.86it/s][A

 44%|████▍     | 69/157 [00:17<00:22,  3.85it/s][A

 45%|████▍     | 70/157 [00:17<00:22,  3.84it/s][A

 45%|████▌     | 71/157 [00:18<00:22,  3.83it/s][A

 46%|████▌     | 72/157 [00:18<00:22,  3.82it/s][A

 46%|████▋     | 73/157 [00:18<00:21,  3.85it/s][A

 47%|████▋     | 74/157 [00:19<00:21,  3.87it/s][A

 48%|████▊     | 75/157 [00:19<00:21,  3.89it/s][A

 48%|████▊     | 76/157 [00:19<00:20,  3.88it/s][A

 49%|████▉     | 77/157 [00:19<00:20,  3.90it/s][A

 50%|████▉     | 78/157 [00:20<00:20,  3.91it/s][A

 50%|█████     | 79/157 [00:20<00:19,  3.91it/s][A

 51%|█████     | 80/157 [00:20<00:19,  3.91it/s][A

 52%|█████▏    | 81/157 [00:20<00:19,  3.92it/s][A

 52%|█████▏    | 82/157 [00:21<00:19,  3.92it/s][A

 53%|█████▎    | 83/157 [00:21<00:18,  3.93it/s][A

 54%|█████▎    | 84/157 [00:21<00:18,  3.92it/s][A

 54%|█████▍    | 85/157 [00:21<00:18,  3.89it/s][A

 55%|█████▍    | 86/157 [00:22<00:18,  3.88it/s][A

 55%|█████▌    | 87/157 [00:22<00:17,  3.90it/s][A

 56%|█████▌    | 88/157 [00:22<00:17,  3.88it/s][A

 57%|█████▋    | 89/157 [00:22<00:17,  3.86it/s][A

 57%|█████▋    | 90/157 [00:23<00:17,  3.86it/s][A

 58%|█████▊    | 91/157 [00:23<00:17,  3.86it/s][A

 59%|█████▊    | 92/157 [00:23<00:16,  3.86it/s][A

 59%|█████▉    | 93/157 [00:23<00:16,  3.87it/s][A

 60%|█████▉    | 94/157 [00:24<00:16,  3.87it/s][A

 61%|██████    | 95/157 [00:24<00:15,  3.88it/s][A

 61%|██████    | 96/157 [00:24<00:15,  3.91it/s][A

 62%|██████▏   | 97/157 [00:24<00:15,  3.91it/s][A

 62%|██████▏   | 98/157 [00:25<00:15,  3.92it/s][A

 63%|██████▎   | 99/157 [00:25<00:14,  3.95it/s][A

 64%|██████▎   | 100/157 [00:25<00:14,  3.97it/s][A

 64%|██████▍   | 101/157 [00:25<00:14,  3.97it/s][A

 65%|██████▍   | 102/157 [00:26<00:13,  3.97it/s][A

 66%|██████▌   | 103/157 [00:26<00:13,  3.98it/s][A

 66%|██████▌   | 104/157 [00:26<00:13,  3.99it/s][A

 67%|██████▋   | 105/157 [00:26<00:12,  4.00it/s][A

 68%|██████▊   | 106/157 [00:27<00:12,  3.98it/s][A

 68%|██████▊   | 107/157 [00:27<00:12,  3.97it/s][A

 69%|██████▉   | 108/157 [00:27<00:12,  3.96it/s][A

 69%|██████▉   | 109/157 [00:27<00:12,  3.95it/s][A

 70%|███████   | 110/157 [00:28<00:11,  3.96it/s][A

 71%|███████   | 111/157 [00:28<00:11,  3.98it/s][A

 71%|███████▏  | 112/157 [00:28<00:11,  4.00it/s][A

 72%|███████▏  | 113/157 [00:28<00:10,  4.02it/s][A

 73%|███████▎  | 114/157 [00:29<00:10,  4.03it/s][A

 73%|███████▎  | 115/157 [00:29<00:10,  4.02it/s][A

 74%|███████▍  | 116/157 [00:29<00:10,  4.02it/s][A

 75%|███████▍  | 117/157 [00:29<00:09,  4.02it/s][A

 75%|███████▌  | 118/157 [00:30<00:09,  4.03it/s][A

 76%|███████▌  | 119/157 [00:30<00:09,  4.03it/s][A

 76%|███████▋  | 120/157 [00:30<00:09,  4.04it/s][A

 77%|███████▋  | 121/157 [00:30<00:08,  4.05it/s][A

 78%|███████▊  | 122/157 [00:31<00:08,  4.04it/s][A

 78%|███████▊  | 123/157 [00:31<00:08,  4.05it/s][A

 79%|███████▉  | 124/157 [00:31<00:08,  4.06it/s][A

 80%|███████▉  | 125/157 [00:31<00:07,  4.07it/s][A

 80%|████████  | 126/157 [00:32<00:07,  4.08it/s][A

 81%|████████  | 127/157 [00:32<00:07,  4.08it/s][A

 82%|████████▏ | 128/157 [00:32<00:07,  4.06it/s][A

 82%|████████▏ | 129/157 [00:32<00:06,  4.01it/s][A

 83%|████████▎ | 130/157 [00:33<00:06,  3.99it/s][A

 83%|████████▎ | 131/157 [00:33<00:06,  3.93it/s][A

 84%|████████▍ | 132/157 [00:33<00:06,  3.89it/s][A

 85%|████████▍ | 133/157 [00:33<00:06,  3.86it/s][A

 85%|████████▌ | 134/157 [00:34<00:05,  3.85it/s][A

 86%|████████▌ | 135/157 [00:34<00:05,  3.84it/s][A

 87%|████████▋ | 136/157 [00:34<00:05,  3.83it/s][A

 87%|████████▋ | 137/157 [00:34<00:05,  3.84it/s][A

 88%|████████▊ | 138/157 [00:35<00:04,  3.86it/s][A

 89%|████████▊ | 139/157 [00:35<00:04,  3.87it/s][A

 89%|████████▉ | 140/157 [00:35<00:04,  3.86it/s][A

 90%|████████▉ | 141/157 [00:36<00:04,  3.84it/s][A

 90%|█████████ | 142/157 [00:36<00:03,  3.84it/s][A

 91%|█████████ | 143/157 [00:36<00:03,  3.85it/s][A

 92%|█████████▏| 144/157 [00:36<00:03,  3.87it/s][A

 92%|█████████▏| 145/157 [00:37<00:03,  3.87it/s][A

 93%|█████████▎| 146/157 [00:37<00:02,  3.86it/s][A

 94%|█████████▎| 147/157 [00:37<00:02,  3.85it/s][A

 94%|█████████▍| 148/157 [00:37<00:02,  3.85it/s][A

 95%|█████████▍| 149/157 [00:38<00:02,  3.84it/s][A

 96%|█████████▌| 150/157 [00:38<00:01,  3.83it/s][A

 96%|█████████▌| 151/157 [00:38<00:01,  3.84it/s][A

 97%|█████████▋| 152/157 [00:38<00:01,  3.85it/s][A

 97%|█████████▋| 153/157 [00:39<00:01,  3.85it/s][A

 98%|█████████▊| 154/157 [00:39<00:00,  3.85it/s][A

 99%|█████████▊| 155/157 [00:39<00:00,  3.84it/s][A

 99%|█████████▉| 156/157 [00:39<00:00,  3.84it/s][A

100%|██████████| 157/157 [00:40<00:00,  4.14it/s][A
                                                      

                                                 
[A{'eval_loss': 5.0671162605285645, 'eval_runtime': 40.4767, 'eval_samples_per_second': 123.528, 'eval_steps_per_second': 3.879, 'epoch': 0.01}

  1%|          | 700/60627 [13:22<11:57:34,  1.39it/s]

100%|██████████| 157/157 [00:40<00:00,  4.14it/s][A

                                                 [A
  1%|          | 701/60627 [13:25<226:14:35, 13.59s/it]
                                                       
{'loss': 4.4855, 'grad_norm': 0.5859375, 'learning_rate': 0.0005998295641039189, 'epoch': 0.01}

  1%|          | 701/60627 [13:25<226:14:35, 13.59s/it]
  1%|          | 702/60627 [13:26<162:00:36,  9.73s/it]{'loss': 4.438, 'grad_norm': 0.6328125, 'learning_rate': 0.0005998290393322308, 'epoch': 0.01}

                                                       

  1%|          | 702/60627 [13:26<162:00:36,  9.73s/it]
  1%|          | 703/60627 [13:27<117:01:10,  7.03s/it]
                                                       
{'loss': 4.5388, 'grad_norm': 0.703125, 'learning_rate': 0.000599828513754129, 'epoch': 0.01}

  1%|          | 703/60627 [13:27<117:01:10,  7.03s/it]
  1%|          | 704/60627 [13:27<85:32:56,  5.14s/it] {'loss': 4.8749, 'grad_norm': 0.6171875, 'learning_rate': 0.0005998279873696149, 'epoch': 0.01}

                                                      

  1%|          | 704/60627 [13:27<85:32:56,  5.14s/it]
  1%|          | 705/60627 [13:28<63:27:45,  3.81s/it]{'loss': 4.2786, 'grad_norm': 0.58984375, 'learning_rate': 0.0005998274601786898, 'epoch': 0.01}

                                                      

  1%|          | 705/60627 [13:28<63:27:45,  3.81s/it]
  1%|          | 706/60627 [13:29<48:02:24,  2.89s/it]
                                                      
{'loss': 4.5089, 'grad_norm': 0.63671875, 'learning_rate': 0.0005998269321813552, 'epoch': 0.01}

  1%|          | 706/60627 [13:29<48:02:24,  2.89s/it]
  1%|          | 707/60627 [13:30<37:15:32,  2.24s/it]{'loss': 4.6647, 'grad_norm': 0.6171875, 'learning_rate': 0.0005998264033776127, 'epoch': 0.01}

                                                      

  1%|          | 707/60627 [13:30<37:15:32,  2.24s/it]
  1%|          | 708/60627 [13:30<29:40:32,  1.78s/it]
                                                      
{'loss': 4.4936, 'grad_norm': 0.5625, 'learning_rate': 0.0005998258737674633, 'epoch': 0.01}

  1%|          | 708/60627 [13:30<29:40:32,  1.78s/it]
  1%|          | 709/60627 [13:31<24:21:21,  1.46s/it]{'loss': 4.3575, 'grad_norm': 0.58203125, 'learning_rate': 0.0005998253433509089, 'epoch': 0.01}

                                                      

  1%|          | 709/60627 [13:31<24:21:21,  1.46s/it]
  1%|          | 710/60627 [13:32<20:38:28,  1.24s/it]{'loss': 4.575, 'grad_norm': 0.63671875, 'learning_rate': 0.0005998248121279506, 'epoch': 0.01}

                                                      

  1%|          | 710/60627 [13:32<20:38:28,  1.24s/it]
  1%|          | 711/60627 [13:32<18:04:40,  1.09s/it]{'loss': 4.6319, 'grad_norm': 0.58203125, 'learning_rate': 0.0005998242800985899, 'epoch': 0.01}

                                                      

  1%|          | 711/60627 [13:32<18:04:40,  1.09s/it]
  1%|          | 712/60627 [13:33<16:18:11,  1.02it/s]
                                                      
{'loss': 4.3797, 'grad_norm': 0.62890625, 'learning_rate': 0.0005998237472628284, 'epoch': 0.01}

  1%|          | 712/60627 [13:33<16:18:11,  1.02it/s]
  1%|          | 713/60627 [13:34<15:01:59,  1.11it/s]
                                                      
{'loss': 4.5602, 'grad_norm': 0.6015625, 'learning_rate': 0.0005998232136206674, 'epoch': 0.01}

  1%|          | 713/60627 [13:34<15:01:59,  1.11it/s]
  1%|          | 714/60627 [13:35<14:07:27,  1.18it/s]
                                                      
{'loss': 4.0578, 'grad_norm': 0.59375, 'learning_rate': 0.0005998226791721082, 'epoch': 0.01}

  1%|          | 714/60627 [13:35<14:07:27,  1.18it/s]
  1%|          | 715/60627 [13:35<13:28:41,  1.23it/s]
                                                      
{'loss': 4.1729, 'grad_norm': 0.6328125, 'learning_rate': 0.0005998221439171525, 'epoch': 0.01}

  1%|          | 715/60627 [13:35<13:28:41,  1.23it/s]
  1%|          | 716/60627 [13:36<13:04:41,  1.27it/s]
                                                      
{'loss': 4.4129, 'grad_norm': 0.62890625, 'learning_rate': 0.0005998216078558016, 'epoch': 0.01}

  1%|          | 716/60627 [13:36<13:04:41,  1.27it/s]
  1%|          | 717/60627 [13:37<12:47:13,  1.30it/s]{'loss': 4.5894, 'grad_norm': 0.5859375, 'learning_rate': 0.0005998210709880569, 'epoch': 0.01}

                                                      

  1%|          | 717/60627 [13:37<12:47:13,  1.30it/s]
  1%|          | 718/60627 [13:38<12:33:01,  1.33it/s]
                                                      
{'loss': 4.5616, 'grad_norm': 0.65234375, 'learning_rate': 0.0005998205333139198, 'epoch': 0.01}

  1%|          | 718/60627 [13:38<12:33:01,  1.33it/s]
  1%|          | 719/60627 [13:38<12:23:10,  1.34it/s]
                                                      
{'loss': 4.0229, 'grad_norm': 0.75, 'learning_rate': 0.0005998199948333919, 'epoch': 0.01}

  1%|          | 719/60627 [13:38<12:23:10,  1.34it/s]
  1%|          | 720/60627 [13:39<12:15:43,  1.36it/s]
                                                      
{'loss': 4.5455, 'grad_norm': 0.62109375, 'learning_rate': 0.0005998194555464747, 'epoch': 0.01}

  1%|          | 720/60627 [13:39<12:15:43,  1.36it/s]
  1%|          | 721/60627 [13:40<12:13:12,  1.36it/s]
                                                      
{'loss': 4.3419, 'grad_norm': 0.64453125, 'learning_rate': 0.0005998189154531694, 'epoch': 0.01}

  1%|          | 721/60627 [13:40<12:13:12,  1.36it/s]
  1%|          | 722/60627 [13:40<12:10:04,  1.37it/s]{'loss': 4.4321, 'grad_norm': 0.671875, 'learning_rate': 0.0005998183745534778, 'epoch': 0.01}

                                                      

  1%|          | 722/60627 [13:40<12:10:04,  1.37it/s]
  1%|          | 723/60627 [13:41<12:08:19,  1.37it/s]
                                                      
{'loss': 4.569, 'grad_norm': 0.58203125, 'learning_rate': 0.000599817832847401, 'epoch': 0.01}

  1%|          | 723/60627 [13:41<12:08:19,  1.37it/s]
  1%|          | 724/60627 [13:42<12:06:25,  1.37it/s]
                                                      
{'loss': 4.4397, 'grad_norm': 0.60546875, 'learning_rate': 0.0005998172903349407, 'epoch': 0.01}

  1%|          | 724/60627 [13:42<12:06:25,  1.37it/s]
  1%|          | 725/60627 [13:43<12:05:04,  1.38it/s]
                                                      
{'loss': 4.37, 'grad_norm': 0.6328125, 'learning_rate': 0.0005998167470160982, 'epoch': 0.01}

  1%|          | 725/60627 [13:43<12:05:04,  1.38it/s]
  1%|          | 726/60627 [13:43<12:02:40,  1.38it/s]
                                                      
{'loss': 4.4439, 'grad_norm': 0.6328125, 'learning_rate': 0.000599816202890875, 'epoch': 0.01}

  1%|          | 726/60627 [13:43<12:02:40,  1.38it/s]
  1%|          | 727/60627 [13:44<12:01:01,  1.38it/s]{'loss': 4.5488, 'grad_norm': 0.6796875, 'learning_rate': 0.0005998156579592726, 'epoch': 0.01}

                                                      

  1%|          | 727/60627 [13:44<12:01:01,  1.38it/s]
  1%|          | 728/60627 [13:45<12:01:59,  1.38it/s]{'loss': 4.4176, 'grad_norm': 0.6328125, 'learning_rate': 0.0005998151122212924, 'epoch': 0.01}

                                                      

  1%|          | 728/60627 [13:45<12:01:59,  1.38it/s]
  1%|          | 729/60627 [13:45<11:58:52,  1.39it/s]
                                                      
{'loss': 3.9727, 'grad_norm': 0.7578125, 'learning_rate': 0.0005998145656769361, 'epoch': 0.01}

  1%|          | 729/60627 [13:45<11:58:52,  1.39it/s]
  1%|          | 730/60627 [13:46<11:58:35,  1.39it/s]
                                                      
{'loss': 4.5116, 'grad_norm': 0.640625, 'learning_rate': 0.0005998140183262049, 'epoch': 0.01}

  1%|          | 730/60627 [13:46<11:58:35,  1.39it/s]
  1%|          | 731/60627 [13:47<11:58:56,  1.39it/s]{'loss': 4.5234, 'grad_norm': 0.6796875, 'learning_rate': 0.0005998134701691004, 'epoch': 0.01}

                                                      

  1%|          | 731/60627 [13:47<11:58:56,  1.39it/s]
  1%|          | 732/60627 [13:48<11:57:16,  1.39it/s]
                                                      
{'loss': 4.2748, 'grad_norm': 0.7890625, 'learning_rate': 0.000599812921205624, 'epoch': 0.01}

  1%|          | 732/60627 [13:48<11:57:16,  1.39it/s]
  1%|          | 733/60627 [13:48<11:59:05,  1.39it/s]
                                                      
{'loss': 4.1957, 'grad_norm': 0.6953125, 'learning_rate': 0.0005998123714357772, 'epoch': 0.01}

  1%|          | 733/60627 [13:48<11:59:05,  1.39it/s]
  1%|          | 734/60627 [13:49<12:00:46,  1.38it/s]
                                                      
{'loss': 4.8124, 'grad_norm': 0.61328125, 'learning_rate': 0.0005998118208595615, 'epoch': 0.01}

  1%|          | 734/60627 [13:49<12:00:46,  1.38it/s]
  1%|          | 735/60627 [13:50<12:03:18,  1.38it/s]
                                                      
{'loss': 4.2489, 'grad_norm': 0.68359375, 'learning_rate': 0.0005998112694769784, 'epoch': 0.01}

  1%|          | 735/60627 [13:50<12:03:18,  1.38it/s]
  1%|          | 736/60627 [13:51<11:58:32,  1.39it/s]
                                                      
{'loss': 4.3107, 'grad_norm': 0.671875, 'learning_rate': 0.0005998107172880293, 'epoch': 0.01}

  1%|          | 736/60627 [13:51<11:58:32,  1.39it/s]
  1%|          | 737/60627 [13:51<11:57:31,  1.39it/s]
                                                      
{'loss': 4.1479, 'grad_norm': 0.8515625, 'learning_rate': 0.0005998101642927158, 'epoch': 0.01}

  1%|          | 737/60627 [13:51<11:57:31,  1.39it/s]
  1%|          | 738/60627 [13:52<11:56:39,  1.39it/s]
                                                      
{'loss': 4.0842, 'grad_norm': 0.7578125, 'learning_rate': 0.0005998096104910393, 'epoch': 0.01}

  1%|          | 738/60627 [13:52<11:56:39,  1.39it/s]
  1%|          | 739/60627 [13:53<11:55:32,  1.39it/s]{'loss': 4.4035, 'grad_norm': 0.7421875, 'learning_rate': 0.0005998090558830014, 'epoch': 0.01}

                                                      

  1%|          | 739/60627 [13:53<11:55:32,  1.39it/s]
  1%|          | 740/60627 [13:53<11:56:07,  1.39it/s]
                                                      
{'loss': 4.7279, 'grad_norm': 0.69140625, 'learning_rate': 0.0005998085004686035, 'epoch': 0.01}

  1%|          | 740/60627 [13:53<11:56:07,  1.39it/s]
  1%|          | 741/60627 [13:54<11:57:07,  1.39it/s]
                                                      
{'loss': 4.2934, 'grad_norm': 0.74609375, 'learning_rate': 0.0005998079442478472, 'epoch': 0.01}

  1%|          | 741/60627 [13:54<11:57:07,  1.39it/s]
  1%|          | 742/60627 [13:55<11:57:40,  1.39it/s]
                                                      
{'loss': 4.3231, 'grad_norm': 0.70703125, 'learning_rate': 0.0005998073872207337, 'epoch': 0.01}

  1%|          | 742/60627 [13:55<11:57:40,  1.39it/s]
  1%|          | 743/60627 [13:56<11:59:08,  1.39it/s]
                                                      
{'loss': 4.1304, 'grad_norm': 0.70703125, 'learning_rate': 0.0005998068293872647, 'epoch': 0.01}

  1%|          | 743/60627 [13:56<11:59:08,  1.39it/s]
  1%|          | 744/60627 [13:56<11:57:50,  1.39it/s]
                                                      
{'loss': 4.0768, 'grad_norm': 0.7109375, 'learning_rate': 0.0005998062707474418, 'epoch': 0.01}

  1%|          | 744/60627 [13:56<11:57:50,  1.39it/s]
  1%|          | 745/60627 [13:57<11:55:49,  1.39it/s]{'loss': 4.5114, 'grad_norm': 0.6875, 'learning_rate': 0.0005998057113012664, 'epoch': 0.01}

                                                      

  1%|          | 745/60627 [13:57<11:55:49,  1.39it/s]
  1%|          | 746/60627 [13:58<11:58:19,  1.39it/s]
                                                      
{'loss': 4.1423, 'grad_norm': 0.65625, 'learning_rate': 0.00059980515104874, 'epoch': 0.01}

  1%|          | 746/60627 [13:58<11:58:19,  1.39it/s]
  1%|          | 747/60627 [13:58<11:59:05,  1.39it/s]
                                                      
{'loss': 4.6128, 'grad_norm': 0.765625, 'learning_rate': 0.0005998045899898642, 'epoch': 0.01}

  1%|          | 747/60627 [13:58<11:59:05,  1.39it/s]
  1%|          | 748/60627 [13:59<12:00:09,  1.39it/s]
                                                      
{'loss': 4.5019, 'grad_norm': 0.63671875, 'learning_rate': 0.0005998040281246403, 'epoch': 0.01}

  1%|          | 748/60627 [13:59<12:00:09,  1.39it/s]
  1%|          | 749/60627 [14:00<12:02:01,  1.38it/s]
                                                      
{'loss': 4.2871, 'grad_norm': 0.6015625, 'learning_rate': 0.00059980346545307, 'epoch': 0.01}

  1%|          | 749/60627 [14:00<12:02:01,  1.38it/s]
  1%|          | 750/60627 [14:01<11:59:23,  1.39it/s]
                                                      
{'loss': 4.4694, 'grad_norm': 0.6484375, 'learning_rate': 0.0005998029019751547, 'epoch': 0.01}

  1%|          | 750/60627 [14:01<11:59:23,  1.39it/s]
  1%|          | 751/60627 [14:01<11:58:54,  1.39it/s]
                                                      
{'loss': 4.4058, 'grad_norm': 0.6953125, 'learning_rate': 0.000599802337690896, 'epoch': 0.01}

  1%|          | 751/60627 [14:01<11:58:54,  1.39it/s]
  1%|          | 752/60627 [14:02<11:57:56,  1.39it/s]{'loss': 3.8564, 'grad_norm': 0.61328125, 'learning_rate': 0.0005998017726002953, 'epoch': 0.01}

                                                      

  1%|          | 752/60627 [14:02<11:57:56,  1.39it/s]
  1%|          | 753/60627 [14:03<11:58:45,  1.39it/s]
                                                      
{'loss': 4.2679, 'grad_norm': 0.625, 'learning_rate': 0.0005998012067033544, 'epoch': 0.01}

  1%|          | 753/60627 [14:03<11:58:45,  1.39it/s]
  1%|          | 754/60627 [14:03<11:59:48,  1.39it/s]
                                                      
{'loss': 4.2562, 'grad_norm': 0.59375, 'learning_rate': 0.0005998006400000745, 'epoch': 0.01}

  1%|          | 754/60627 [14:03<11:59:48,  1.39it/s]
  1%|          | 755/60627 [14:04<12:01:18,  1.38it/s]{'loss': 4.2716, 'grad_norm': 0.59765625, 'learning_rate': 0.0005998000724904572, 'epoch': 0.01}

                                                      

  1%|          | 755/60627 [14:04<12:01:18,  1.38it/s]
  1%|          | 756/60627 [14:05<12:00:03,  1.39it/s]{'loss': 4.3159, 'grad_norm': 0.59375, 'learning_rate': 0.0005997995041745042, 'epoch': 0.01}

                                                      

  1%|          | 756/60627 [14:05<12:00:03,  1.39it/s]
  1%|          | 757/60627 [14:06<12:02:25,  1.38it/s]
                                                      
{'loss': 4.6297, 'grad_norm': 0.65234375, 'learning_rate': 0.0005997989350522168, 'epoch': 0.01}

  1%|          | 757/60627 [14:06<12:02:25,  1.38it/s]
  1%|▏         | 758/60627 [14:06<12:01:52,  1.38it/s]
                                                      
{'loss': 4.7232, 'grad_norm': 0.6015625, 'learning_rate': 0.0005997983651235966, 'epoch': 0.01}

  1%|▏         | 758/60627 [14:06<12:01:52,  1.38it/s]
  1%|▏         | 759/60627 [14:07<11:59:09,  1.39it/s]
                                                      
{'loss': 4.5996, 'grad_norm': 0.65625, 'learning_rate': 0.0005997977943886453, 'epoch': 0.01}

  1%|▏         | 759/60627 [14:07<11:59:09,  1.39it/s]
  1%|▏         | 760/60627 [14:08<11:59:35,  1.39it/s]
                                                      
{'loss': 4.5237, 'grad_norm': 0.6171875, 'learning_rate': 0.0005997972228473642, 'epoch': 0.01}

  1%|▏         | 760/60627 [14:08<11:59:35,  1.39it/s]
  1%|▏         | 761/60627 [14:09<12:00:45,  1.38it/s]
                                                      
{'loss': 4.1432, 'grad_norm': 0.734375, 'learning_rate': 0.000599796650499755, 'epoch': 0.01}

  1%|▏         | 761/60627 [14:09<12:00:45,  1.38it/s]
  1%|▏         | 762/60627 [14:09<12:03:21,  1.38it/s]
                                                      
{'loss': 4.2476, 'grad_norm': 0.62109375, 'learning_rate': 0.0005997960773458192, 'epoch': 0.01}

  1%|▏         | 762/60627 [14:09<12:03:21,  1.38it/s]
  1%|▏         | 763/60627 [14:10<12:02:55,  1.38it/s]
                                                      
{'loss': 4.3957, 'grad_norm': 0.56640625, 'learning_rate': 0.0005997955033855583, 'epoch': 0.01}

  1%|▏         | 763/60627 [14:10<12:02:55,  1.38it/s]
  1%|▏         | 764/60627 [14:11<12:02:52,  1.38it/s]
                                                      
{'loss': 4.3607, 'grad_norm': 0.60546875, 'learning_rate': 0.0005997949286189738, 'epoch': 0.01}

  1%|▏         | 764/60627 [14:11<12:02:52,  1.38it/s]
  1%|▏         | 765/60627 [14:11<12:01:23,  1.38it/s]
                                                      
{'loss': 4.3339, 'grad_norm': 0.6171875, 'learning_rate': 0.0005997943530460673, 'epoch': 0.01}

  1%|▏         | 765/60627 [14:11<12:01:23,  1.38it/s]
  1%|▏         | 766/60627 [14:12<11:58:34,  1.39it/s]
                                                      
{'loss': 4.4361, 'grad_norm': 0.640625, 'learning_rate': 0.0005997937766668404, 'epoch': 0.01}

  1%|▏         | 766/60627 [14:12<11:58:34,  1.39it/s]
  1%|▏         | 767/60627 [14:13<12:01:45,  1.38it/s]
                                                      
{'loss': 4.605, 'grad_norm': 0.62890625, 'learning_rate': 0.0005997931994812946, 'epoch': 0.01}

  1%|▏         | 767/60627 [14:13<12:01:45,  1.38it/s]
  1%|▏         | 768/60627 [14:14<12:03:22,  1.38it/s]
                                                      
{'loss': 4.5287, 'grad_norm': 0.66796875, 'learning_rate': 0.0005997926214894315, 'epoch': 0.01}

  1%|▏         | 768/60627 [14:14<12:03:22,  1.38it/s]
  1%|▏         | 769/60627 [14:14<12:01:17,  1.38it/s]{'loss': 4.2092, 'grad_norm': 0.625, 'learning_rate': 0.0005997920426912526, 'epoch': 0.01}

                                                      

  1%|▏         | 769/60627 [14:14<12:01:17,  1.38it/s]
  1%|▏         | 770/60627 [14:15<12:00:41,  1.38it/s]
                                                      
{'loss': 4.3338, 'grad_norm': 0.6171875, 'learning_rate': 0.0005997914630867594, 'epoch': 0.01}

  1%|▏         | 770/60627 [14:15<12:00:41,  1.38it/s]
  1%|▏         | 771/60627 [14:16<11:59:01,  1.39it/s]
                                                      
{'loss': 4.2675, 'grad_norm': 0.87109375, 'learning_rate': 0.0005997908826759536, 'epoch': 0.01}

  1%|▏         | 771/60627 [14:16<11:59:01,  1.39it/s]
  1%|▏         | 772/60627 [14:16<11:59:02,  1.39it/s]
                                                      
{'loss': 4.4941, 'grad_norm': 0.71875, 'learning_rate': 0.0005997903014588367, 'epoch': 0.01}

  1%|▏         | 772/60627 [14:16<11:59:02,  1.39it/s]
  1%|▏         | 773/60627 [14:17<11:59:54,  1.39it/s]{'loss': 4.3758, 'grad_norm': 0.5703125, 'learning_rate': 0.0005997897194354102, 'epoch': 0.01}

                                                      

  1%|▏         | 773/60627 [14:17<11:59:54,  1.39it/s]
  1%|▏         | 774/60627 [14:18<11:57:03,  1.39it/s]{'loss': 3.9203, 'grad_norm': 0.59765625, 'learning_rate': 0.0005997891366056758, 'epoch': 0.01}

                                                      

  1%|▏         | 774/60627 [14:18<11:57:03,  1.39it/s]
  1%|▏         | 775/60627 [14:19<12:00:39,  1.38it/s]
                                                      
{'loss': 4.3005, 'grad_norm': 0.578125, 'learning_rate': 0.000599788552969635, 'epoch': 0.01}

  1%|▏         | 775/60627 [14:19<12:00:39,  1.38it/s]
  1%|▏         | 776/60627 [14:19<12:02:09,  1.38it/s]
                                                      
{'loss': 4.4921, 'grad_norm': 0.625, 'learning_rate': 0.0005997879685272892, 'epoch': 0.01}

  1%|▏         | 776/60627 [14:19<12:02:09,  1.38it/s]
  1%|▏         | 777/60627 [14:20<11:59:54,  1.39it/s]{'loss': 4.3535, 'grad_norm': 0.66015625, 'learning_rate': 0.0005997873832786403, 'epoch': 0.01}

                                                      

  1%|▏         | 777/60627 [14:20<11:59:54,  1.39it/s]
  1%|▏         | 778/60627 [14:21<11:58:25,  1.39it/s]
                                                      
{'loss': 4.2207, 'grad_norm': 0.609375, 'learning_rate': 0.0005997867972236896, 'epoch': 0.01}

  1%|▏         | 778/60627 [14:21<11:58:25,  1.39it/s]
  1%|▏         | 779/60627 [14:22<11:59:34,  1.39it/s]
                                                      
{'loss': 4.2091, 'grad_norm': 0.5546875, 'learning_rate': 0.0005997862103624389, 'epoch': 0.01}

  1%|▏         | 779/60627 [14:22<11:59:34,  1.39it/s]
  1%|▏         | 780/60627 [14:22<11:59:01,  1.39it/s]
                                                      
{'loss': 4.3914, 'grad_norm': 0.64453125, 'learning_rate': 0.0005997856226948895, 'epoch': 0.01}

  1%|▏         | 780/60627 [14:22<11:59:01,  1.39it/s]
  1%|▏         | 781/60627 [14:23<12:02:20,  1.38it/s]{'loss': 4.5354, 'grad_norm': 0.5859375, 'learning_rate': 0.0005997850342210432, 'epoch': 0.01}

                                                      

  1%|▏         | 781/60627 [14:23<12:02:20,  1.38it/s]
  1%|▏         | 782/60627 [14:24<12:00:13,  1.38it/s]{'loss': 4.1134, 'grad_norm': 0.6171875, 'learning_rate': 0.0005997844449409016, 'epoch': 0.01}

                                                      

  1%|▏         | 782/60627 [14:24<12:00:13,  1.38it/s]
  1%|▏         | 783/60627 [14:24<12:03:30,  1.38it/s]
                                                      
{'loss': 4.7208, 'grad_norm': 0.6015625, 'learning_rate': 0.0005997838548544662, 'epoch': 0.01}

  1%|▏         | 783/60627 [14:24<12:03:30,  1.38it/s]
  1%|▏         | 784/60627 [14:25<12:01:18,  1.38it/s]{'loss': 4.4185, 'grad_norm': 0.63671875, 'learning_rate': 0.0005997832639617384, 'epoch': 0.01}

                                                      

  1%|▏         | 784/60627 [14:25<12:01:18,  1.38it/s]
  1%|▏         | 785/60627 [14:26<12:00:38,  1.38it/s]
                                                      
{'loss': 4.8098, 'grad_norm': 0.671875, 'learning_rate': 0.0005997826722627202, 'epoch': 0.01}

  1%|▏         | 785/60627 [14:26<12:00:38,  1.38it/s]
  1%|▏         | 786/60627 [14:27<12:00:50,  1.38it/s]
                                                      
{'loss': 4.4912, 'grad_norm': 0.6015625, 'learning_rate': 0.0005997820797574129, 'epoch': 0.01}

  1%|▏         | 786/60627 [14:27<12:00:50,  1.38it/s]
  1%|▏         | 787/60627 [14:27<12:02:14,  1.38it/s]
                                                      
{'loss': 4.6825, 'grad_norm': 0.57421875, 'learning_rate': 0.0005997814864458182, 'epoch': 0.01}

  1%|▏         | 787/60627 [14:27<12:02:14,  1.38it/s]
  1%|▏         | 788/60627 [14:28<12:01:27,  1.38it/s]{'loss': 4.1632, 'grad_norm': 0.55859375, 'learning_rate': 0.0005997808923279376, 'epoch': 0.01}

                                                      

  1%|▏         | 788/60627 [14:28<12:01:27,  1.38it/s]
  1%|▏         | 789/60627 [14:29<12:02:29,  1.38it/s]
                                                      
{'loss': 4.3938, 'grad_norm': 0.60546875, 'learning_rate': 0.0005997802974037728, 'epoch': 0.01}

  1%|▏         | 789/60627 [14:29<12:02:29,  1.38it/s]
  1%|▏         | 790/60627 [14:29<12:04:09,  1.38it/s]
                                                      
{'loss': 4.6363, 'grad_norm': 0.56640625, 'learning_rate': 0.0005997797016733254, 'epoch': 0.01}

  1%|▏         | 790/60627 [14:30<12:04:09,  1.38it/s]
  1%|▏         | 791/60627 [14:30<12:03:35,  1.38it/s]{'loss': 4.3459, 'grad_norm': 0.6015625, 'learning_rate': 0.0005997791051365968, 'epoch': 0.01}

                                                      

  1%|▏         | 791/60627 [14:30<12:03:35,  1.38it/s]
  1%|▏         | 792/60627 [14:31<12:06:33,  1.37it/s]
                                                      
{'loss': 4.3304, 'grad_norm': 0.6484375, 'learning_rate': 0.000599778507793589, 'epoch': 0.01}

  1%|▏         | 792/60627 [14:31<12:06:33,  1.37it/s]
  1%|▏         | 793/60627 [14:32<12:08:55,  1.37it/s]{'loss': 4.3673, 'grad_norm': 0.69921875, 'learning_rate': 0.0005997779096443033, 'epoch': 0.01}

                                                      

  1%|▏         | 793/60627 [14:32<12:08:55,  1.37it/s]
  1%|▏         | 794/60627 [14:32<12:04:30,  1.38it/s]
                                                      
{'loss': 4.4816, 'grad_norm': 0.64453125, 'learning_rate': 0.0005997773106887412, 'epoch': 0.01}

  1%|▏         | 794/60627 [14:32<12:04:30,  1.38it/s]
  1%|▏         | 795/60627 [14:33<12:02:55,  1.38it/s]
                                                      
{'loss': 4.3085, 'grad_norm': 0.609375, 'learning_rate': 0.0005997767109269048, 'epoch': 0.01}

  1%|▏         | 795/60627 [14:33<12:02:55,  1.38it/s]
  1%|▏         | 796/60627 [14:34<12:00:56,  1.38it/s]{'loss': 4.61, 'grad_norm': 0.69140625, 'learning_rate': 0.0005997761103587951, 'epoch': 0.01}

                                                      

  1%|▏         | 796/60627 [14:34<12:00:56,  1.38it/s]
  1%|▏         | 797/60627 [14:35<12:01:19,  1.38it/s]
                                                      
{'loss': 4.421, 'grad_norm': 0.6953125, 'learning_rate': 0.0005997755089844142, 'epoch': 0.01}

  1%|▏         | 797/60627 [14:35<12:01:19,  1.38it/s]
  1%|▏         | 798/60627 [14:35<11:59:54,  1.39it/s]
                                                      
{'loss': 4.4814, 'grad_norm': 0.61328125, 'learning_rate': 0.0005997749068037636, 'epoch': 0.01}

  1%|▏         | 798/60627 [14:35<11:59:54,  1.39it/s]
  1%|▏         | 799/60627 [14:36<12:01:13,  1.38it/s]
                                                      
{'loss': 4.3809, 'grad_norm': 0.59375, 'learning_rate': 0.0005997743038168447, 'epoch': 0.01}

  1%|▏         | 799/60627 [14:36<12:01:13,  1.38it/s]
  1%|▏         | 800/60627 [14:37<12:00:40,  1.38it/s]{'loss': 4.3544, 'grad_norm': 0.62890625, 'learning_rate': 0.0005997737000236593, 'epoch': 0.01}

                                                      

  1%|▏         | 800/60627 [14:37<12:00:40,  1.38it/s]

  0%|          | 0/157 [00:00<?, ?it/s][A

  1%|▏         | 2/157 [00:00<00:20,  7.64it/s][A

  2%|▏         | 3/157 [00:00<00:28,  5.40it/s][A

  3%|▎         | 4/157 [00:00<00:32,  4.67it/s][A

  3%|▎         | 5/157 [00:01<00:35,  4.34it/s][A

  4%|▍         | 6/157 [00:01<00:36,  4.16it/s][A

  4%|▍         | 7/157 [00:01<00:36,  4.06it/s][A

  5%|▌         | 8/157 [00:01<00:37,  3.99it/s][A

  6%|▌         | 9/157 [00:02<00:37,  3.95it/s][A

  6%|▋         | 10/157 [00:02<00:37,  3.91it/s][A

  7%|▋         | 11/157 [00:02<00:37,  3.88it/s][A

  8%|▊         | 12/157 [00:02<00:37,  3.86it/s][A

  8%|▊         | 13/157 [00:03<00:37,  3.85it/s][A

  9%|▉         | 14/157 [00:03<00:36,  3.87it/s][A

 10%|▉         | 15/157 [00:03<00:36,  3.85it/s][A

 10%|█         | 16/157 [00:03<00:36,  3.84it/s][A

 11%|█         | 17/157 [00:04<00:36,  3.83it/s][A

 11%|█▏        | 18/157 [00:04<00:36,  3.83it/s][A

 12%|█▏        | 19/157 [00:04<00:36,  3.82it/s][A

 13%|█▎        | 20/157 [00:04<00:35,  3.86it/s][A

 13%|█▎        | 21/157 [00:05<00:35,  3.84it/s][A

 14%|█▍        | 22/157 [00:05<00:35,  3.83it/s][A

 15%|█▍        | 23/157 [00:05<00:34,  3.84it/s][A

 15%|█▌        | 24/157 [00:05<00:34,  3.84it/s][A

 16%|█▌        | 25/157 [00:06<00:34,  3.83it/s][A

 17%|█▋        | 26/157 [00:06<00:34,  3.83it/s][A

 17%|█▋        | 27/157 [00:06<00:33,  3.83it/s][A

 18%|█▊        | 28/157 [00:07<00:33,  3.82it/s][A

 18%|█▊        | 29/157 [00:07<00:33,  3.82it/s][A

 19%|█▉        | 30/157 [00:07<00:33,  3.83it/s][A

 20%|█▉        | 31/157 [00:07<00:32,  3.83it/s][A

 20%|██        | 32/157 [00:08<00:32,  3.83it/s][A

 21%|██        | 33/157 [00:08<00:32,  3.82it/s][A

 22%|██▏       | 34/157 [00:08<00:32,  3.82it/s][A

 22%|██▏       | 35/157 [00:08<00:31,  3.81it/s][A

 23%|██▎       | 36/157 [00:09<00:31,  3.81it/s][A

 24%|██▎       | 37/157 [00:09<00:31,  3.81it/s][A

 24%|██▍       | 38/157 [00:09<00:31,  3.81it/s][A

 25%|██▍       | 39/157 [00:09<00:30,  3.81it/s][A

 25%|██▌       | 40/157 [00:10<00:30,  3.82it/s][A

 26%|██▌       | 41/157 [00:10<00:30,  3.82it/s][A

 27%|██▋       | 42/157 [00:10<00:30,  3.82it/s][A

 27%|██▋       | 43/157 [00:10<00:29,  3.81it/s][A

 28%|██▊       | 44/157 [00:11<00:29,  3.82it/s][A

 29%|██▊       | 45/157 [00:11<00:29,  3.85it/s][A

 29%|██▉       | 46/157 [00:11<00:28,  3.83it/s][A

 30%|██▉       | 47/157 [00:12<00:28,  3.83it/s][A

 31%|███       | 48/157 [00:12<00:28,  3.86it/s][A

 31%|███       | 49/157 [00:12<00:27,  3.88it/s][A

 32%|███▏      | 50/157 [00:12<00:27,  3.89it/s][A

 32%|███▏      | 51/157 [00:13<00:27,  3.90it/s][A

 33%|███▎      | 52/157 [00:13<00:27,  3.87it/s][A

 34%|███▍      | 53/157 [00:13<00:27,  3.85it/s][A

 34%|███▍      | 54/157 [00:13<00:26,  3.85it/s][A

 35%|███▌      | 55/157 [00:14<00:26,  3.84it/s][A

 36%|███▌      | 56/157 [00:14<00:26,  3.84it/s][A

 36%|███▋      | 57/157 [00:14<00:25,  3.85it/s][A

 37%|███▋      | 58/157 [00:14<00:25,  3.85it/s][A

 38%|███▊      | 59/157 [00:15<00:25,  3.85it/s][A

 38%|███▊      | 60/157 [00:15<00:25,  3.85it/s][A

 39%|███▉      | 61/157 [00:15<00:24,  3.85it/s][A

 39%|███▉      | 62/157 [00:15<00:24,  3.84it/s][A

 40%|████      | 63/157 [00:16<00:24,  3.83it/s][A

 41%|████      | 64/157 [00:16<00:24,  3.83it/s][A

 41%|████▏     | 65/157 [00:16<00:24,  3.83it/s][A

 42%|████▏     | 66/157 [00:16<00:23,  3.83it/s][A

 43%|████▎     | 67/157 [00:17<00:23,  3.83it/s][A

 43%|████▎     | 68/157 [00:17<00:23,  3.86it/s][A

 44%|████▍     | 69/157 [00:17<00:22,  3.85it/s][A

 45%|████▍     | 70/157 [00:17<00:22,  3.84it/s][A

 45%|████▌     | 71/157 [00:18<00:22,  3.83it/s][A

 46%|████▌     | 72/157 [00:18<00:22,  3.82it/s][A

 46%|████▋     | 73/157 [00:18<00:21,  3.84it/s][A

 47%|████▋     | 74/157 [00:19<00:21,  3.87it/s][A

 48%|████▊     | 75/157 [00:19<00:21,  3.89it/s][A

 48%|████▊     | 76/157 [00:19<00:20,  3.89it/s][A

 49%|████▉     | 77/157 [00:19<00:20,  3.90it/s][A

 50%|████▉     | 78/157 [00:20<00:20,  3.91it/s][A

 50%|█████     | 79/157 [00:20<00:19,  3.91it/s][A

 51%|█████     | 80/157 [00:20<00:19,  3.91it/s][A

 52%|█████▏    | 81/157 [00:20<00:19,  3.92it/s][A

 52%|█████▏    | 82/157 [00:21<00:19,  3.92it/s][A

 53%|█████▎    | 83/157 [00:21<00:18,  3.93it/s][A

 54%|█████▎    | 84/157 [00:21<00:18,  3.93it/s][A

 54%|█████▍    | 85/157 [00:21<00:18,  3.89it/s][A

 55%|█████▍    | 86/157 [00:22<00:18,  3.87it/s][A

 55%|█████▌    | 87/157 [00:22<00:17,  3.89it/s][A

 56%|█████▌    | 88/157 [00:22<00:17,  3.88it/s][A

 57%|█████▋    | 89/157 [00:22<00:17,  3.86it/s][A

 57%|█████▋    | 90/157 [00:23<00:17,  3.86it/s][A

 58%|█████▊    | 91/157 [00:23<00:17,  3.85it/s][A

 59%|█████▊    | 92/157 [00:23<00:16,  3.85it/s][A

 59%|█████▉    | 93/157 [00:23<00:16,  3.85it/s][A

 60%|█████▉    | 94/157 [00:24<00:16,  3.86it/s][A

 61%|██████    | 95/157 [00:24<00:15,  3.88it/s][A

 61%|██████    | 96/157 [00:24<00:15,  3.91it/s][A

 62%|██████▏   | 97/157 [00:24<00:15,  3.91it/s][A

 62%|██████▏   | 98/157 [00:25<00:15,  3.92it/s][A

 63%|██████▎   | 99/157 [00:25<00:14,  3.94it/s][A

 64%|██████▎   | 100/157 [00:25<00:14,  3.97it/s][A

 64%|██████▍   | 101/157 [00:25<00:14,  3.97it/s][A

 65%|██████▍   | 102/157 [00:26<00:13,  3.98it/s][A

 66%|██████▌   | 103/157 [00:26<00:13,  3.99it/s][A

 66%|██████▌   | 104/157 [00:26<00:13,  3.99it/s][A

 67%|██████▋   | 105/157 [00:26<00:12,  4.00it/s][A

 68%|██████▊   | 106/157 [00:27<00:12,  3.97it/s][A

 68%|██████▊   | 107/157 [00:27<00:12,  3.97it/s][A

 69%|██████▉   | 108/157 [00:27<00:12,  3.96it/s][A

 69%|██████▉   | 109/157 [00:27<00:12,  3.95it/s][A

 70%|███████   | 110/157 [00:28<00:11,  3.97it/s][A

 71%|███████   | 111/157 [00:28<00:11,  3.99it/s][A

 71%|███████▏  | 112/157 [00:28<00:11,  4.00it/s][A

 72%|███████▏  | 113/157 [00:28<00:10,  4.01it/s][A

 73%|███████▎  | 114/157 [00:29<00:10,  4.02it/s][A

 73%|███████▎  | 115/157 [00:29<00:10,  4.02it/s][A

 74%|███████▍  | 116/157 [00:29<00:10,  4.02it/s][A

 75%|███████▍  | 117/157 [00:29<00:09,  4.02it/s][A

 75%|███████▌  | 118/157 [00:30<00:09,  4.03it/s][A

 76%|███████▌  | 119/157 [00:30<00:09,  4.04it/s][A

 76%|███████▋  | 120/157 [00:30<00:09,  4.04it/s][A

 77%|███████▋  | 121/157 [00:30<00:08,  4.04it/s][A

 78%|███████▊  | 122/157 [00:31<00:08,  4.04it/s][A

 78%|███████▊  | 123/157 [00:31<00:08,  4.05it/s][A

 79%|███████▉  | 124/157 [00:31<00:08,  4.06it/s][A

 80%|███████▉  | 125/157 [00:31<00:07,  4.07it/s][A

 80%|████████  | 126/157 [00:32<00:07,  4.08it/s][A

 81%|████████  | 127/157 [00:32<00:07,  4.08it/s][A

 82%|████████▏ | 128/157 [00:32<00:07,  4.06it/s][A

 82%|████████▏ | 129/157 [00:32<00:06,  4.02it/s][A

 83%|████████▎ | 130/157 [00:33<00:06,  3.99it/s][A

 83%|████████▎ | 131/157 [00:33<00:06,  3.93it/s][A

 84%|████████▍ | 132/157 [00:33<00:06,  3.90it/s][A

 85%|████████▍ | 133/157 [00:33<00:06,  3.88it/s][A

 85%|████████▌ | 134/157 [00:34<00:05,  3.87it/s][A

 86%|████████▌ | 135/157 [00:34<00:05,  3.85it/s][A

 87%|████████▋ | 136/157 [00:34<00:05,  3.85it/s][A

 87%|████████▋ | 137/157 [00:34<00:05,  3.85it/s][A

 88%|████████▊ | 138/157 [00:35<00:04,  3.87it/s][A

 89%|████████▊ | 139/157 [00:35<00:04,  3.88it/s][A

 89%|████████▉ | 140/157 [00:35<00:04,  3.86it/s][A

 90%|████████▉ | 141/157 [00:36<00:04,  3.85it/s][A

 90%|█████████ | 142/157 [00:36<00:03,  3.85it/s][A

 91%|█████████ | 143/157 [00:36<00:03,  3.86it/s][A

 92%|█████████▏| 144/157 [00:36<00:03,  3.88it/s][A

 92%|█████████▏| 145/157 [00:37<00:03,  3.87it/s][A

 93%|█████████▎| 146/157 [00:37<00:02,  3.86it/s][A

 94%|█████████▎| 147/157 [00:37<00:02,  3.85it/s][A

 94%|█████████▍| 148/157 [00:37<00:02,  3.84it/s][A

 95%|█████████▍| 149/157 [00:38<00:02,  3.84it/s][A

 96%|█████████▌| 150/157 [00:38<00:01,  3.83it/s][A

 96%|█████████▌| 151/157 [00:38<00:01,  3.84it/s][A

 97%|█████████▋| 152/157 [00:38<00:01,  3.85it/s][A

 97%|█████████▋| 153/157 [00:39<00:01,  3.85it/s][A

 98%|█████████▊| 154/157 [00:39<00:00,  3.85it/s][A

 99%|█████████▊| 155/157 [00:39<00:00,  3.84it/s][A

 99%|█████████▉| 156/157 [00:39<00:00,  3.83it/s][A

100%|██████████| 157/157 [00:40<00:00,  4.22it/s][A{'eval_loss': 4.944568157196045, 'eval_runtime': 40.4616, 'eval_samples_per_second': 123.574, 'eval_steps_per_second': 3.88, 'epoch': 0.01}

                                                      

                                                 
[A
  1%|▏         | 800/60627 [15:17<12:00:40,  1.38it/s]

100%|██████████| 157/157 [00:40<00:00,  4.22it/s][A

                                                 [ATraining stopped after 920.86 seconds

  1%|▏         | 801/60627 [15:20<225:53:27, 13.59s/it]
                                                       
{'loss': 4.1067, 'grad_norm': 0.58203125, 'learning_rate': 0.0005997730954242092, 'epoch': 0.01}

  1%|▏         | 801/60627 [15:20<225:53:27, 13.59s/it]

  0%|          | 0/157 [00:00<?, ?it/s][A

  1%|▏         | 2/157 [00:00<00:20,  7.64it/s][A

  2%|▏         | 3/157 [00:00<00:28,  5.40it/s][A

  3%|▎         | 4/157 [00:00<00:32,  4.68it/s][A

  3%|▎         | 5/157 [00:01<00:35,  4.34it/s][A

  4%|▍         | 6/157 [00:01<00:36,  4.16it/s][A

  4%|▍         | 7/157 [00:01<00:36,  4.07it/s][A

  5%|▌         | 8/157 [00:01<00:37,  4.00it/s][A

  6%|▌         | 9/157 [00:02<00:37,  3.96it/s][A

  6%|▋         | 10/157 [00:02<00:37,  3.92it/s][A

  7%|▋         | 11/157 [00:02<00:37,  3.89it/s][A

  8%|▊         | 12/157 [00:02<00:37,  3.87it/s][A

  8%|▊         | 13/157 [00:03<00:37,  3.86it/s][A

  9%|▉         | 14/157 [00:03<00:36,  3.88it/s][A

 10%|▉         | 15/157 [00:03<00:36,  3.86it/s][A

 10%|█         | 16/157 [00:03<00:36,  3.84it/s][A

 11%|█         | 17/157 [00:04<00:36,  3.84it/s][A

 11%|█▏        | 18/157 [00:04<00:36,  3.83it/s][A

 12%|█▏        | 19/157 [00:04<00:36,  3.83it/s][A

 13%|█▎        | 20/157 [00:04<00:35,  3.85it/s][A

 13%|█▎        | 21/157 [00:05<00:35,  3.84it/s][A

 14%|█▍        | 22/157 [00:05<00:35,  3.85it/s][A

 15%|█▍        | 23/157 [00:05<00:34,  3.84it/s][A

 15%|█▌        | 24/157 [00:05<00:34,  3.85it/s][A

 16%|█▌        | 25/157 [00:06<00:34,  3.83it/s][A

 17%|█▋        | 26/157 [00:06<00:34,  3.84it/s][A

 17%|█▋        | 27/157 [00:06<00:33,  3.83it/s][A

 18%|█▊        | 28/157 [00:07<00:33,  3.83it/s][A

 18%|█▊        | 29/157 [00:07<00:33,  3.84it/s][A

 19%|█▉        | 30/157 [00:07<00:33,  3.84it/s][A

 20%|█▉        | 31/157 [00:07<00:32,  3.84it/s][A

 20%|██        | 32/157 [00:08<00:32,  3.85it/s][A

 21%|██        | 33/157 [00:08<00:32,  3.84it/s][A

 22%|██▏       | 34/157 [00:08<00:32,  3.83it/s][A

 22%|██▏       | 35/157 [00:08<00:31,  3.82it/s][A

 23%|██▎       | 36/157 [00:09<00:31,  3.81it/s][A

 24%|██▎       | 37/157 [00:09<00:31,  3.82it/s][A

 24%|██▍       | 38/157 [00:09<00:31,  3.81it/s][A

 25%|██▍       | 39/157 [00:09<00:31,  3.80it/s][A

 25%|██▌       | 40/157 [00:10<00:30,  3.81it/s][A

 26%|██▌       | 41/157 [00:10<00:30,  3.82it/s][A

 27%|██▋       | 42/157 [00:10<00:30,  3.81it/s][A

 27%|██▋       | 43/157 [00:10<00:29,  3.81it/s][A

 28%|██▊       | 44/157 [00:11<00:29,  3.81it/s][A

 29%|██▊       | 45/157 [00:11<00:29,  3.85it/s][A

 29%|██▉       | 46/157 [00:11<00:29,  3.83it/s][A

 30%|██▉       | 47/157 [00:12<00:28,  3.83it/s][A

 31%|███       | 48/157 [00:12<00:28,  3.86it/s][A

 31%|███       | 49/157 [00:12<00:27,  3.87it/s][A

 32%|███▏      | 50/157 [00:12<00:27,  3.89it/s][A

 32%|███▏      | 51/157 [00:13<00:27,  3.90it/s][A

 33%|███▎      | 52/157 [00:13<00:27,  3.87it/s][A

 34%|███▍      | 53/157 [00:13<00:26,  3.85it/s][A

 34%|███▍      | 54/157 [00:13<00:26,  3.85it/s][A

 35%|███▌      | 55/157 [00:14<00:26,  3.84it/s][A

 36%|███▌      | 56/157 [00:14<00:26,  3.84it/s][A

 36%|███▋      | 57/157 [00:14<00:25,  3.85it/s][A

 37%|███▋      | 58/157 [00:14<00:25,  3.84it/s][A

 38%|███▊      | 59/157 [00:15<00:25,  3.83it/s][A

 38%|███▊      | 60/157 [00:15<00:25,  3.85it/s][A

 39%|███▉      | 61/157 [00:15<00:24,  3.84it/s][A

 39%|███▉      | 62/157 [00:15<00:24,  3.83it/s][A

 40%|████      | 63/157 [00:16<00:24,  3.83it/s][A

 41%|████      | 64/157 [00:16<00:24,  3.83it/s][A

 41%|████▏     | 65/157 [00:16<00:24,  3.83it/s][A

 42%|████▏     | 66/157 [00:16<00:23,  3.83it/s][A

 43%|████▎     | 67/157 [00:17<00:23,  3.83it/s][A

 43%|████▎     | 68/157 [00:17<00:23,  3.86it/s][A

 44%|████▍     | 69/157 [00:17<00:22,  3.84it/s][A

 45%|████▍     | 70/157 [00:17<00:22,  3.83it/s][A

 45%|████▌     | 71/157 [00:18<00:22,  3.82it/s][A

 46%|████▌     | 72/157 [00:18<00:22,  3.82it/s][A

 46%|████▋     | 73/157 [00:18<00:21,  3.84it/s][A

 47%|████▋     | 74/157 [00:19<00:21,  3.86it/s][A

 48%|████▊     | 75/157 [00:19<00:21,  3.89it/s][A

 48%|████▊     | 76/157 [00:19<00:20,  3.88it/s][A

 49%|████▉     | 77/157 [00:19<00:20,  3.90it/s][A

 50%|████▉     | 78/157 [00:20<00:20,  3.91it/s][A

 50%|█████     | 79/157 [00:20<00:19,  3.91it/s][A

 51%|█████     | 80/157 [00:20<00:19,  3.92it/s][A

 52%|█████▏    | 81/157 [00:20<00:19,  3.92it/s][A

 52%|█████▏    | 82/157 [00:21<00:19,  3.92it/s][A

 53%|█████▎    | 83/157 [00:21<00:18,  3.92it/s][A

 54%|█████▎    | 84/157 [00:21<00:18,  3.92it/s][A

 54%|█████▍    | 85/157 [00:21<00:18,  3.89it/s][A

 55%|█████▍    | 86/157 [00:22<00:18,  3.89it/s][A

 55%|█████▌    | 87/157 [00:22<00:17,  3.90it/s][A

 56%|█████▌    | 88/157 [00:22<00:17,  3.89it/s][A

 57%|█████▋    | 89/157 [00:22<00:17,  3.87it/s][A

 57%|█████▋    | 90/157 [00:23<00:17,  3.86it/s][A

 58%|█████▊    | 91/157 [00:23<00:17,  3.86it/s][A

 59%|█████▊    | 92/157 [00:23<00:16,  3.86it/s][A

 59%|█████▉    | 93/157 [00:23<00:16,  3.86it/s][A

 60%|█████▉    | 94/157 [00:24<00:16,  3.87it/s][A

 61%|██████    | 95/157 [00:24<00:15,  3.89it/s][A

 61%|██████    | 96/157 [00:24<00:15,  3.91it/s][A

 62%|██████▏   | 97/157 [00:24<00:15,  3.91it/s][A

 62%|██████▏   | 98/157 [00:25<00:15,  3.92it/s][A

 63%|██████▎   | 99/157 [00:25<00:14,  3.94it/s][A

 64%|██████▎   | 100/157 [00:25<00:14,  3.97it/s][A

 64%|██████▍   | 101/157 [00:25<00:14,  3.97it/s][A

 65%|██████▍   | 102/157 [00:26<00:13,  3.98it/s][A

 66%|██████▌   | 103/157 [00:26<00:13,  3.99it/s][A

 66%|██████▌   | 104/157 [00:26<00:13,  3.99it/s][A

 67%|██████▋   | 105/157 [00:26<00:12,  4.01it/s][A

 68%|██████▊   | 106/157 [00:27<00:12,  3.98it/s][A

 68%|██████▊   | 107/157 [00:27<00:12,  3.96it/s][A

 69%|██████▉   | 108/157 [00:27<00:12,  3.96it/s][A

 69%|██████▉   | 109/157 [00:27<00:12,  3.95it/s][A

 70%|███████   | 110/157 [00:28<00:11,  3.97it/s][A

 71%|███████   | 111/157 [00:28<00:11,  3.99it/s][A

 71%|███████▏  | 112/157 [00:28<00:11,  4.00it/s][A

 72%|███████▏  | 113/157 [00:28<00:10,  4.02it/s][A

 73%|███████▎  | 114/157 [00:29<00:10,  4.04it/s][A

 73%|███████▎  | 115/157 [00:29<00:10,  4.02it/s][A

 74%|███████▍  | 116/157 [00:29<00:10,  4.03it/s][A

 75%|███████▍  | 117/157 [00:29<00:09,  4.03it/s][A

 75%|███████▌  | 118/157 [00:30<00:09,  4.04it/s][A

 76%|███████▌  | 119/157 [00:30<00:09,  4.05it/s][A

 76%|███████▋  | 120/157 [00:30<00:09,  4.06it/s][A

 77%|███████▋  | 121/157 [00:30<00:08,  4.06it/s][A

 78%|███████▊  | 122/157 [00:31<00:08,  4.06it/s][A

 78%|███████▊  | 123/157 [00:31<00:08,  4.07it/s][A

 79%|███████▉  | 124/157 [00:31<00:08,  4.07it/s][A

 80%|███████▉  | 125/157 [00:31<00:07,  4.08it/s][A

 80%|████████  | 126/157 [00:32<00:07,  4.08it/s][A

 81%|████████  | 127/157 [00:32<00:07,  4.08it/s][A

 82%|████████▏ | 128/157 [00:32<00:07,  4.06it/s][A

 82%|████████▏ | 129/157 [00:32<00:06,  4.02it/s][A

 83%|████████▎ | 130/157 [00:33<00:06,  3.99it/s][A

 83%|████████▎ | 131/157 [00:33<00:06,  3.94it/s][A

 84%|████████▍ | 132/157 [00:33<00:06,  3.90it/s][A

 85%|████████▍ | 133/157 [00:33<00:06,  3.88it/s][A

 85%|████████▌ | 134/157 [00:34<00:05,  3.87it/s][A

 86%|████████▌ | 135/157 [00:34<00:05,  3.85it/s][A

 87%|████████▋ | 136/157 [00:34<00:05,  3.84it/s][A

 87%|████████▋ | 137/157 [00:34<00:05,  3.85it/s][A

 88%|████████▊ | 138/157 [00:35<00:04,  3.87it/s][A

 89%|████████▊ | 139/157 [00:35<00:04,  3.87it/s][A

 89%|████████▉ | 140/157 [00:35<00:04,  3.86it/s][A

 90%|████████▉ | 141/157 [00:35<00:04,  3.85it/s][A

 90%|█████████ | 142/157 [00:36<00:03,  3.85it/s][A

 91%|█████████ | 143/157 [00:36<00:03,  3.86it/s][A

 92%|█████████▏| 144/157 [00:36<00:03,  3.87it/s][A

 92%|█████████▏| 145/157 [00:37<00:03,  3.87it/s][A

 93%|█████████▎| 146/157 [00:37<00:02,  3.86it/s][A

 94%|█████████▎| 147/157 [00:37<00:02,  3.86it/s][A

 94%|█████████▍| 148/157 [00:37<00:02,  3.85it/s][A

 95%|█████████▍| 149/157 [00:38<00:02,  3.84it/s][A

 96%|█████████▌| 150/157 [00:38<00:01,  3.84it/s][A

 96%|█████████▌| 151/157 [00:38<00:01,  3.85it/s][A

 97%|█████████▋| 152/157 [00:38<00:01,  3.86it/s][A

 97%|█████████▋| 153/157 [00:39<00:01,  3.85it/s][A

 98%|█████████▊| 154/157 [00:39<00:00,  3.85it/s][A

 99%|█████████▊| 155/157 [00:39<00:00,  3.84it/s][A

 99%|█████████▉| 156/157 [00:39<00:00,  3.83it/s][A

100%|██████████| 157/157 [00:40<00:00,  4.14it/s][A
                                                       

                                                 
[A{'eval_loss': 4.944021701812744, 'eval_runtime': 40.4505, 'eval_samples_per_second': 123.608, 'eval_steps_per_second': 3.881, 'epoch': 0.01}

  1%|▏         | 801/60627 [16:01<225:53:27, 13.59s/it]

100%|██████████| 157/157 [00:40<00:00,  4.14it/s][A

                                                 [A
                                                       
{'train_runtime': 964.2632, 'train_samples_per_second': 2011.964, 'train_steps_per_second': 62.874, 'train_loss': 5.395522288764163, 'epoch': 0.01}

  1%|▏         | 801/60627 [16:04<225:53:27, 13.59s/it]
  1%|▏         | 801/60627 [16:04<20:00:33,  1.20s/it] 
Running final evaluation on the test split...

  0%|          | 0/157 [00:00<?, ?it/s]
  1%|▏         | 2/157 [00:00<00:20,  7.68it/s]
  2%|▏         | 3/157 [00:00<00:28,  5.43it/s]
  3%|▎         | 4/157 [00:00<00:32,  4.69it/s]
  3%|▎         | 5/157 [00:01<00:34,  4.35it/s]
  4%|▍         | 6/157 [00:01<00:36,  4.17it/s]
  4%|▍         | 7/157 [00:01<00:36,  4.08it/s]
  5%|▌         | 8/157 [00:01<00:37,  4.01it/s]
  6%|▌         | 9/157 [00:02<00:37,  3.97it/s]
  6%|▋         | 10/157 [00:02<00:37,  3.92it/s]
  7%|▋         | 11/157 [00:02<00:37,  3.90it/s]
  8%|▊         | 12/157 [00:02<00:37,  3.88it/s]
  8%|▊         | 13/157 [00:03<00:37,  3.86it/s]
  9%|▉         | 14/157 [00:03<00:36,  3.89it/s]
 10%|▉         | 15/157 [00:03<00:36,  3.87it/s]
 10%|█         | 16/157 [00:03<00:36,  3.86it/s]
 11%|█         | 17/157 [00:04<00:36,  3.85it/s]
 11%|█▏        | 18/157 [00:04<00:36,  3.85it/s]
 12%|█▏        | 19/157 [00:04<00:35,  3.84it/s]
 13%|█▎        | 20/157 [00:04<00:35,  3.87it/s]
 13%|█▎        | 21/157 [00:05<00:35,  3.85it/s]
 14%|█▍        | 22/157 [00:05<00:35,  3.85it/s]
 15%|█▍        | 23/157 [00:05<00:34,  3.85it/s]
 15%|█▌        | 24/157 [00:05<00:34,  3.86it/s]
 16%|█▌        | 25/157 [00:06<00:34,  3.85it/s]
 17%|█▋        | 26/157 [00:06<00:34,  3.85it/s]
 17%|█▋        | 27/157 [00:06<00:33,  3.84it/s]
 18%|█▊        | 28/157 [00:07<00:33,  3.84it/s]
 18%|█▊        | 29/157 [00:07<00:33,  3.84it/s]
 19%|█▉        | 30/157 [00:07<00:33,  3.84it/s]
 20%|█▉        | 31/157 [00:07<00:32,  3.85it/s]
 20%|██        | 32/157 [00:08<00:32,  3.84it/s]
 21%|██        | 33/157 [00:08<00:32,  3.84it/s]
 22%|██▏       | 34/157 [00:08<00:32,  3.83it/s]
 22%|██▏       | 35/157 [00:08<00:31,  3.82it/s]
 23%|██▎       | 36/157 [00:09<00:31,  3.82it/s]
 24%|██▎       | 37/157 [00:09<00:31,  3.82it/s]
 24%|██▍       | 38/157 [00:09<00:31,  3.82it/s]
 25%|██▍       | 39/157 [00:09<00:30,  3.81it/s]
 25%|██▌       | 40/157 [00:10<00:30,  3.83it/s]
 26%|██▌       | 41/157 [00:10<00:30,  3.84it/s]
 27%|██▋       | 42/157 [00:10<00:30,  3.83it/s]
 27%|██▋       | 43/157 [00:10<00:29,  3.83it/s]
 28%|██▊       | 44/157 [00:11<00:29,  3.83it/s]
 29%|██▊       | 45/157 [00:11<00:29,  3.86it/s]
 29%|██▉       | 46/157 [00:11<00:28,  3.84it/s]
 30%|██▉       | 47/157 [00:11<00:28,  3.84it/s]
 31%|███       | 48/157 [00:12<00:28,  3.87it/s]
 31%|███       | 49/157 [00:12<00:27,  3.90it/s]
 32%|███▏      | 50/157 [00:12<00:27,  3.90it/s]
 32%|███▏      | 51/157 [00:12<00:27,  3.92it/s]
 33%|███▎      | 52/157 [00:13<00:27,  3.88it/s]
 34%|███▍      | 53/157 [00:13<00:26,  3.86it/s]
 34%|███▍      | 54/157 [00:13<00:26,  3.86it/s]
 35%|███▌      | 55/157 [00:14<00:26,  3.85it/s]
 36%|███▌      | 56/157 [00:14<00:26,  3.86it/s]
 36%|███▋      | 57/157 [00:14<00:25,  3.87it/s]
 37%|███▋      | 58/157 [00:14<00:25,  3.86it/s]
 38%|███▊      | 59/157 [00:15<00:25,  3.86it/s]
 38%|███▊      | 60/157 [00:15<00:25,  3.86it/s]
 39%|███▉      | 61/157 [00:15<00:24,  3.87it/s]
 39%|███▉      | 62/157 [00:15<00:24,  3.86it/s]
 40%|████      | 63/157 [00:16<00:24,  3.85it/s]
 41%|████      | 64/157 [00:16<00:24,  3.84it/s]
 41%|████▏     | 65/157 [00:16<00:23,  3.84it/s]
 42%|████▏     | 66/157 [00:16<00:23,  3.85it/s]
 43%|████▎     | 67/157 [00:17<00:23,  3.84it/s]
 43%|████▎     | 68/157 [00:17<00:22,  3.88it/s]
 44%|████▍     | 69/157 [00:17<00:22,  3.86it/s]
 45%|████▍     | 70/157 [00:17<00:22,  3.84it/s]
 45%|████▌     | 71/157 [00:18<00:22,  3.84it/s]
 46%|████▌     | 72/157 [00:18<00:22,  3.83it/s]
 46%|████▋     | 73/157 [00:18<00:21,  3.85it/s]
 47%|████▋     | 74/157 [00:18<00:21,  3.88it/s]
 48%|████▊     | 75/157 [00:19<00:21,  3.89it/s]
 48%|████▊     | 76/157 [00:19<00:20,  3.89it/s]
 49%|████▉     | 77/157 [00:19<00:20,  3.91it/s]
 50%|████▉     | 78/157 [00:19<00:20,  3.92it/s]
 50%|█████     | 79/157 [00:20<00:19,  3.93it/s]
 51%|█████     | 80/157 [00:20<00:19,  3.93it/s]
 52%|█████▏    | 81/157 [00:20<00:19,  3.93it/s]
 52%|█████▏    | 82/157 [00:20<00:19,  3.94it/s]
 53%|█████▎    | 83/157 [00:21<00:18,  3.93it/s]
 54%|█████▎    | 84/157 [00:21<00:18,  3.94it/s]
 54%|█████▍    | 85/157 [00:21<00:18,  3.90it/s]
 55%|█████▍    | 86/157 [00:22<00:18,  3.89it/s]
 55%|█████▌    | 87/157 [00:22<00:17,  3.91it/s]
 56%|█████▌    | 88/157 [00:22<00:17,  3.90it/s]
 57%|█████▋    | 89/157 [00:22<00:17,  3.87it/s]
 57%|█████▋    | 90/157 [00:23<00:17,  3.87it/s]
 58%|█████▊    | 91/157 [00:23<00:17,  3.87it/s]
 59%|█████▊    | 92/157 [00:23<00:16,  3.87it/s]
 59%|█████▉    | 93/157 [00:23<00:16,  3.87it/s]
 60%|█████▉    | 94/157 [00:24<00:16,  3.87it/s]
 61%|██████    | 95/157 [00:24<00:15,  3.89it/s]
 61%|██████    | 96/157 [00:24<00:15,  3.91it/s]
 62%|██████▏   | 97/157 [00:24<00:15,  3.92it/s]
 62%|██████▏   | 98/157 [00:25<00:14,  3.93it/s]
 63%|██████▎   | 99/157 [00:25<00:14,  3.96it/s]
 64%|██████▎   | 100/157 [00:25<00:14,  3.98it/s]
 64%|██████▍   | 101/157 [00:25<00:14,  3.98it/s]
 65%|██████▍   | 102/157 [00:26<00:13,  3.98it/s]
 66%|██████▌   | 103/157 [00:26<00:13,  3.99it/s]
 66%|██████▌   | 104/157 [00:26<00:13,  4.00it/s]
 67%|██████▋   | 105/157 [00:26<00:12,  4.02it/s]
 68%|██████▊   | 106/157 [00:27<00:12,  3.98it/s]
 68%|██████▊   | 107/157 [00:27<00:12,  3.97it/s]
 69%|██████▉   | 108/157 [00:27<00:12,  3.97it/s]
 69%|██████▉   | 109/157 [00:27<00:12,  3.95it/s]
 70%|███████   | 110/157 [00:28<00:11,  3.97it/s]
 71%|███████   | 111/157 [00:28<00:11,  3.99it/s]
 71%|███████▏  | 112/157 [00:28<00:11,  4.00it/s]
 72%|███████▏  | 113/157 [00:28<00:10,  4.02it/s]
 73%|███████▎  | 114/157 [00:29<00:10,  4.02it/s]
 73%|███████▎  | 115/157 [00:29<00:10,  4.02it/s]
 74%|███████▍  | 116/157 [00:29<00:10,  4.01it/s]
 75%|███████▍  | 117/157 [00:29<00:09,  4.02it/s]
 75%|███████▌  | 118/157 [00:30<00:09,  4.03it/s]
 76%|███████▌  | 119/157 [00:30<00:09,  4.04it/s]
 76%|███████▋  | 120/157 [00:30<00:09,  4.05it/s]
 77%|███████▋  | 121/157 [00:30<00:08,  4.05it/s]
 78%|███████▊  | 122/157 [00:31<00:08,  4.04it/s]
 78%|███████▊  | 123/157 [00:31<00:08,  4.05it/s]
 79%|███████▉  | 124/157 [00:31<00:08,  4.06it/s]
 80%|███████▉  | 125/157 [00:31<00:07,  4.07it/s]
 80%|████████  | 126/157 [00:32<00:07,  4.08it/s]
 81%|████████  | 127/157 [00:32<00:07,  4.08it/s]
 82%|████████▏ | 128/157 [00:32<00:07,  4.06it/s]
 82%|████████▏ | 129/157 [00:32<00:06,  4.01it/s]
 83%|████████▎ | 130/157 [00:33<00:06,  3.98it/s]
 83%|████████▎ | 131/157 [00:33<00:06,  3.93it/s]
 84%|████████▍ | 132/157 [00:33<00:06,  3.90it/s]
 85%|████████▍ | 133/157 [00:33<00:06,  3.88it/s]
 85%|████████▌ | 134/157 [00:34<00:05,  3.87it/s]
 86%|████████▌ | 135/157 [00:34<00:05,  3.86it/s]
 87%|████████▋ | 136/157 [00:34<00:05,  3.85it/s]
 87%|████████▋ | 137/157 [00:34<00:05,  3.86it/s]
 88%|████████▊ | 138/157 [00:35<00:04,  3.87it/s]
 89%|████████▊ | 139/157 [00:35<00:04,  3.88it/s]
 89%|████████▉ | 140/157 [00:35<00:04,  3.86it/s]
 90%|████████▉ | 141/157 [00:35<00:04,  3.85it/s]
 90%|█████████ | 142/157 [00:36<00:03,  3.85it/s]
 91%|█████████ | 143/157 [00:36<00:03,  3.86it/s]
 92%|█████████▏| 144/157 [00:36<00:03,  3.88it/s]
 92%|█████████▏| 145/157 [00:36<00:03,  3.87it/s]
 93%|█████████▎| 146/157 [00:37<00:02,  3.87it/s]
 94%|█████████▎| 147/157 [00:37<00:02,  3.85it/s]
 94%|█████████▍| 148/157 [00:37<00:02,  3.84it/s]
 95%|█████████▍| 149/157 [00:38<00:02,  3.84it/s]
 96%|█████████▌| 150/157 [00:38<00:01,  3.84it/s]
 96%|█████████▌| 151/157 [00:38<00:01,  3.84it/s]
 97%|█████████▋| 152/157 [00:38<00:01,  3.85it/s]
 97%|█████████▋| 153/157 [00:39<00:01,  3.85it/s]
 98%|█████████▊| 154/157 [00:39<00:00,  3.85it/s]
 99%|█████████▊| 155/157 [00:39<00:00,  3.85it/s]
 99%|█████████▉| 156/157 [00:39<00:00,  3.84it/s]
100%|██████████| 157/157 [00:40<00:00,  4.21it/s]
100%|██████████| 157/157 [00:40<00:00,  3.92it/s]
Final evaluation results: {'eval_loss': 4.944021701812744, 'eval_runtime': 40.3326, 'eval_samples_per_second': 123.969, 'eval_steps_per_second': 3.893, 'epoch': 0.013211935276362018}
Final Eval Loss: 4.9440 | Perplexity: 140.33
Train 560.6s, eval 404.1s (41.9% of the loop), optimizer steps 801, microbatches 801, tokens seen 13123584
Saved comparison plot to artifacts/comparison.svg
Saved experiment artifacts to artifacts/per_device_32
Prompt: Тильзитский мир - 
Completion:  и.  —  город в  входит в .

Входит в состав  порядка  и  —  порядка.

Население

Примечания

Ссылки 
 Creunt Natuplag.com
 Cretto
 Noton Mango and Wieset (Redo Verschnum)
 Detano Püru, Strumigen mysigenys, Belpolica, Strumysigenys.  

Млекопитающие области
Платки из лука
Озёра Каменского воеводства

Prompt: Деревня Сно - 
Completion:  населённая административная единица в составе Удмуртской Республики Беларусь.

Административное устройство 
В состав муниципального образования расположена на территории Заволжской области, на правом берегу реки Ика, в 3 км от райцентра «Деревня Ибашанка».

В 1-ом месте у деревни находится  Пла-Сёные озёра.

Вблизи деревни находится  Таз.

Вблизи деревни находится  (празднённая) на юго-западе,  и  на северо-востоке.

Площадь 
Расположено в 12 км на юго-юго-запад
Prompt: 14 восьмитысячников - 
Completion:  и  –  и  —. 
  (  —  :  и  —??)  -  :  : .  :  :  :  —  :  :  :  :  :  : :  :  ;  : :  :  : ; ;  :  :  : :  :  : 2  :  :,  : [От. и.], А. А. Гольшый в]. :  : Военигород, 2000. - 25 л. (В 2),  :  ;  :  : 
Prompt: Евразийство становится - 
Completion:  «Batthos bomys».

Описание 

Селенологическая, длиной 12,7 мм. Листья с плоскими, тонкий, застроенный, на севере, в которых, на северо-восток, с заболоченными оболочками. Заполчало.

Хозяйственное значение и листья 
На протяжении многих десятилетий (проектировано в 2012 году) был открыт вид.

В Южной Америке 
В горах находится в юго-западной части, в зоне от центра и на расстоянии приблизительно 25 км на юго-юго-юго-западу от города, на расстоянии
Saved generations to artifacts/per_device_32
