
==========
== CUDA ==
==========

CUDA Version 11.8.0

Container image Copyright (c) 2016-2023, NVIDIA CORPORATION & AFFILIATES. All rights reserved.

This container image and its contents are governed by the NVIDIA Deep Learning Container License.
By pulling and using the container, you accept the terms and conditions of this license:
https://developer.nvidia.com/ngc/nvidia-deep-learning-container-license

A copy of this license is made available in this container at /NGC-DL-CONTAINER-LICENSE for your convenience.

Tokenized dataset is ready in ./output_dir
Created artifacts/scheduler_linear
Tokenized dataset is ready in ./output_dir
Loading 32 parquet shards...
Training samples: 1940063
Validation samples: 5000
Model pad token id: 2
Total params: 960,881,664

  0%|          | 0/60627 [00:00<?, ?it/s]
  0%|          | 1/60627 [00:01<32:31:20,  1.93s/it]
                                                    
{'loss': 11.2285, 'grad_norm': 4.5625, 'learning_rate': 0.0, 'epoch': 0.0}

  0%|          | 1/60627 [00:01<32:31:20,  1.93s/it]
  0%|          | 2/60627 [00:02<20:39:04,  1.23s/it]
                                                    
{'loss': 11.2397, 'grad_norm': 4.96875, 'learning_rate': 1.1999999999999999e-05, 'epoch': 0.0}

  0%|          | 2/60627 [00:02<20:39:04,  1.23s/it]
  0%|          | 3/60627 [00:03<16:55:42,  1.01s/it]
                                                    
{'loss': 11.2066, 'grad_norm': 4.65625, 'learning_rate': 2.3999999999999997e-05, 'epoch': 0.0}

  0%|          | 3/60627 [00:03<16:55:42,  1.01s/it]
  0%|          | 4/60627 [00:04<15:06:54,  1.11it/s]
                                                    
{'loss': 11.1478, 'grad_norm': 5.09375, 'learning_rate': 3.5999999999999994e-05, 'epoch': 0.0}

  0%|          | 4/60627 [00:04<15:06:54,  1.11it/s]
  0%|          | 5/60627 [00:04<14:12:24,  1.19it/s]{'loss': 11.0471, 'grad_norm': 4.8125, 'learning_rate': 4.7999999999999994e-05, 'epoch': 0.0}

                                                    

  0%|          | 5/60627 [00:04<14:12:24,  1.19it/s]
  0%|          | 6/60627 [00:05<13:34:15,  1.24it/s]
                                                    
{'loss': 10.8367, 'grad_norm': 5.21875, 'learning_rate': 5.9999999999999995e-05, 'epoch': 0.0}

  0%|          | 6/60627 [00:05<13:34:15,  1.24it/s]
  0%|          | 7/60627 [00:06<13:09:49,  1.28it/s]
                                                    
{'loss': 10.5834, 'grad_norm': 5.71875, 'learning_rate': 7.199999999999999e-05, 'epoch': 0.0}

  0%|          | 7/60627 [00:06<13:09:49,  1.28it/s]
  0%|          | 8/60627 [00:07<12:55:10,  1.30it/s]{'loss': 11.1315, 'grad_norm': 24.125, 'learning_rate': 8.4e-05, 'epoch': 0.0}

                                                    

  0%|          | 8/60627 [00:07<12:55:10,  1.30it/s]
  0%|          | 9/60627 [00:07<12:48:39,  1.31it/s]
                                                    
{'loss': 10.1513, 'grad_norm': 7.84375, 'learning_rate': 9.599999999999999e-05, 'epoch': 0.0}

  0%|          | 9/60627 [00:07<12:48:39,  1.31it/s]
  0%|          | 10/60627 [00:08<12:43:06,  1.32it/s]
                                                     
{'loss': 10.1595, 'grad_norm': 9.625, 'learning_rate': 0.00010799999999999998, 'epoch': 0.0}

  0%|          | 10/60627 [00:08<12:43:06,  1.32it/s]
  0%|          | 11/60627 [00:09<12:40:05,  1.33it/s]
                                                     
{'loss': 10.3112, 'grad_norm': 5.65625, 'learning_rate': 0.00011999999999999999, 'epoch': 0.0}

  0%|          | 11/60627 [00:09<12:40:05,  1.33it/s]
  0%|          | 12/60627 [00:10<12:34:56,  1.34it/s]{'loss': 9.9942, 'grad_norm': 4.75, 'learning_rate': 0.00013199999999999998, 'epoch': 0.0}

                                                     

  0%|          | 12/60627 [00:10<12:34:56,  1.34it/s]
  0%|          | 13/60627 [00:10<12:31:53,  1.34it/s]
                                                     
{'loss': 9.6113, 'grad_norm': 9.6875, 'learning_rate': 0.00014399999999999998, 'epoch': 0.0}

  0%|          | 13/60627 [00:10<12:31:53,  1.34it/s]
  0%|          | 14/60627 [00:11<12:33:19,  1.34it/s]{'loss': 9.4748, 'grad_norm': 15.875, 'learning_rate': 0.000156, 'epoch': 0.0}

                                                     

  0%|          | 14/60627 [00:11<12:33:19,  1.34it/s]
  0%|          | 15/60627 [00:12<12:31:50,  1.34it/s]
                                                     
{'loss': 8.9274, 'grad_norm': 3.5625, 'learning_rate': 0.000168, 'epoch': 0.0}

  0%|          | 15/60627 [00:12<12:31:50,  1.34it/s]
  0%|          | 16/60627 [00:13<12:29:05,  1.35it/s]
                                                     
{'loss': 8.7405, 'grad_norm': 3.78125, 'learning_rate': 0.00017999999999999998, 'epoch': 0.0}

  0%|          | 16/60627 [00:13<12:29:05,  1.35it/s]
  0%|          | 17/60627 [00:13<12:27:35,  1.35it/s]
                                                     
{'loss': 8.7095, 'grad_norm': 4.28125, 'learning_rate': 0.00019199999999999998, 'epoch': 0.0}

  0%|          | 17/60627 [00:13<12:27:35,  1.35it/s]
  0%|          | 18/60627 [00:14<12:28:28,  1.35it/s]
                                                     
{'loss': 8.556, 'grad_norm': 2.109375, 'learning_rate': 0.000204, 'epoch': 0.0}

  0%|          | 18/60627 [00:14<12:28:28,  1.35it/s]
  0%|          | 19/60627 [00:15<12:29:05,  1.35it/s]
                                                     
{'loss': 8.3425, 'grad_norm': 3.484375, 'learning_rate': 0.00021599999999999996, 'epoch': 0.0}

  0%|          | 19/60627 [00:15<12:29:05,  1.35it/s]
  0%|          | 20/60627 [00:15<12:29:26,  1.35it/s]
                                                     
{'loss': 8.3078, 'grad_norm': 2.8125, 'learning_rate': 0.00022799999999999999, 'epoch': 0.0}

  0%|          | 20/60627 [00:15<12:29:26,  1.35it/s]
  0%|          | 21/60627 [00:16<12:27:31,  1.35it/s]
                                                     
{'loss': 8.2157, 'grad_norm': 1.96875, 'learning_rate': 0.00023999999999999998, 'epoch': 0.0}

  0%|          | 21/60627 [00:16<12:27:31,  1.35it/s]
  0%|          | 22/60627 [00:17<12:25:16,  1.36it/s]
                                                     
{'loss': 8.2185, 'grad_norm': 1.84375, 'learning_rate': 0.00025199999999999995, 'epoch': 0.0}

  0%|          | 22/60627 [00:17<12:25:16,  1.36it/s]
  0%|          | 23/60627 [00:18<12:24:29,  1.36it/s]
                                                     
{'loss': 8.0667, 'grad_norm': 1.3984375, 'learning_rate': 0.00026399999999999997, 'epoch': 0.0}

  0%|          | 23/60627 [00:18<12:24:29,  1.36it/s]
  0%|          | 24/60627 [00:18<12:25:34,  1.35it/s]
                                                     
{'loss': 8.0949, 'grad_norm': 3.46875, 'learning_rate': 0.000276, 'epoch': 0.0}

  0%|          | 24/60627 [00:18<12:25:34,  1.35it/s]
  0%|          | 25/60627 [00:19<12:24:28,  1.36it/s]
                                                     
{'loss': 7.9321, 'grad_norm': 2.5, 'learning_rate': 0.00028799999999999995, 'epoch': 0.0}

  0%|          | 25/60627 [00:19<12:24:28,  1.36it/s]
  0%|          | 26/60627 [00:20<12:24:36,  1.36it/s]
                                                     
{'loss': 8.1358, 'grad_norm': 1.8359375, 'learning_rate': 0.0003, 'epoch': 0.0}

  0%|          | 26/60627 [00:20<12:24:36,  1.36it/s]
  0%|          | 27/60627 [00:21<12:24:59,  1.36it/s]
                                                     
{'loss': 8.259, 'grad_norm': 1.46875, 'learning_rate': 0.000312, 'epoch': 0.0}

  0%|          | 27/60627 [00:21<12:24:59,  1.36it/s]
  0%|          | 28/60627 [00:21<12:26:12,  1.35it/s]{'loss': 8.1105, 'grad_norm': 1.1484375, 'learning_rate': 0.000324, 'epoch': 0.0}

                                                     

  0%|          | 28/60627 [00:21<12:26:12,  1.35it/s]
  0%|          | 29/60627 [00:22<12:28:19,  1.35it/s]
                                                     
{'loss': 8.4611, 'grad_norm': 2.0, 'learning_rate': 0.000336, 'epoch': 0.0}

  0%|          | 29/60627 [00:22<12:28:19,  1.35it/s]
  0%|          | 30/60627 [00:23<12:27:09,  1.35it/s]
                                                     
{'loss': 8.0616, 'grad_norm': 1.671875, 'learning_rate': 0.00034799999999999995, 'epoch': 0.0}

  0%|          | 30/60627 [00:23<12:27:09,  1.35it/s]
  0%|          | 31/60627 [00:24<12:27:21,  1.35it/s]
                                                     
{'loss': 8.0512, 'grad_norm': 1.84375, 'learning_rate': 0.00035999999999999997, 'epoch': 0.0}

  0%|          | 31/60627 [00:24<12:27:21,  1.35it/s]
  0%|          | 32/60627 [00:24<12:30:43,  1.35it/s]
                                                     
{'loss': 8.2009, 'grad_norm': 1.1171875, 'learning_rate': 0.000372, 'epoch': 0.0}

  0%|          | 32/60627 [00:24<12:30:43,  1.35it/s]
  0%|          | 33/60627 [00:25<12:28:23,  1.35it/s]
                                                     
{'loss': 8.1563, 'grad_norm': 1.875, 'learning_rate': 0.00038399999999999996, 'epoch': 0.0}

  0%|          | 33/60627 [00:25<12:28:23,  1.35it/s]
  0%|          | 34/60627 [00:26<12:29:41,  1.35it/s]
                                                     
{'loss': 8.0872, 'grad_norm': 1.546875, 'learning_rate': 0.000396, 'epoch': 0.0}

  0%|          | 34/60627 [00:26<12:29:41,  1.35it/s]
  0%|          | 35/60627 [00:27<12:30:44,  1.35it/s]{'loss': 8.0509, 'grad_norm': 2.390625, 'learning_rate': 0.000408, 'epoch': 0.0}

                                                     

  0%|          | 35/60627 [00:27<12:30:44,  1.35it/s]
  0%|          | 36/60627 [00:27<12:29:57,  1.35it/s]
                                                     
{'loss': 7.9899, 'grad_norm': 3.34375, 'learning_rate': 0.00041999999999999996, 'epoch': 0.0}

  0%|          | 36/60627 [00:27<12:29:57,  1.35it/s]
  0%|          | 37/60627 [00:28<12:30:22,  1.35it/s]
                                                     
{'loss': 8.127, 'grad_norm': 2.96875, 'learning_rate': 0.00043199999999999993, 'epoch': 0.0}

  0%|          | 37/60627 [00:28<12:30:22,  1.35it/s]
  0%|          | 38/60627 [00:29<12:29:26,  1.35it/s]
                                                     
{'loss': 8.1373, 'grad_norm': 1.7109375, 'learning_rate': 0.00044399999999999995, 'epoch': 0.0}

  0%|          | 38/60627 [00:29<12:29:26,  1.35it/s]
  0%|          | 39/60627 [00:30<12:28:44,  1.35it/s]
                                                     
{'loss': 7.9387, 'grad_norm': 1.859375, 'learning_rate': 0.00045599999999999997, 'epoch': 0.0}

  0%|          | 39/60627 [00:30<12:28:44,  1.35it/s]
  0%|          | 40/60627 [00:30<12:30:40,  1.35it/s]
                                                     
{'loss': 7.9532, 'grad_norm': 2.375, 'learning_rate': 0.000468, 'epoch': 0.0}

  0%|          | 40/60627 [00:30<12:30:40,  1.35it/s]
  0%|          | 41/60627 [00:31<12:28:41,  1.35it/s]
                                                     
{'loss': 7.9283, 'grad_norm': 1.625, 'learning_rate': 0.00047999999999999996, 'epoch': 0.0}

  0%|          | 41/60627 [00:31<12:28:41,  1.35it/s]
  0%|          | 42/60627 [00:32<12:29:36,  1.35it/s]
                                                     
{'loss': 8.0658, 'grad_norm': 2.203125, 'learning_rate': 0.0004919999999999999, 'epoch': 0.0}

  0%|          | 42/60627 [00:32<12:29:36,  1.35it/s]
  0%|          | 43/60627 [00:33<12:28:20,  1.35it/s]
                                                     
{'loss': 8.0726, 'grad_norm': 1.8359375, 'learning_rate': 0.0005039999999999999, 'epoch': 0.0}

  0%|          | 43/60627 [00:33<12:28:20,  1.35it/s]
  0%|          | 44/60627 [00:33<12:27:26,  1.35it/s]
                                                     
{'loss': 7.7433, 'grad_norm': 1.671875, 'learning_rate': 0.000516, 'epoch': 0.0}

  0%|          | 44/60627 [00:33<12:27:26,  1.35it/s]
  0%|          | 45/60627 [00:34<12:27:26,  1.35it/s]{'loss': 7.7911, 'grad_norm': 1.34375, 'learning_rate': 0.0005279999999999999, 'epoch': 0.0}

                                                     

  0%|          | 45/60627 [00:34<12:27:26,  1.35it/s]
  0%|          | 46/60627 [00:35<12:28:54,  1.35it/s]
                                                     
{'loss': 7.7124, 'grad_norm': 1.65625, 'learning_rate': 0.00054, 'epoch': 0.0}

  0%|          | 46/60627 [00:35<12:28:54,  1.35it/s]
  0%|          | 47/60627 [00:35<12:27:40,  1.35it/s]
                                                     
{'loss': 8.0421, 'grad_norm': 1.8828125, 'learning_rate': 0.000552, 'epoch': 0.0}

  0%|          | 47/60627 [00:35<12:27:40,  1.35it/s]
  0%|          | 48/60627 [00:36<12:27:24,  1.35it/s]
                                                     
{'loss': 7.8356, 'grad_norm': 1.5625, 'learning_rate': 0.0005639999999999999, 'epoch': 0.0}

  0%|          | 48/60627 [00:36<12:27:24,  1.35it/s]
  0%|          | 49/60627 [00:37<12:28:53,  1.35it/s]
                                                     
{'loss': 7.9011, 'grad_norm': 3.1875, 'learning_rate': 0.0005759999999999999, 'epoch': 0.0}

  0%|          | 49/60627 [00:37<12:28:53,  1.35it/s]
  0%|          | 50/60627 [00:38<12:28:55,  1.35it/s]
                                                     
{'loss': 7.8149, 'grad_norm': 1.640625, 'learning_rate': 0.000588, 'epoch': 0.0}

  0%|          | 50/60627 [00:38<12:28:55,  1.35it/s]
  0%|          | 51/60627 [00:38<12:29:26,  1.35it/s]
                                                     
{'loss': 7.5906, 'grad_norm': 1.59375, 'learning_rate': 0.0006, 'epoch': 0.0}

  0%|          | 51/60627 [00:38<12:29:26,  1.35it/s]
  0%|          | 52/60627 [00:39<12:28:34,  1.35it/s]
                                                     
{'loss': 7.6602, 'grad_norm': 2.3125, 'learning_rate': 0.0005999900952506726, 'epoch': 0.0}

  0%|          | 52/60627 [00:39<12:28:34,  1.35it/s]
  0%|          | 53/60627 [00:40<12:27:21,  1.35it/s]{'loss': 7.638, 'grad_norm': 2.171875, 'learning_rate': 0.0005999801905013453, 'epoch': 0.0}

                                                     

  0%|          | 53/60627 [00:40<12:27:21,  1.35it/s]
  0%|          | 54/60627 [00:41<12:26:36,  1.35it/s]
                                                     
{'loss': 7.7024, 'grad_norm': 1.90625, 'learning_rate': 0.0005999702857520181, 'epoch': 0.0}

  0%|          | 54/60627 [00:41<12:26:36,  1.35it/s]
  0%|          | 55/60627 [00:41<12:29:08,  1.35it/s]
                                                     
{'loss': 7.6057, 'grad_norm': 1.125, 'learning_rate': 0.0005999603810026907, 'epoch': 0.0}

  0%|          | 55/60627 [00:41<12:29:08,  1.35it/s]
  0%|          | 56/60627 [00:42<12:30:45,  1.34it/s]{'loss': 7.6248, 'grad_norm': 1.5390625, 'learning_rate': 0.0005999504762533634, 'epoch': 0.0}

                                                     

  0%|          | 56/60627 [00:42<12:30:45,  1.34it/s]
  0%|          | 57/60627 [00:43<12:31:13,  1.34it/s]
                                                     
{'loss': 7.9175, 'grad_norm': 1.640625, 'learning_rate': 0.0005999405715040361, 'epoch': 0.0}

  0%|          | 57/60627 [00:43<12:31:13,  1.34it/s]
  0%|          | 58/60627 [00:44<12:29:10,  1.35it/s]
                                                     
{'loss': 7.4568, 'grad_norm': 1.390625, 'learning_rate': 0.0005999306667547088, 'epoch': 0.0}

  0%|          | 58/60627 [00:44<12:29:10,  1.35it/s]
  0%|          | 59/60627 [00:44<12:28:45,  1.35it/s]
                                                     
{'loss': 7.2206, 'grad_norm': 1.9296875, 'learning_rate': 0.0005999207620053815, 'epoch': 0.0}

  0%|          | 59/60627 [00:44<12:28:45,  1.35it/s]
  0%|          | 60/60627 [00:45<12:30:54,  1.34it/s]
                                                     
{'loss': 7.6811, 'grad_norm': 1.1171875, 'learning_rate': 0.0005999108572560543, 'epoch': 0.0}

  0%|          | 60/60627 [00:45<12:30:54,  1.34it/s]
  0%|          | 61/60627 [00:46<12:31:05,  1.34it/s]
                                                     
{'loss': 7.5245, 'grad_norm': 1.75, 'learning_rate': 0.0005999009525067269, 'epoch': 0.0}

  0%|          | 61/60627 [00:46<12:31:05,  1.34it/s]
  0%|          | 62/60627 [00:47<12:30:27,  1.35it/s]
                                                     
{'loss': 7.354, 'grad_norm': 1.4609375, 'learning_rate': 0.0005998910477573996, 'epoch': 0.0}

  0%|          | 62/60627 [00:47<12:30:27,  1.35it/s]
  0%|          | 63/60627 [00:47<12:31:12,  1.34it/s]
                                                     
{'loss': 7.4579, 'grad_norm': 1.8203125, 'learning_rate': 0.0005998811430080723, 'epoch': 0.0}

  0%|          | 63/60627 [00:47<12:31:12,  1.34it/s]
  0%|          | 64/60627 [00:48<12:31:15,  1.34it/s]
                                                     
{'loss': 7.7071, 'grad_norm': 1.375, 'learning_rate': 0.0005998712382587451, 'epoch': 0.0}

  0%|          | 64/60627 [00:48<12:31:15,  1.34it/s]
  0%|          | 65/60627 [00:49<12:31:48,  1.34it/s]
                                                     
{'loss': 7.3565, 'grad_norm': 1.2890625, 'learning_rate': 0.0005998613335094177, 'epoch': 0.0}

  0%|          | 65/60627 [00:49<12:31:48,  1.34it/s]
  0%|          | 66/60627 [00:50<12:28:34,  1.35it/s]
                                                     
{'loss': 7.353, 'grad_norm': 1.5390625, 'learning_rate': 0.0005998514287600904, 'epoch': 0.0}

  0%|          | 66/60627 [00:50<12:28:34,  1.35it/s]
  0%|          | 67/60627 [00:50<12:28:05,  1.35it/s]
                                                     
{'loss': 7.3478, 'grad_norm': 1.5, 'learning_rate': 0.0005998415240107631, 'epoch': 0.0}

  0%|          | 67/60627 [00:50<12:28:05,  1.35it/s]
  0%|          | 68/60627 [00:51<12:27:14,  1.35it/s]
                                                     
{'loss': 7.2988, 'grad_norm': 1.25, 'learning_rate': 0.0005998316192614359, 'epoch': 0.0}

  0%|          | 68/60627 [00:51<12:27:14,  1.35it/s]
  0%|          | 69/60627 [00:52<12:29:48,  1.35it/s]
                                                     
{'loss': 7.6578, 'grad_norm': 2.5625, 'learning_rate': 0.0005998217145121085, 'epoch': 0.0}

  0%|          | 69/60627 [00:52<12:29:48,  1.35it/s]
  0%|          | 70/60627 [00:53<12:28:42,  1.35it/s]
                                                     
{'loss': 7.4265, 'grad_norm': 1.4609375, 'learning_rate': 0.0005998118097627813, 'epoch': 0.0}

  0%|          | 70/60627 [00:53<12:28:42,  1.35it/s]
  0%|          | 71/60627 [00:53<12:30:23,  1.34it/s]
                                                     
{'loss': 7.3275, 'grad_norm': 1.4453125, 'learning_rate': 0.0005998019050134539, 'epoch': 0.0}

  0%|          | 71/60627 [00:53<12:30:23,  1.34it/s]
  0%|          | 72/60627 [00:54<12:29:43,  1.35it/s]
                                                     
{'loss': 7.309, 'grad_norm': 1.3515625, 'learning_rate': 0.0005997920002641265, 'epoch': 0.0}

  0%|          | 72/60627 [00:54<12:29:43,  1.35it/s]
  0%|          | 73/60627 [00:55<12:31:10,  1.34it/s]
                                                     
{'loss': 7.407, 'grad_norm': 1.1796875, 'learning_rate': 0.0005997820955147993, 'epoch': 0.0}

  0%|          | 73/60627 [00:55<12:31:10,  1.34it/s]
  0%|          | 74/60627 [00:56<12:32:06,  1.34it/s]
                                                     
{'loss': 7.219, 'grad_norm': 1.484375, 'learning_rate': 0.000599772190765472, 'epoch': 0.0}

  0%|          | 74/60627 [00:56<12:32:06,  1.34it/s]
  0%|          | 75/60627 [00:56<12:31:09,  1.34it/s]
                                                     
{'loss': 7.1696, 'grad_norm': 1.765625, 'learning_rate': 0.0005997622860161447, 'epoch': 0.0}

  0%|          | 75/60627 [00:56<12:31:09,  1.34it/s]
  0%|          | 76/60627 [00:57<12:29:45,  1.35it/s]
                                                     
{'loss': 6.8694, 'grad_norm': 1.21875, 'learning_rate': 0.0005997523812668173, 'epoch': 0.0}

  0%|          | 76/60627 [00:57<12:29:45,  1.35it/s]
  0%|          | 77/60627 [00:58<12:27:22,  1.35it/s]{'loss': 7.1795, 'grad_norm': 1.1484375, 'learning_rate': 0.0005997424765174901, 'epoch': 0.0}

                                                     

  0%|          | 77/60627 [00:58<12:27:22,  1.35it/s]
  0%|          | 78/60627 [00:59<12:32:24,  1.34it/s]
                                                     
{'loss': 7.1938, 'grad_norm': 1.2578125, 'learning_rate': 0.0005997325717681628, 'epoch': 0.0}

  0%|          | 78/60627 [00:59<12:32:24,  1.34it/s]
  0%|          | 79/60627 [00:59<12:30:54,  1.34it/s]
                                                     
{'loss': 6.9925, 'grad_norm': 1.3671875, 'learning_rate': 0.0005997226670188355, 'epoch': 0.0}

  0%|          | 79/60627 [00:59<12:30:54,  1.34it/s]
  0%|          | 80/60627 [01:00<12:33:47,  1.34it/s]
                                                     
{'loss': 7.1841, 'grad_norm': 1.0546875, 'learning_rate': 0.0005997127622695082, 'epoch': 0.0}

  0%|          | 80/60627 [01:00<12:33:47,  1.34it/s]
  0%|          | 81/60627 [01:01<12:33:47,  1.34it/s]
                                                     
{'loss': 7.2274, 'grad_norm': 1.21875, 'learning_rate': 0.0005997028575201809, 'epoch': 0.0}

  0%|          | 81/60627 [01:01<12:33:47,  1.34it/s]
  0%|          | 82/60627 [01:02<12:34:53,  1.34it/s]
                                                     
{'loss': 7.0025, 'grad_norm': 0.94921875, 'learning_rate': 0.0005996929527708535, 'epoch': 0.0}

  0%|          | 82/60627 [01:02<12:34:53,  1.34it/s]
  0%|          | 83/60627 [01:02<12:33:14,  1.34it/s]
                                                     
{'loss': 7.1672, 'grad_norm': 1.6953125, 'learning_rate': 0.0005996830480215263, 'epoch': 0.0}

  0%|          | 83/60627 [01:02<12:33:14,  1.34it/s]
  0%|          | 84/60627 [01:03<12:34:22,  1.34it/s]
                                                     
{'loss': 7.1, 'grad_norm': 1.21875, 'learning_rate': 0.000599673143272199, 'epoch': 0.0}

  0%|          | 84/60627 [01:03<12:34:22,  1.34it/s]
  0%|          | 85/60627 [01:04<12:34:26,  1.34it/s]
                                                     
{'loss': 6.972, 'grad_norm': 1.3359375, 'learning_rate': 0.0005996632385228717, 'epoch': 0.0}

  0%|          | 85/60627 [01:04<12:34:26,  1.34it/s]
  0%|          | 86/60627 [01:05<12:37:23,  1.33it/s]
                                                     
{'loss': 7.142, 'grad_norm': 1.1875, 'learning_rate': 0.0005996533337735443, 'epoch': 0.0}

  0%|          | 86/60627 [01:05<12:37:23,  1.33it/s]
  0%|          | 87/60627 [01:05<12:34:26,  1.34it/s]
                                                     
{'loss': 6.9516, 'grad_norm': 1.7734375, 'learning_rate': 0.000599643429024217, 'epoch': 0.0}

  0%|          | 87/60627 [01:05<12:34:26,  1.34it/s]
  0%|          | 88/60627 [01:06<12:34:51,  1.34it/s]
                                                     
{'loss': 6.9942, 'grad_norm': 0.98828125, 'learning_rate': 0.0005996335242748898, 'epoch': 0.0}

  0%|          | 88/60627 [01:06<12:34:51,  1.34it/s]
  0%|          | 89/60627 [01:07<12:35:43,  1.34it/s]
                                                     
{'loss': 6.9453, 'grad_norm': 1.3671875, 'learning_rate': 0.0005996236195255624, 'epoch': 0.0}

  0%|          | 89/60627 [01:07<12:35:43,  1.34it/s]
  0%|          | 90/60627 [01:07<12:34:10,  1.34it/s]
                                                     
{'loss': 6.4738, 'grad_norm': 1.140625, 'learning_rate': 0.0005996137147762352, 'epoch': 0.0}

  0%|          | 90/60627 [01:08<12:34:10,  1.34it/s]
  0%|          | 91/60627 [01:08<12:34:55,  1.34it/s]{'loss': 6.9734, 'grad_norm': 0.97265625, 'learning_rate': 0.0005996038100269078, 'epoch': 0.0}

                                                     

  0%|          | 91/60627 [01:08<12:34:55,  1.34it/s]
  0%|          | 92/60627 [01:09<12:35:10,  1.34it/s]
                                                     
{'loss': 6.6821, 'grad_norm': 1.3515625, 'learning_rate': 0.0005995939052775806, 'epoch': 0.0}

  0%|          | 92/60627 [01:09<12:35:10,  1.34it/s]
  0%|          | 93/60627 [01:10<12:34:37,  1.34it/s]
                                                     
{'loss': 6.8654, 'grad_norm': 0.93359375, 'learning_rate': 0.0005995840005282532, 'epoch': 0.0}

  0%|          | 93/60627 [01:10<12:34:37,  1.34it/s]
  0%|          | 94/60627 [01:10<12:34:53,  1.34it/s]
                                                     
{'loss': 6.4658, 'grad_norm': 1.0234375, 'learning_rate': 0.000599574095778926, 'epoch': 0.0}

  0%|          | 94/60627 [01:10<12:34:53,  1.34it/s]
  0%|          | 95/60627 [01:11<12:33:43,  1.34it/s]
                                                     
{'loss': 6.7608, 'grad_norm': 1.203125, 'learning_rate': 0.0005995641910295986, 'epoch': 0.0}

  0%|          | 95/60627 [01:11<12:33:43,  1.34it/s]
  0%|          | 96/60627 [01:12<12:29:29,  1.35it/s]
                                                     
{'loss': 6.5677, 'grad_norm': 1.3515625, 'learning_rate': 0.0005995542862802713, 'epoch': 0.0}

  0%|          | 96/60627 [01:12<12:29:29,  1.35it/s]
  0%|          | 97/60627 [01:13<12:28:20,  1.35it/s]
                                                     
{'loss': 6.7729, 'grad_norm': 1.09375, 'learning_rate': 0.000599544381530944, 'epoch': 0.0}

  0%|          | 97/60627 [01:13<12:28:20,  1.35it/s]
  0%|          | 98/60627 [01:13<12:28:37,  1.35it/s]
                                                     
{'loss': 6.7964, 'grad_norm': 1.125, 'learning_rate': 0.0005995344767816168, 'epoch': 0.0}

  0%|          | 98/60627 [01:13<12:28:37,  1.35it/s]
  0%|          | 99/60627 [01:14<12:30:14,  1.34it/s]{'loss': 6.754, 'grad_norm': 1.046875, 'learning_rate': 0.0005995245720322894, 'epoch': 0.0}

                                                     

  0%|          | 99/60627 [01:14<12:30:14,  1.34it/s]
  0%|          | 100/60627 [01:15<12:29:00,  1.35it/s]
                                                      
{'loss': 6.2734, 'grad_norm': 1.28125, 'learning_rate': 0.0005995146672829621, 'epoch': 0.0}

  0%|          | 100/60627 [01:15<12:29:00,  1.35it/s]

  0%|          | 0/157 [00:00<?, ?it/s][A

  1%|▏         | 2/157 [00:00<00:19,  7.84it/s][A

  2%|▏         | 3/157 [00:00<00:28,  5.48it/s][A

  3%|▎         | 4/157 [00:00<00:32,  4.73it/s][A

  3%|▎         | 5/157 [00:01<00:34,  4.37it/s][A

  4%|▍         | 6/157 [00:01<00:36,  4.19it/s][A

  4%|▍         | 7/157 [00:01<00:36,  4.10it/s][A

  5%|▌         | 8/157 [00:01<00:37,  4.02it/s][A

  6%|▌         | 9/157 [00:02<00:37,  3.97it/s][A

  6%|▋         | 10/157 [00:02<00:37,  3.93it/s][A

  7%|▋         | 11/157 [00:02<00:37,  3.91it/s][A

  8%|▊         | 12/157 [00:02<00:37,  3.88it/s][A

  8%|▊         | 13/157 [00:03<00:37,  3.87it/s][A

  9%|▉         | 14/157 [00:03<00:36,  3.90it/s][A

 10%|▉         | 15/157 [00:03<00:36,  3.88it/s][A

 10%|█         | 16/157 [00:03<00:36,  3.87it/s][A

 11%|█         | 17/157 [00:04<00:36,  3.86it/s][A

 11%|█▏        | 18/157 [00:04<00:36,  3.85it/s][A

 12%|█▏        | 19/157 [00:04<00:35,  3.85it/s][A

 13%|█▎        | 20/157 [00:04<00:35,  3.88it/s][A

 13%|█▎        | 21/157 [00:05<00:35,  3.86it/s][A

 14%|█▍        | 22/157 [00:05<00:34,  3.87it/s][A

 15%|█▍        | 23/157 [00:05<00:34,  3.87it/s][A

 15%|█▌        | 24/157 [00:05<00:34,  3.87it/s][A

 16%|█▌        | 25/157 [00:06<00:34,  3.86it/s][A

 17%|█▋        | 26/157 [00:06<00:33,  3.86it/s][A

 17%|█▋        | 27/157 [00:06<00:33,  3.86it/s][A

 18%|█▊        | 28/157 [00:06<00:33,  3.86it/s][A

 18%|█▊        | 29/157 [00:07<00:33,  3.86it/s][A

 19%|█▉        | 30/157 [00:07<00:32,  3.86it/s][A

 20%|█▉        | 31/157 [00:07<00:32,  3.86it/s][A

 20%|██        | 32/157 [00:08<00:32,  3.86it/s][A

 21%|██        | 33/157 [00:08<00:32,  3.86it/s][A

 22%|██▏       | 34/157 [00:08<00:31,  3.84it/s][A

 22%|██▏       | 35/157 [00:08<00:31,  3.84it/s][A

 23%|██▎       | 36/157 [00:09<00:31,  3.84it/s][A

 24%|██▎       | 37/157 [00:09<00:31,  3.83it/s][A

 24%|██▍       | 38/157 [00:09<00:31,  3.83it/s][A

 25%|██▍       | 39/157 [00:09<00:30,  3.83it/s][A

 25%|██▌       | 40/157 [00:10<00:30,  3.84it/s][A

 26%|██▌       | 41/157 [00:10<00:30,  3.84it/s][A

 27%|██▋       | 42/157 [00:10<00:29,  3.84it/s][A

 27%|██▋       | 43/157 [00:10<00:29,  3.83it/s][A

 28%|██▊       | 44/157 [00:11<00:29,  3.83it/s][A

 29%|██▊       | 45/157 [00:11<00:28,  3.86it/s][A

 29%|██▉       | 46/157 [00:11<00:28,  3.85it/s][A

 30%|██▉       | 47/157 [00:11<00:28,  3.85it/s][A

 31%|███       | 48/157 [00:12<00:28,  3.88it/s][A

 31%|███       | 49/157 [00:12<00:27,  3.90it/s][A

 32%|███▏      | 50/157 [00:12<00:27,  3.92it/s][A

 32%|███▏      | 51/157 [00:12<00:27,  3.92it/s][A

 33%|███▎      | 52/157 [00:13<00:26,  3.90it/s][A

 34%|███▍      | 53/157 [00:13<00:26,  3.87it/s][A

 34%|███▍      | 54/157 [00:13<00:26,  3.87it/s][A

 35%|███▌      | 55/157 [00:13<00:26,  3.86it/s][A

 36%|███▌      | 56/157 [00:14<00:26,  3.86it/s][A

 36%|███▋      | 57/157 [00:14<00:25,  3.87it/s][A

 37%|███▋      | 58/157 [00:14<00:25,  3.87it/s][A

 38%|███▊      | 59/157 [00:15<00:25,  3.86it/s][A

 38%|███▊      | 60/157 [00:15<00:25,  3.87it/s][A

 39%|███▉      | 61/157 [00:15<00:24,  3.87it/s][A

 39%|███▉      | 62/157 [00:15<00:24,  3.86it/s][A

 40%|████      | 63/157 [00:16<00:24,  3.85it/s][A

 41%|████      | 64/157 [00:16<00:24,  3.85it/s][A

 41%|████▏     | 65/157 [00:16<00:23,  3.85it/s][A

 42%|████▏     | 66/157 [00:16<00:23,  3.85it/s][A

 43%|████▎     | 67/157 [00:17<00:23,  3.85it/s][A

 43%|████▎     | 68/157 [00:17<00:22,  3.88it/s][A

 44%|████▍     | 69/157 [00:17<00:22,  3.86it/s][A

 45%|████▍     | 70/157 [00:17<00:22,  3.85it/s][A

 45%|████▌     | 71/157 [00:18<00:22,  3.84it/s][A

 46%|████▌     | 72/157 [00:18<00:22,  3.84it/s][A

 46%|████▋     | 73/157 [00:18<00:21,  3.86it/s][A

 47%|████▋     | 74/157 [00:18<00:21,  3.88it/s][A

 48%|████▊     | 75/157 [00:19<00:21,  3.90it/s][A

 48%|████▊     | 76/157 [00:19<00:20,  3.90it/s][A

 49%|████▉     | 77/157 [00:19<00:20,  3.92it/s][A

 50%|████▉     | 78/157 [00:19<00:20,  3.93it/s][A

 50%|█████     | 79/157 [00:20<00:19,  3.94it/s][A

 51%|█████     | 80/157 [00:20<00:19,  3.94it/s][A

 52%|█████▏    | 81/157 [00:20<00:19,  3.94it/s][A

 52%|█████▏    | 82/157 [00:20<00:19,  3.95it/s][A

 53%|█████▎    | 83/157 [00:21<00:18,  3.95it/s][A

 54%|█████▎    | 84/157 [00:21<00:18,  3.94it/s][A

 54%|█████▍    | 85/157 [00:21<00:18,  3.91it/s][A

 55%|█████▍    | 86/157 [00:21<00:18,  3.90it/s][A

 55%|█████▌    | 87/157 [00:22<00:17,  3.92it/s][A

 56%|█████▌    | 88/157 [00:22<00:17,  3.90it/s][A

 57%|█████▋    | 89/157 [00:22<00:17,  3.88it/s][A

 57%|█████▋    | 90/157 [00:22<00:17,  3.87it/s][A

 58%|█████▊    | 91/157 [00:23<00:17,  3.86it/s][A

 59%|█████▊    | 92/157 [00:23<00:16,  3.87it/s][A

 59%|█████▉    | 93/157 [00:23<00:16,  3.87it/s][A

 60%|█████▉    | 94/157 [00:24<00:16,  3.88it/s][A

 61%|██████    | 95/157 [00:24<00:15,  3.90it/s][A

 61%|██████    | 96/157 [00:24<00:15,  3.92it/s][A

 62%|██████▏   | 97/157 [00:24<00:15,  3.93it/s][A

 62%|██████▏   | 98/157 [00:25<00:14,  3.94it/s][A

 63%|██████▎   | 99/157 [00:25<00:14,  3.96it/s][A

 64%|██████▎   | 100/157 [00:25<00:14,  3.98it/s][A

 64%|██████▍   | 101/157 [00:25<00:14,  3.98it/s][A

 65%|██████▍   | 102/157 [00:26<00:13,  3.99it/s][A

 66%|██████▌   | 103/157 [00:26<00:13,  4.00it/s][A

 66%|██████▌   | 104/157 [00:26<00:13,  4.01it/s][A

 67%|██████▋   | 105/157 [00:26<00:12,  4.02it/s][A

 68%|██████▊   | 106/157 [00:27<00:12,  4.00it/s][A

 68%|██████▊   | 107/157 [00:27<00:12,  3.99it/s][A

 69%|██████▉   | 108/157 [00:27<00:12,  3.98it/s][A

 69%|██████▉   | 109/157 [00:27<00:12,  3.97it/s][A

 70%|███████   | 110/157 [00:28<00:11,  3.98it/s][A

 71%|███████   | 111/157 [00:28<00:11,  4.01it/s][A

 71%|███████▏  | 112/157 [00:28<00:11,  4.01it/s][A

 72%|███████▏  | 113/157 [00:28<00:10,  4.03it/s][A

 73%|███████▎  | 114/157 [00:29<00:10,  4.04it/s][A

 73%|███████▎  | 115/157 [00:29<00:10,  4.04it/s][A

 74%|███████▍  | 116/157 [00:29<00:10,  4.03it/s][A

 75%|███████▍  | 117/157 [00:29<00:09,  4.04it/s][A

 75%|███████▌  | 118/157 [00:30<00:09,  4.05it/s][A

 76%|███████▌  | 119/157 [00:30<00:09,  4.05it/s][A

 76%|███████▋  | 120/157 [00:30<00:09,  4.06it/s][A

 77%|███████▋  | 121/157 [00:30<00:08,  4.06it/s][A

 78%|███████▊  | 122/157 [00:30<00:08,  4.06it/s][A

 78%|███████▊  | 123/157 [00:31<00:08,  4.07it/s][A

 79%|███████▉  | 124/157 [00:31<00:08,  4.07it/s][A

 80%|███████▉  | 125/157 [00:31<00:07,  4.08it/s][A

 80%|████████  | 126/157 [00:31<00:07,  4.09it/s][A

 81%|████████  | 127/157 [00:32<00:07,  4.09it/s][A

 82%|████████▏ | 128/157 [00:32<00:07,  4.06it/s][A

 82%|████████▏ | 129/157 [00:32<00:06,  4.03it/s][A

 83%|████████▎ | 130/157 [00:32<00:06,  4.00it/s][A

 83%|████████▎ | 131/157 [00:33<00:06,  3.95it/s][A

 84%|████████▍ | 132/157 [00:33<00:06,  3.91it/s][A

 85%|████████▍ | 133/157 [00:33<00:06,  3.89it/s][A

 85%|████████▌ | 134/157 [00:34<00:05,  3.89it/s][A

 86%|████████▌ | 135/157 [00:34<00:05,  3.87it/s][A

 87%|████████▋ | 136/157 [00:34<00:05,  3.86it/s][A

 87%|████████▋ | 137/157 [00:34<00:05,  3.86it/s][A

 88%|████████▊ | 138/157 [00:35<00:04,  3.89it/s][A

 89%|████████▊ | 139/157 [00:35<00:04,  3.89it/s][A

 89%|████████▉ | 140/157 [00:35<00:04,  3.88it/s][A

 90%|████████▉ | 141/157 [00:35<00:04,  3.86it/s][A

 90%|█████████ | 142/157 [00:36<00:03,  3.86it/s][A

 91%|█████████ | 143/157 [00:36<00:03,  3.87it/s][A

 92%|█████████▏| 144/157 [00:36<00:03,  3.89it/s][A

 92%|█████████▏| 145/157 [00:36<00:03,  3.88it/s][A

 93%|█████████▎| 146/157 [00:37<00:02,  3.88it/s][A

 94%|█████████▎| 147/157 [00:37<00:02,  3.87it/s][A

 94%|█████████▍| 148/157 [00:37<00:02,  3.86it/s][A

 95%|█████████▍| 149/157 [00:37<00:02,  3.85it/s][A

 96%|█████████▌| 150/157 [00:38<00:01,  3.85it/s][A

 96%|█████████▌| 151/157 [00:38<00:01,  3.86it/s][A

 97%|█████████▋| 152/157 [00:38<00:01,  3.88it/s][A

 97%|█████████▋| 153/157 [00:38<00:01,  3.88it/s][A

 98%|█████████▊| 154/157 [00:39<00:00,  3.87it/s][A

 99%|█████████▊| 155/157 [00:39<00:00,  3.86it/s][A

 99%|█████████▉| 156/157 [00:39<00:00,  3.86it/s][A

100%|██████████| 157/157 [00:39<00:00,  4.24it/s][A
                                                      

                                                 
[A{'eval_loss': 7.129556179046631, 'eval_runtime': 40.2664, 'eval_samples_per_second': 124.173, 'eval_steps_per_second': 3.899, 'epoch': 0.0}

  0%|          | 100/60627 [01:55<12:29:00,  1.35it/s]

100%|██████████| 157/157 [00:39<00:00,  4.24it/s][A

                                                 [A
  0%|          | 101/60627 [01:58<226:58:33, 13.50s/it]
                                                       
{'loss': 7.0595, 'grad_norm': 1.2734375, 'learning_rate': 0.0005995047625336348, 'epoch': 0.0}

  0%|          | 101/60627 [01:58<226:58:33, 13.50s/it]
  0%|          | 102/60627 [01:59<162:39:38,  9.67s/it]
                                                       
{'loss': 6.6703, 'grad_norm': 1.046875, 'learning_rate': 0.0005994948577843076, 'epoch': 0.0}

  0%|          | 102/60627 [01:59<162:39:38,  9.67s/it]
  0%|          | 103/60627 [02:00<117:35:27,  6.99s/it]{'loss': 6.7015, 'grad_norm': 1.109375, 'learning_rate': 0.0005994849530349802, 'epoch': 0.0}

                                                       

  0%|          | 103/60627 [02:00<117:35:27,  6.99s/it]
  0%|          | 104/60627 [02:00<86:06:02,  5.12s/it] 
                                                      
{'loss': 6.6966, 'grad_norm': 1.09375, 'learning_rate': 0.000599475048285653, 'epoch': 0.0}

  0%|          | 104/60627 [02:00<86:06:02,  5.12s/it]
  0%|          | 105/60627 [02:01<64:01:49,  3.81s/it]
                                                      
{'loss': 6.4295, 'grad_norm': 1.0546875, 'learning_rate': 0.0005994651435363256, 'epoch': 0.0}

  0%|          | 105/60627 [02:01<64:01:49,  3.81s/it]
  0%|          | 106/60627 [02:02<48:33:45,  2.89s/it]
                                                      
{'loss': 6.732, 'grad_norm': 1.109375, 'learning_rate': 0.0005994552387869982, 'epoch': 0.0}

  0%|          | 106/60627 [02:02<48:33:45,  2.89s/it]
  0%|          | 107/60627 [02:03<37:46:47,  2.25s/it]
                                                      
{'loss': 6.8176, 'grad_norm': 1.3984375, 'learning_rate': 0.000599445334037671, 'epoch': 0.0}

  0%|          | 107/60627 [02:03<37:46:47,  2.25s/it]
  0%|          | 108/60627 [02:03<30:12:46,  1.80s/it]
                                                      
{'loss': 6.7427, 'grad_norm': 1.0546875, 'learning_rate': 0.0005994354292883437, 'epoch': 0.0}

  0%|          | 108/60627 [02:03<30:12:46,  1.80s/it]
  0%|          | 109/60627 [02:04<24:53:04,  1.48s/it]
                                                      
{'loss': 6.5078, 'grad_norm': 1.1015625, 'learning_rate': 0.0005994255245390164, 'epoch': 0.0}

  0%|          | 109/60627 [02:04<24:53:04,  1.48s/it]
  0%|          | 110/60627 [02:05<21:09:51,  1.26s/it]{'loss': 6.701, 'grad_norm': 1.0390625, 'learning_rate': 0.000599415619789689, 'epoch': 0.0}

                                                      

  0%|          | 110/60627 [02:05<21:09:51,  1.26s/it]
  0%|          | 111/60627 [02:06<18:33:06,  1.10s/it]
                                                      
{'loss': 6.6604, 'grad_norm': 1.0859375, 'learning_rate': 0.0005994057150403618, 'epoch': 0.0}

  0%|          | 111/60627 [02:06<18:33:06,  1.10s/it]
  0%|          | 112/60627 [02:06<16:45:44,  1.00it/s]
                                                      
{'loss': 6.5879, 'grad_norm': 1.125, 'learning_rate': 0.0005993958102910345, 'epoch': 0.0}

  0%|          | 112/60627 [02:06<16:45:44,  1.00it/s]
  0%|          | 113/60627 [02:07<15:29:17,  1.09it/s]{'loss': 6.2551, 'grad_norm': 1.40625, 'learning_rate': 0.0005993859055417072, 'epoch': 0.0}

                                                      

  0%|          | 113/60627 [02:07<15:29:17,  1.09it/s]
  0%|          | 114/60627 [02:08<14:35:06,  1.15it/s]
                                                      
{'loss': 6.4995, 'grad_norm': 0.984375, 'learning_rate': 0.0005993760007923799, 'epoch': 0.0}

  0%|          | 114/60627 [02:08<14:35:06,  1.15it/s]
  0%|          | 115/60627 [02:09<13:58:01,  1.20it/s]
                                                      
{'loss': 6.4028, 'grad_norm': 1.1953125, 'learning_rate': 0.0005993660960430526, 'epoch': 0.0}

  0%|          | 115/60627 [02:09<13:58:01,  1.20it/s]
  0%|          | 116/60627 [02:09<13:34:16,  1.24it/s]
                                                      
{'loss': 6.4759, 'grad_norm': 0.9140625, 'learning_rate': 0.0005993561912937253, 'epoch': 0.0}

  0%|          | 116/60627 [02:09<13:34:16,  1.24it/s]
  0%|          | 117/60627 [02:10<13:16:08,  1.27it/s]
                                                      
{'loss': 6.5566, 'grad_norm': 1.0, 'learning_rate': 0.000599346286544398, 'epoch': 0.0}

  0%|          | 117/60627 [02:10<13:16:08,  1.27it/s]
  0%|          | 118/60627 [02:11<13:00:53,  1.29it/s]
                                                      
{'loss': 6.6513, 'grad_norm': 1.0234375, 'learning_rate': 0.0005993363817950707, 'epoch': 0.0}

  0%|          | 118/60627 [02:11<13:00:53,  1.29it/s]
  0%|          | 119/60627 [02:12<12:54:10,  1.30it/s]{'loss': 6.8279, 'grad_norm': 1.0, 'learning_rate': 0.0005993264770457434, 'epoch': 0.0}

                                                      

  0%|          | 119/60627 [02:12<12:54:10,  1.30it/s]
  0%|          | 120/60627 [02:12<12:50:10,  1.31it/s]{'loss': 6.6755, 'grad_norm': 0.94921875, 'learning_rate': 0.000599316572296416, 'epoch': 0.0}

                                                      

  0%|          | 120/60627 [02:12<12:50:10,  1.31it/s]
  0%|          | 121/60627 [02:13<12:42:19,  1.32it/s]
                                                      
{'loss': 6.4188, 'grad_norm': 1.1171875, 'learning_rate': 0.0005993066675470888, 'epoch': 0.0}

  0%|          | 121/60627 [02:13<12:42:19,  1.32it/s]
  0%|          | 122/60627 [02:14<12:40:48,  1.33it/s]
                                                      
{'loss': 6.4837, 'grad_norm': 1.1640625, 'learning_rate': 0.0005992967627977615, 'epoch': 0.0}

  0%|          | 122/60627 [02:14<12:40:48,  1.33it/s]
  0%|          | 123/60627 [02:15<12:37:07,  1.33it/s]
                                                      
{'loss': 6.2072, 'grad_norm': 0.86328125, 'learning_rate': 0.0005992868580484342, 'epoch': 0.0}

  0%|          | 123/60627 [02:15<12:37:07,  1.33it/s]
  0%|          | 124/60627 [02:15<12:38:45,  1.33it/s]
                                                      
{'loss': 6.6264, 'grad_norm': 1.15625, 'learning_rate': 0.0005992769532991069, 'epoch': 0.0}

  0%|          | 124/60627 [02:15<12:38:45,  1.33it/s]
  0%|          | 125/60627 [02:16<12:36:43,  1.33it/s]
                                                      
{'loss': 6.2552, 'grad_norm': 0.921875, 'learning_rate': 0.0005992670485497795, 'epoch': 0.0}

  0%|          | 125/60627 [02:16<12:36:43,  1.33it/s]
  0%|          | 126/60627 [02:17<12:37:08,  1.33it/s]
                                                      
{'loss': 6.3887, 'grad_norm': 1.03125, 'learning_rate': 0.0005992571438004523, 'epoch': 0.0}

  0%|          | 126/60627 [02:17<12:37:08,  1.33it/s]
  0%|          | 127/60627 [02:18<12:35:15,  1.34it/s]{'loss': 6.3648, 'grad_norm': 0.8984375, 'learning_rate': 0.0005992472390511249, 'epoch': 0.0}

                                                      

  0%|          | 127/60627 [02:18<12:35:15,  1.34it/s]
  0%|          | 128/60627 [02:18<12:36:13,  1.33it/s]{'loss': 6.2804, 'grad_norm': 0.88671875, 'learning_rate': 0.0005992373343017977, 'epoch': 0.0}

                                                      

  0%|          | 128/60627 [02:18<12:36:13,  1.33it/s]
  0%|          | 129/60627 [02:19<12:36:36,  1.33it/s]{'loss': 6.5485, 'grad_norm': 1.34375, 'learning_rate': 0.0005992274295524703, 'epoch': 0.0}

                                                      

  0%|          | 129/60627 [02:19<12:36:36,  1.33it/s]
  0%|          | 130/60627 [02:20<12:35:54,  1.33it/s]
                                                      
{'loss': 6.3703, 'grad_norm': 0.99609375, 'learning_rate': 0.000599217524803143, 'epoch': 0.0}

  0%|          | 130/60627 [02:20<12:35:54,  1.33it/s]
  0%|          | 131/60627 [02:21<12:34:35,  1.34it/s]
                                                      
{'loss': 6.5084, 'grad_norm': 1.3828125, 'learning_rate': 0.0005992076200538157, 'epoch': 0.0}

  0%|          | 131/60627 [02:21<12:34:35,  1.34it/s]
  0%|          | 132/60627 [02:21<12:33:02,  1.34it/s]
                                                      
{'loss': 5.9886, 'grad_norm': 1.0859375, 'learning_rate': 0.0005991977153044885, 'epoch': 0.0}

  0%|          | 132/60627 [02:21<12:33:02,  1.34it/s]
  0%|          | 133/60627 [02:22<12:34:26,  1.34it/s]
                                                      
{'loss': 6.1373, 'grad_norm': 1.0546875, 'learning_rate': 0.0005991878105551611, 'epoch': 0.0}

  0%|          | 133/60627 [02:22<12:34:26,  1.34it/s]
  0%|          | 134/60627 [02:23<12:32:25,  1.34it/s]{'loss': 6.1876, 'grad_norm': 1.1953125, 'learning_rate': 0.0005991779058058339, 'epoch': 0.0}

                                                      

  0%|          | 134/60627 [02:23<12:32:25,  1.34it/s]
  0%|          | 135/60627 [02:24<12:34:40,  1.34it/s]
                                                      
{'loss': 6.2973, 'grad_norm': 0.890625, 'learning_rate': 0.0005991680010565066, 'epoch': 0.0}

  0%|          | 135/60627 [02:24<12:34:40,  1.34it/s]
  0%|          | 136/60627 [02:24<12:37:52,  1.33it/s]
                                                      
{'loss': 6.469, 'grad_norm': 0.96875, 'learning_rate': 0.0005991580963071793, 'epoch': 0.0}

  0%|          | 136/60627 [02:24<12:37:52,  1.33it/s]
  0%|          | 137/60627 [02:25<12:36:33,  1.33it/s]
                                                      
{'loss': 6.1132, 'grad_norm': 0.9609375, 'learning_rate': 0.0005991481915578519, 'epoch': 0.0}

  0%|          | 137/60627 [02:25<12:36:33,  1.33it/s]
  0%|          | 138/60627 [02:26<12:35:48,  1.33it/s]
                                                      
{'loss': 6.0875, 'grad_norm': 0.85546875, 'learning_rate': 0.0005991382868085247, 'epoch': 0.0}

  0%|          | 138/60627 [02:26<12:35:48,  1.33it/s]
  0%|          | 139/60627 [02:27<12:34:01,  1.34it/s]
                                                      
{'loss': 6.0451, 'grad_norm': 1.109375, 'learning_rate': 0.0005991283820591973, 'epoch': 0.0}

  0%|          | 139/60627 [02:27<12:34:01,  1.34it/s]
  0%|          | 140/60627 [02:27<12:31:40,  1.34it/s]
                                                      
{'loss': 6.2759, 'grad_norm': 0.828125, 'learning_rate': 0.0005991184773098701, 'epoch': 0.0}

  0%|          | 140/60627 [02:27<12:31:40,  1.34it/s]
  0%|          | 141/60627 [02:28<12:32:56,  1.34it/s]
                                                      
{'loss': 6.2766, 'grad_norm': 0.8984375, 'learning_rate': 0.0005991085725605427, 'epoch': 0.0}

  0%|          | 141/60627 [02:28<12:32:56,  1.34it/s]
  0%|          | 142/60627 [02:29<12:32:28,  1.34it/s]
                                                      
{'loss': 6.1154, 'grad_norm': 1.078125, 'learning_rate': 0.0005990986678112155, 'epoch': 0.0}

  0%|          | 142/60627 [02:29<12:32:28,  1.34it/s]
  0%|          | 143/60627 [02:30<12:33:18,  1.34it/s]
                                                      
{'loss': 6.2089, 'grad_norm': 0.84375, 'learning_rate': 0.0005990887630618881, 'epoch': 0.0}

  0%|          | 143/60627 [02:30<12:33:18,  1.34it/s]
  0%|          | 144/60627 [02:30<12:34:42,  1.34it/s]{'loss': 6.1089, 'grad_norm': 1.1328125, 'learning_rate': 0.0005990788583125607, 'epoch': 0.0}

                                                      

  0%|          | 144/60627 [02:30<12:34:42,  1.34it/s]
  0%|          | 145/60627 [02:31<12:37:47,  1.33it/s]
                                                      
{'loss': 6.4948, 'grad_norm': 0.9375, 'learning_rate': 0.0005990689535632335, 'epoch': 0.0}

  0%|          | 145/60627 [02:31<12:37:47,  1.33it/s]
  0%|          | 146/60627 [02:32<12:38:39,  1.33it/s]
                                                      
{'loss': 6.1326, 'grad_norm': 0.89453125, 'learning_rate': 0.0005990590488139062, 'epoch': 0.0}

  0%|          | 146/60627 [02:32<12:38:39,  1.33it/s]
  0%|          | 147/60627 [02:33<12:36:38,  1.33it/s]
                                                      
{'loss': 6.0996, 'grad_norm': 0.9609375, 'learning_rate': 0.0005990491440645789, 'epoch': 0.0}

  0%|          | 147/60627 [02:33<12:36:38,  1.33it/s]
  0%|          | 148/60627 [02:33<12:34:40,  1.34it/s]
                                                      
{'loss': 5.8701, 'grad_norm': 0.94921875, 'learning_rate': 0.0005990392393152516, 'epoch': 0.0}

  0%|          | 148/60627 [02:33<12:34:40,  1.34it/s]
  0%|          | 149/60627 [02:34<12:33:46,  1.34it/s]{'loss': 6.1212, 'grad_norm': 0.84765625, 'learning_rate': 0.0005990293345659243, 'epoch': 0.0}

                                                      

  0%|          | 149/60627 [02:34<12:33:46,  1.34it/s]
  0%|          | 150/60627 [02:35<12:34:01,  1.34it/s]{'loss': 6.1776, 'grad_norm': 0.9921875, 'learning_rate': 0.000599019429816597, 'epoch': 0.0}

                                                      

  0%|          | 150/60627 [02:35<12:34:01,  1.34it/s]
  0%|          | 151/60627 [02:36<12:31:32,  1.34it/s]
                                                      
{'loss': 5.918, 'grad_norm': 1.0625, 'learning_rate': 0.0005990095250672697, 'epoch': 0.0}

  0%|          | 151/60627 [02:36<12:31:32,  1.34it/s]
  0%|          | 152/60627 [02:36<12:34:38,  1.34it/s]{'loss': 6.2037, 'grad_norm': 0.875, 'learning_rate': 0.0005989996203179424, 'epoch': 0.0}

                                                      

  0%|          | 152/60627 [02:36<12:34:38,  1.34it/s]
  0%|          | 153/60627 [02:37<12:35:32,  1.33it/s]
                                                      
{'loss': 6.1709, 'grad_norm': 0.92578125, 'learning_rate': 0.0005989897155686151, 'epoch': 0.0}

  0%|          | 153/60627 [02:37<12:35:32,  1.33it/s]
  0%|          | 154/60627 [02:38<12:37:48,  1.33it/s]
                                                      
{'loss': 5.9959, 'grad_norm': 0.87890625, 'learning_rate': 0.0005989798108192877, 'epoch': 0.0}

  0%|          | 154/60627 [02:38<12:37:48,  1.33it/s]
  0%|          | 155/60627 [02:39<12:36:15,  1.33it/s]
                                                      
{'loss': 6.0856, 'grad_norm': 1.0078125, 'learning_rate': 0.0005989699060699605, 'epoch': 0.0}

  0%|          | 155/60627 [02:39<12:36:15,  1.33it/s]
  0%|          | 156/60627 [02:39<12:32:53,  1.34it/s]
                                                      
{'loss': 6.1996, 'grad_norm': 1.09375, 'learning_rate': 0.0005989600013206332, 'epoch': 0.0}

  0%|          | 156/60627 [02:39<12:32:53,  1.34it/s]
  0%|          | 157/60627 [02:40<12:33:57,  1.34it/s]
                                                      
{'loss': 5.9472, 'grad_norm': 1.0078125, 'learning_rate': 0.0005989500965713059, 'epoch': 0.0}

  0%|          | 157/60627 [02:40<12:33:57,  1.34it/s]
  0%|          | 158/60627 [02:41<12:34:38,  1.34it/s]
                                                      
{'loss': 6.1196, 'grad_norm': 0.96484375, 'learning_rate': 0.0005989401918219786, 'epoch': 0.0}

  0%|          | 158/60627 [02:41<12:34:38,  1.34it/s]
  0%|          | 159/60627 [02:42<12:34:37,  1.34it/s]
                                                      
{'loss': 5.9489, 'grad_norm': 1.2109375, 'learning_rate': 0.0005989302870726514, 'epoch': 0.0}

  0%|          | 159/60627 [02:42<12:34:37,  1.34it/s]
  0%|          | 160/60627 [02:42<12:36:37,  1.33it/s]
                                                      
{'loss': 6.0014, 'grad_norm': 1.1484375, 'learning_rate': 0.000598920382323324, 'epoch': 0.0}

  0%|          | 160/60627 [02:42<12:36:37,  1.33it/s]
  0%|          | 161/60627 [02:43<12:33:12,  1.34it/s]
                                                      
{'loss': 5.9785, 'grad_norm': 1.1640625, 'learning_rate': 0.0005989104775739966, 'epoch': 0.0}

  0%|          | 161/60627 [02:43<12:33:12,  1.34it/s]
  0%|          | 162/60627 [02:44<12:29:56,  1.34it/s]{'loss': 5.8934, 'grad_norm': 1.015625, 'learning_rate': 0.0005989005728246694, 'epoch': 0.0}

                                                      

  0%|          | 162/60627 [02:44<12:29:56,  1.34it/s]
  0%|          | 163/60627 [02:45<12:29:37,  1.34it/s]
                                                      
{'loss': 6.275, 'grad_norm': 0.87890625, 'learning_rate': 0.000598890668075342, 'epoch': 0.0}

  0%|          | 163/60627 [02:45<12:29:37,  1.34it/s]
  0%|          | 164/60627 [02:45<12:30:08,  1.34it/s]
                                                      
{'loss': 5.8229, 'grad_norm': 0.80859375, 'learning_rate': 0.0005988807633260148, 'epoch': 0.0}

  0%|          | 164/60627 [02:45<12:30:08,  1.34it/s]
  0%|          | 165/60627 [02:46<12:33:35,  1.34it/s]{'loss': 6.2202, 'grad_norm': 1.03125, 'learning_rate': 0.0005988708585766874, 'epoch': 0.0}

                                                      

  0%|          | 165/60627 [02:46<12:33:35,  1.34it/s]
  0%|          | 166/60627 [02:47<12:35:17,  1.33it/s]{'loss': 6.1979, 'grad_norm': 0.953125, 'learning_rate': 0.0005988609538273602, 'epoch': 0.0}

                                                      

  0%|          | 166/60627 [02:47<12:35:17,  1.33it/s]
  0%|          | 167/60627 [02:48<12:33:54,  1.34it/s]
                                                      
{'loss': 6.2291, 'grad_norm': 0.953125, 'learning_rate': 0.0005988510490780328, 'epoch': 0.0}

  0%|          | 167/60627 [02:48<12:33:54,  1.34it/s]
  0%|          | 168/60627 [02:48<12:34:58,  1.33it/s]
                                                      
{'loss': 6.0767, 'grad_norm': 1.0859375, 'learning_rate': 0.0005988411443287056, 'epoch': 0.0}

  0%|          | 168/60627 [02:48<12:34:58,  1.33it/s]
  0%|          | 169/60627 [02:49<12:34:31,  1.34it/s]{'loss': 6.075, 'grad_norm': 0.78125, 'learning_rate': 0.0005988312395793783, 'epoch': 0.0}

                                                      

  0%|          | 169/60627 [02:49<12:34:31,  1.34it/s]
  0%|          | 170/60627 [02:50<12:34:52,  1.33it/s]
                                                      
{'loss': 5.6508, 'grad_norm': 0.80859375, 'learning_rate': 0.000598821334830051, 'epoch': 0.0}

  0%|          | 170/60627 [02:50<12:34:52,  1.33it/s]
  0%|          | 171/60627 [02:51<12:35:34,  1.33it/s]
                                                      
{'loss': 6.2164, 'grad_norm': 0.7734375, 'learning_rate': 0.0005988114300807236, 'epoch': 0.0}

  0%|          | 171/60627 [02:51<12:35:34,  1.33it/s]
  0%|          | 172/60627 [02:51<12:38:03,  1.33it/s]
                                                      
{'loss': 6.2046, 'grad_norm': 0.80078125, 'learning_rate': 0.0005988015253313964, 'epoch': 0.0}

  0%|          | 172/60627 [02:51<12:38:03,  1.33it/s]
  0%|          | 173/60627 [02:52<12:39:56,  1.33it/s]{'loss': 5.9211, 'grad_norm': 0.828125, 'learning_rate': 0.000598791620582069, 'epoch': 0.0}

                                                      

  0%|          | 173/60627 [02:52<12:39:56,  1.33it/s]
  0%|          | 174/60627 [02:53<12:38:33,  1.33it/s]
                                                      
{'loss': 6.1355, 'grad_norm': 0.83203125, 'learning_rate': 0.0005987817158327418, 'epoch': 0.0}

  0%|          | 174/60627 [02:53<12:38:33,  1.33it/s]
  0%|          | 175/60627 [02:54<12:39:29,  1.33it/s]{'loss': 5.9846, 'grad_norm': 0.9765625, 'learning_rate': 0.0005987718110834144, 'epoch': 0.0}

                                                      

  0%|          | 175/60627 [02:54<12:39:29,  1.33it/s]
  0%|          | 176/60627 [02:54<12:38:08,  1.33it/s]
                                                      
{'loss': 5.9041, 'grad_norm': 0.859375, 'learning_rate': 0.0005987619063340872, 'epoch': 0.0}

  0%|          | 176/60627 [02:54<12:38:08,  1.33it/s]
  0%|          | 177/60627 [02:55<12:37:59,  1.33it/s]
                                                      
{'loss': 6.4293, 'grad_norm': 0.73828125, 'learning_rate': 0.0005987520015847598, 'epoch': 0.0}

  0%|          | 177/60627 [02:55<12:37:59,  1.33it/s]
  0%|          | 178/60627 [02:56<12:37:33,  1.33it/s]
                                                      
{'loss': 5.4381, 'grad_norm': 0.99609375, 'learning_rate': 0.0005987420968354326, 'epoch': 0.0}

  0%|          | 178/60627 [02:56<12:37:33,  1.33it/s]
  0%|          | 179/60627 [02:57<12:37:15,  1.33it/s]
                                                      
{'loss': 5.7692, 'grad_norm': 0.75, 'learning_rate': 0.0005987321920861053, 'epoch': 0.0}

  0%|          | 179/60627 [02:57<12:37:15,  1.33it/s]
  0%|          | 180/60627 [02:57<12:40:09,  1.33it/s]
                                                      
{'loss': 5.9907, 'grad_norm': 0.98046875, 'learning_rate': 0.000598722287336778, 'epoch': 0.0}

  0%|          | 180/60627 [02:57<12:40:09,  1.33it/s]
  0%|          | 181/60627 [02:58<12:35:47,  1.33it/s]
                                                      
{'loss': 5.7242, 'grad_norm': 0.88671875, 'learning_rate': 0.0005987123825874506, 'epoch': 0.0}

  0%|          | 181/60627 [02:58<12:35:47,  1.33it/s]
  0%|          | 182/60627 [02:59<12:36:56,  1.33it/s]{'loss': 6.3544, 'grad_norm': 0.8515625, 'learning_rate': 0.0005987024778381233, 'epoch': 0.0}

                                                      

  0%|          | 182/60627 [02:59<12:36:56,  1.33it/s]
  0%|          | 183/60627 [03:00<12:36:38,  1.33it/s]{'loss': 5.8857, 'grad_norm': 0.8125, 'learning_rate': 0.0005986925730887961, 'epoch': 0.0}

                                                      

  0%|          | 183/60627 [03:00<12:36:38,  1.33it/s]
  0%|          | 184/60627 [03:00<12:36:56,  1.33it/s]
                                                      
{'loss': 5.8607, 'grad_norm': 0.80078125, 'learning_rate': 0.0005986826683394687, 'epoch': 0.0}

  0%|          | 184/60627 [03:00<12:36:56,  1.33it/s]
  0%|          | 185/60627 [03:01<12:35:53,  1.33it/s]
                                                      
{'loss': 5.7843, 'grad_norm': 0.8359375, 'learning_rate': 0.0005986727635901414, 'epoch': 0.0}

  0%|          | 185/60627 [03:01<12:35:53,  1.33it/s]
  0%|          | 186/60627 [03:02<12:35:01,  1.33it/s]
                                                      
{'loss': 5.8378, 'grad_norm': 0.953125, 'learning_rate': 0.0005986628588408141, 'epoch': 0.0}

  0%|          | 186/60627 [03:02<12:35:01,  1.33it/s]
  0%|          | 187/60627 [03:03<12:32:58,  1.34it/s]{'loss': 5.8176, 'grad_norm': 0.890625, 'learning_rate': 0.0005986529540914868, 'epoch': 0.0}

                                                      

  0%|          | 187/60627 [03:03<12:32:58,  1.34it/s]
  0%|          | 188/60627 [03:03<12:37:15,  1.33it/s]
                                                      
{'loss': 6.0931, 'grad_norm': 0.78125, 'learning_rate': 0.0005986430493421595, 'epoch': 0.0}

  0%|          | 188/60627 [03:03<12:37:15,  1.33it/s]
  0%|          | 189/60627 [03:04<12:36:36,  1.33it/s]
                                                      
{'loss': 5.8399, 'grad_norm': 0.95703125, 'learning_rate': 0.0005986331445928322, 'epoch': 0.0}

  0%|          | 189/60627 [03:04<12:36:36,  1.33it/s]
  0%|          | 190/60627 [03:05<12:36:01,  1.33it/s]
                                                      
{'loss': 6.0467, 'grad_norm': 1.40625, 'learning_rate': 0.0005986232398435049, 'epoch': 0.0}

  0%|          | 190/60627 [03:05<12:36:01,  1.33it/s]
  0%|          | 191/60627 [03:06<12:38:42,  1.33it/s]{'loss': 5.8338, 'grad_norm': 1.0390625, 'learning_rate': 0.0005986133350941776, 'epoch': 0.0}

                                                      

  0%|          | 191/60627 [03:06<12:38:42,  1.33it/s]
  0%|          | 192/60627 [03:06<12:36:55,  1.33it/s]
                                                      
{'loss': 5.799, 'grad_norm': 0.73828125, 'learning_rate': 0.0005986034303448503, 'epoch': 0.0}

  0%|          | 192/60627 [03:06<12:36:55,  1.33it/s]
  0%|          | 193/60627 [03:07<12:33:14,  1.34it/s]
                                                      
{'loss': 5.5155, 'grad_norm': 0.90625, 'learning_rate': 0.0005985935255955231, 'epoch': 0.0}

  0%|          | 193/60627 [03:07<12:33:14,  1.34it/s]
  0%|          | 194/60627 [03:08<12:32:14,  1.34it/s]
                                                      
{'loss': 5.1809, 'grad_norm': 0.78125, 'learning_rate': 0.0005985836208461957, 'epoch': 0.0}

  0%|          | 194/60627 [03:08<12:32:14,  1.34it/s]
  0%|          | 195/60627 [03:09<12:33:35,  1.34it/s]
                                                      
{'loss': 5.5375, 'grad_norm': 0.90234375, 'learning_rate': 0.0005985737160968684, 'epoch': 0.0}

  0%|          | 195/60627 [03:09<12:33:35,  1.34it/s]
  0%|          | 196/60627 [03:09<12:34:19,  1.34it/s]
                                                      
{'loss': 5.8732, 'grad_norm': 0.89453125, 'learning_rate': 0.0005985638113475411, 'epoch': 0.0}

  0%|          | 196/60627 [03:09<12:34:19,  1.34it/s]
  0%|          | 197/60627 [03:10<12:37:17,  1.33it/s]
                                                      
{'loss': 6.026, 'grad_norm': 0.68359375, 'learning_rate': 0.0005985539065982138, 'epoch': 0.0}

  0%|          | 197/60627 [03:10<12:37:17,  1.33it/s]
  0%|          | 198/60627 [03:11<12:36:27,  1.33it/s]
                                                      
{'loss': 5.7074, 'grad_norm': 1.0, 'learning_rate': 0.0005985440018488865, 'epoch': 0.0}

  0%|          | 198/60627 [03:11<12:36:27,  1.33it/s]
  0%|          | 199/60627 [03:12<12:34:59,  1.33it/s]
                                                      
{'loss': 5.8039, 'grad_norm': 0.90625, 'learning_rate': 0.0005985340970995591, 'epoch': 0.0}

  0%|          | 199/60627 [03:12<12:34:59,  1.33it/s]
  0%|          | 200/60627 [03:12<12:35:58,  1.33it/s]{'loss': 5.724, 'grad_norm': 0.734375, 'learning_rate': 0.0005985241923502319, 'epoch': 0.0}

                                                      

  0%|          | 200/60627 [03:12<12:35:58,  1.33it/s]

  0%|          | 0/157 [00:00<?, ?it/s][A

  1%|▏         | 2/157 [00:00<00:20,  7.65it/s][A

  2%|▏         | 3/157 [00:00<00:28,  5.41it/s][A

  3%|▎         | 4/157 [00:00<00:32,  4.68it/s][A

  3%|▎         | 5/157 [00:01<00:34,  4.35it/s][A

  4%|▍         | 6/157 [00:01<00:36,  4.16it/s][A

  4%|▍         | 7/157 [00:01<00:36,  4.07it/s][A

  5%|▌         | 8/157 [00:01<00:37,  4.01it/s][A

  6%|▌         | 9/157 [00:02<00:37,  3.97it/s][A

  6%|▋         | 10/157 [00:02<00:37,  3.93it/s][A

  7%|▋         | 11/157 [00:02<00:37,  3.90it/s][A

  8%|▊         | 12/157 [00:02<00:37,  3.88it/s][A

  8%|▊         | 13/157 [00:03<00:37,  3.86it/s][A

  9%|▉         | 14/157 [00:03<00:36,  3.88it/s][A

 10%|▉         | 15/157 [00:03<00:36,  3.86it/s][A

 10%|█         | 16/157 [00:03<00:36,  3.85it/s][A

 11%|█         | 17/157 [00:04<00:36,  3.85it/s][A

 11%|█▏        | 18/157 [00:04<00:36,  3.84it/s][A

 12%|█▏        | 19/157 [00:04<00:35,  3.84it/s][A

 13%|█▎        | 20/157 [00:04<00:35,  3.87it/s][A

 13%|█▎        | 21/157 [00:05<00:35,  3.85it/s][A

 14%|█▍        | 22/157 [00:05<00:35,  3.85it/s][A

 15%|█▍        | 23/157 [00:05<00:34,  3.85it/s][A

 15%|█▌        | 24/157 [00:05<00:34,  3.85it/s][A

 16%|█▌        | 25/157 [00:06<00:34,  3.84it/s][A

 17%|█▋        | 26/157 [00:06<00:34,  3.84it/s][A

 17%|█▋        | 27/157 [00:06<00:33,  3.83it/s][A

 18%|█▊        | 28/157 [00:07<00:33,  3.83it/s][A

 18%|█▊        | 29/157 [00:07<00:33,  3.82it/s][A

 19%|█▉        | 30/157 [00:07<00:33,  3.83it/s][A

 20%|█▉        | 31/157 [00:07<00:32,  3.83it/s][A

 20%|██        | 32/157 [00:08<00:32,  3.84it/s][A

 21%|██        | 33/157 [00:08<00:32,  3.83it/s][A

 22%|██▏       | 34/157 [00:08<00:32,  3.83it/s][A

 22%|██▏       | 35/157 [00:08<00:31,  3.83it/s][A

 23%|██▎       | 36/157 [00:09<00:31,  3.82it/s][A

 24%|██▎       | 37/157 [00:09<00:31,  3.82it/s][A

 24%|██▍       | 38/157 [00:09<00:31,  3.82it/s][A

 25%|██▍       | 39/157 [00:09<00:30,  3.82it/s][A

 25%|██▌       | 40/157 [00:10<00:30,  3.83it/s][A

 26%|██▌       | 41/157 [00:10<00:30,  3.83it/s][A

 27%|██▋       | 42/157 [00:10<00:30,  3.83it/s][A

 27%|██▋       | 43/157 [00:10<00:29,  3.82it/s][A

 28%|██▊       | 44/157 [00:11<00:29,  3.82it/s][A

 29%|██▊       | 45/157 [00:11<00:29,  3.85it/s][A

 29%|██▉       | 46/157 [00:11<00:28,  3.83it/s][A

 30%|██▉       | 47/157 [00:11<00:28,  3.83it/s][A

 31%|███       | 48/157 [00:12<00:28,  3.87it/s][A

 31%|███       | 49/157 [00:12<00:27,  3.89it/s][A

 32%|███▏      | 50/157 [00:12<00:27,  3.90it/s][A

 32%|███▏      | 51/157 [00:13<00:27,  3.92it/s][A

 33%|███▎      | 52/157 [00:13<00:27,  3.88it/s][A

 34%|███▍      | 53/157 [00:13<00:26,  3.86it/s][A

 34%|███▍      | 54/157 [00:13<00:26,  3.86it/s][A

 35%|███▌      | 55/157 [00:14<00:26,  3.85it/s][A

 36%|███▌      | 56/157 [00:14<00:26,  3.85it/s][A

 36%|███▋      | 57/157 [00:14<00:25,  3.87it/s][A

 37%|███▋      | 58/157 [00:14<00:25,  3.86it/s][A

 38%|███▊      | 59/157 [00:15<00:25,  3.84it/s][A

 38%|███▊      | 60/157 [00:15<00:25,  3.85it/s][A

 39%|███▉      | 61/157 [00:15<00:24,  3.85it/s][A

 39%|███▉      | 62/157 [00:15<00:24,  3.84it/s][A

 40%|████      | 63/157 [00:16<00:24,  3.84it/s][A

 41%|████      | 64/157 [00:16<00:24,  3.84it/s][A

 41%|████▏     | 65/157 [00:16<00:23,  3.84it/s][A

 42%|████▏     | 66/157 [00:16<00:23,  3.84it/s][A

 43%|████▎     | 67/157 [00:17<00:23,  3.84it/s][A

 43%|████▎     | 68/157 [00:17<00:23,  3.87it/s][A

 44%|████▍     | 69/157 [00:17<00:22,  3.86it/s][A

 45%|████▍     | 70/157 [00:17<00:22,  3.84it/s][A

 45%|████▌     | 71/157 [00:18<00:22,  3.83it/s][A

 46%|████▌     | 72/157 [00:18<00:22,  3.83it/s][A

 46%|████▋     | 73/157 [00:18<00:21,  3.85it/s][A

 47%|████▋     | 74/157 [00:18<00:21,  3.88it/s][A

 48%|████▊     | 75/157 [00:19<00:21,  3.90it/s][A

 48%|████▊     | 76/157 [00:19<00:20,  3.90it/s][A

 49%|████▉     | 77/157 [00:19<00:20,  3.91it/s][A

 50%|████▉     | 78/157 [00:19<00:20,  3.92it/s][A

 50%|█████     | 79/157 [00:20<00:19,  3.93it/s][A

 51%|█████     | 80/157 [00:20<00:19,  3.93it/s][A

 52%|█████▏    | 81/157 [00:20<00:19,  3.93it/s][A

 52%|█████▏    | 82/157 [00:21<00:19,  3.93it/s][A

 53%|█████▎    | 83/157 [00:21<00:18,  3.93it/s][A

 54%|█████▎    | 84/157 [00:21<00:18,  3.94it/s][A

 54%|█████▍    | 85/157 [00:21<00:18,  3.90it/s][A

 55%|█████▍    | 86/157 [00:22<00:18,  3.89it/s][A

 55%|█████▌    | 87/157 [00:22<00:17,  3.91it/s][A

 56%|█████▌    | 88/157 [00:22<00:17,  3.88it/s][A

 57%|█████▋    | 89/157 [00:22<00:17,  3.87it/s][A

 57%|█████▋    | 90/157 [00:23<00:17,  3.87it/s][A

 58%|█████▊    | 91/157 [00:23<00:17,  3.86it/s][A

 59%|█████▊    | 92/157 [00:23<00:16,  3.87it/s][A

 59%|█████▉    | 93/157 [00:23<00:16,  3.87it/s][A

 60%|█████▉    | 94/157 [00:24<00:16,  3.87it/s][A

 61%|██████    | 95/157 [00:24<00:15,  3.89it/s][A

 61%|██████    | 96/157 [00:24<00:15,  3.92it/s][A

 62%|██████▏   | 97/157 [00:24<00:15,  3.92it/s][A

 62%|██████▏   | 98/157 [00:25<00:15,  3.93it/s][A

 63%|██████▎   | 99/157 [00:25<00:14,  3.95it/s][A

 64%|██████▎   | 100/157 [00:25<00:14,  3.97it/s][A

 64%|██████▍   | 101/157 [00:25<00:14,  3.98it/s][A

 65%|██████▍   | 102/157 [00:26<00:13,  3.98it/s][A

 66%|██████▌   | 103/157 [00:26<00:13,  3.99it/s][A

 66%|██████▌   | 104/157 [00:26<00:13,  4.00it/s][A

 67%|██████▋   | 105/157 [00:26<00:12,  4.01it/s][A

 68%|██████▊   | 106/157 [00:27<00:12,  3.98it/s][A

 68%|██████▊   | 107/157 [00:27<00:12,  3.97it/s][A

 69%|██████▉   | 108/157 [00:27<00:12,  3.97it/s][A

 69%|██████▉   | 109/157 [00:27<00:12,  3.96it/s][A

 70%|███████   | 110/157 [00:28<00:11,  3.97it/s][A

 71%|███████   | 111/157 [00:28<00:11,  3.99it/s][A

 71%|███████▏  | 112/157 [00:28<00:11,  4.00it/s][A

 72%|███████▏  | 113/157 [00:28<00:10,  4.01it/s][A

 73%|███████▎  | 114/157 [00:29<00:10,  4.03it/s][A

 73%|███████▎  | 115/157 [00:29<00:10,  4.02it/s][A

 74%|███████▍  | 116/157 [00:29<00:10,  4.03it/s][A

 75%|███████▍  | 117/157 [00:29<00:09,  4.03it/s][A

 75%|███████▌  | 118/157 [00:30<00:09,  4.04it/s][A

 76%|███████▌  | 119/157 [00:30<00:09,  4.05it/s][A

 76%|███████▋  | 120/157 [00:30<00:09,  4.05it/s][A

 77%|███████▋  | 121/157 [00:30<00:08,  4.05it/s][A

 78%|███████▊  | 122/157 [00:31<00:08,  4.05it/s][A

 78%|███████▊  | 123/157 [00:31<00:08,  4.06it/s][A

 79%|███████▉  | 124/157 [00:31<00:08,  4.07it/s][A

 80%|███████▉  | 125/157 [00:31<00:07,  4.08it/s][A

 80%|████████  | 126/157 [00:32<00:07,  4.08it/s][A

 81%|████████  | 127/157 [00:32<00:07,  4.09it/s][A

 82%|████████▏ | 128/157 [00:32<00:07,  4.06it/s][A

 82%|████████▏ | 129/157 [00:32<00:06,  4.03it/s][A

 83%|████████▎ | 130/157 [00:33<00:06,  4.00it/s][A

 83%|████████▎ | 131/157 [00:33<00:06,  3.95it/s][A

 84%|████████▍ | 132/157 [00:33<00:06,  3.90it/s][A

 85%|████████▍ | 133/157 [00:33<00:06,  3.88it/s][A

 85%|████████▌ | 134/157 [00:34<00:05,  3.87it/s][A

 86%|████████▌ | 135/157 [00:34<00:05,  3.86it/s][A

 87%|████████▋ | 136/157 [00:34<00:05,  3.85it/s][A

 87%|████████▋ | 137/157 [00:34<00:05,  3.86it/s][A

 88%|████████▊ | 138/157 [00:35<00:04,  3.88it/s][A

 89%|████████▊ | 139/157 [00:35<00:04,  3.88it/s][A

 89%|████████▉ | 140/157 [00:35<00:04,  3.87it/s][A

 90%|████████▉ | 141/157 [00:35<00:04,  3.85it/s][A

 90%|█████████ | 142/157 [00:36<00:03,  3.85it/s][A

 91%|█████████ | 143/157 [00:36<00:03,  3.86it/s][A

 92%|█████████▏| 144/157 [00:36<00:03,  3.89it/s][A

 92%|█████████▏| 145/157 [00:36<00:03,  3.88it/s][A

 93%|█████████▎| 146/157 [00:37<00:02,  3.87it/s][A

 94%|█████████▎| 147/157 [00:37<00:02,  3.86it/s][A

 94%|█████████▍| 148/157 [00:37<00:02,  3.85it/s][A

 95%|█████████▍| 149/157 [00:38<00:02,  3.84it/s][A

 96%|█████████▌| 150/157 [00:38<00:01,  3.84it/s][A

 96%|█████████▌| 151/157 [00:38<00:01,  3.85it/s][A

 97%|█████████▋| 152/157 [00:38<00:01,  3.86it/s][A

 97%|█████████▋| 153/157 [00:39<00:01,  3.86it/s][A

 98%|█████████▊| 154/157 [00:39<00:00,  3.86it/s][A

 99%|█████████▊| 155/157 [00:39<00:00,  3.85it/s][A

 99%|█████████▉| 156/157 [00:39<00:00,  3.85it/s][A

100%|██████████| 157/157 [00:40<00:00,  4.20it/s][A{'eval_loss': 6.268525123596191, 'eval_runtime': 40.3867, 'eval_samples_per_second': 123.803, 'eval_steps_per_second': 3.887, 'epoch': 0.0}

                                                      

                                                 
[A
  0%|          | 200/60627 [03:53<12:35:58,  1.33it/s]

100%|██████████| 157/157 [00:40<00:00,  4.20it/s][A

                                                 [A
  0%|          | 201/60627 [03:56<227:14:07, 13.54s/it]
                                                       
{'loss': 5.6204, 'grad_norm': 1.015625, 'learning_rate': 0.0005985142876009045, 'epoch': 0.0}

  0%|          | 201/60627 [03:56<227:14:07, 13.54s/it]
  0%|          | 202/60627 [03:56<162:49:46,  9.70s/it]
                                                       
{'loss': 5.685, 'grad_norm': 0.80078125, 'learning_rate': 0.0005985043828515773, 'epoch': 0.0}

  0%|          | 202/60627 [03:56<162:49:46,  9.70s/it]
  0%|          | 203/60627 [03:57<117:46:30,  7.02s/it]
                                                       
{'loss': 5.477, 'grad_norm': 0.85546875, 'learning_rate': 0.00059849447810225, 'epoch': 0.0}

  0%|          | 203/60627 [03:57<117:46:30,  7.02s/it]
  0%|          | 204/60627 [03:58<86:12:31,  5.14s/it] 
                                                      
{'loss': 5.7597, 'grad_norm': 0.75, 'learning_rate': 0.0005984845733529227, 'epoch': 0.0}

  0%|          | 204/60627 [03:58<86:12:31,  5.14s/it]
  0%|          | 205/60627 [03:59<64:06:19,  3.82s/it]
                                                      
{'loss': 5.5763, 'grad_norm': 0.8046875, 'learning_rate': 0.0005984746686035953, 'epoch': 0.0}

  0%|          | 205/60627 [03:59<64:06:19,  3.82s/it]
  0%|          | 206/60627 [03:59<48:36:29,  2.90s/it]
                                                      
{'loss': 5.5001, 'grad_norm': 0.71875, 'learning_rate': 0.0005984647638542681, 'epoch': 0.0}

  0%|          | 206/60627 [03:59<48:36:29,  2.90s/it]
  0%|          | 207/60627 [04:00<37:48:35,  2.25s/it]
                                                      
{'loss': 5.3416, 'grad_norm': 0.6953125, 'learning_rate': 0.0005984548591049408, 'epoch': 0.0}

  0%|          | 207/60627 [04:00<37:48:35,  2.25s/it]
  0%|          | 208/60627 [04:01<30:13:31,  1.80s/it]
                                                      
{'loss': 5.4164, 'grad_norm': 0.828125, 'learning_rate': 0.0005984449543556135, 'epoch': 0.0}

  0%|          | 208/60627 [04:01<30:13:31,  1.80s/it]
  0%|          | 209/60627 [04:02<24:55:21,  1.49s/it]
                                                      
{'loss': 5.686, 'grad_norm': 0.859375, 'learning_rate': 0.0005984350496062861, 'epoch': 0.0}

  0%|          | 209/60627 [04:02<24:55:21,  1.49s/it]
  0%|          | 210/60627 [04:02<21:10:07,  1.26s/it]
                                                      
{'loss': 5.4779, 'grad_norm': 0.81640625, 'learning_rate': 0.0005984251448569589, 'epoch': 0.0}

  0%|          | 210/60627 [04:02<21:10:07,  1.26s/it]
  0%|          | 211/60627 [04:03<18:33:30,  1.11s/it]
                                                      
{'loss': 5.7793, 'grad_norm': 0.7890625, 'learning_rate': 0.0005984152401076315, 'epoch': 0.0}

  0%|          | 211/60627 [04:03<18:33:30,  1.11s/it]
  0%|          | 212/60627 [04:04<16:43:10,  1.00it/s]
                                                      
{'loss': 5.5005, 'grad_norm': 0.9453125, 'learning_rate': 0.0005984053353583043, 'epoch': 0.0}

  0%|          | 212/60627 [04:04<16:43:10,  1.00it/s]
  0%|          | 213/60627 [04:05<15:29:16,  1.08it/s]
                                                      
{'loss': 5.6396, 'grad_norm': 0.84765625, 'learning_rate': 0.000598395430608977, 'epoch': 0.0}

  0%|          | 213/60627 [04:05<15:29:16,  1.08it/s]
  0%|          | 214/60627 [04:05<14:36:26,  1.15it/s]
                                                      
{'loss': 5.3505, 'grad_norm': 0.734375, 'learning_rate': 0.0005983855258596497, 'epoch': 0.0}

  0%|          | 214/60627 [04:05<14:36:26,  1.15it/s]
  0%|          | 215/60627 [04:06<14:00:08,  1.20it/s]
                                                      
{'loss': 5.622, 'grad_norm': 0.6953125, 'learning_rate': 0.0005983756211103223, 'epoch': 0.0}

  0%|          | 215/60627 [04:06<14:00:08,  1.20it/s]
  0%|          | 216/60627 [04:07<13:36:01,  1.23it/s]
                                                      
{'loss': 5.8302, 'grad_norm': 0.73828125, 'learning_rate': 0.000598365716360995, 'epoch': 0.0}

  0%|          | 216/60627 [04:07<13:36:01,  1.23it/s]
  0%|          | 217/60627 [04:08<13:18:13,  1.26it/s]
                                                      
{'loss': 5.8097, 'grad_norm': 0.75390625, 'learning_rate': 0.0005983558116116678, 'epoch': 0.0}

  0%|          | 217/60627 [04:08<13:18:13,  1.26it/s]
  0%|          | 218/60627 [04:08<13:05:07,  1.28it/s]
                                                      
{'loss': 5.6162, 'grad_norm': 0.74609375, 'learning_rate': 0.0005983459068623404, 'epoch': 0.0}

  0%|          | 218/60627 [04:08<13:05:07,  1.28it/s]
  0%|          | 219/60627 [04:09<12:55:36,  1.30it/s]{'loss': 5.7511, 'grad_norm': 0.87109375, 'learning_rate': 0.0005983360021130131, 'epoch': 0.0}

                                                      

  0%|          | 219/60627 [04:09<12:55:36,  1.30it/s]
  0%|          | 220/60627 [04:10<12:49:24,  1.31it/s]
                                                      
{'loss': 5.5923, 'grad_norm': 0.76953125, 'learning_rate': 0.0005983260973636858, 'epoch': 0.0}

  0%|          | 220/60627 [04:10<12:49:24,  1.31it/s]
  0%|          | 221/60627 [04:11<12:45:41,  1.31it/s]{'loss': 5.5867, 'grad_norm': 0.73046875, 'learning_rate': 0.0005983161926143585, 'epoch': 0.0}

                                                      

  0%|          | 221/60627 [04:11<12:45:41,  1.31it/s]
  0%|          | 222/60627 [04:11<12:39:25,  1.33it/s]
                                                      
{'loss': 5.0638, 'grad_norm': 0.8515625, 'learning_rate': 0.0005983062878650312, 'epoch': 0.0}

  0%|          | 222/60627 [04:11<12:39:25,  1.33it/s]
  0%|          | 223/60627 [04:12<12:38:11,  1.33it/s]
                                                      
{'loss': 5.712, 'grad_norm': 0.796875, 'learning_rate': 0.000598296383115704, 'epoch': 0.0}

  0%|          | 223/60627 [04:12<12:38:11,  1.33it/s]
  0%|          | 224/60627 [04:13<12:35:51,  1.33it/s]
                                                      
{'loss': 5.4098, 'grad_norm': 0.7734375, 'learning_rate': 0.0005982864783663766, 'epoch': 0.0}

  0%|          | 224/60627 [04:13<12:35:51,  1.33it/s]
  0%|          | 225/60627 [04:14<12:35:11,  1.33it/s]{'loss': 5.7247, 'grad_norm': 0.7109375, 'learning_rate': 0.0005982765736170493, 'epoch': 0.0}

                                                      

  0%|          | 225/60627 [04:14<12:35:11,  1.33it/s]
  0%|          | 226/60627 [04:14<12:34:01,  1.34it/s]{'loss': 5.5093, 'grad_norm': 0.78125, 'learning_rate': 0.000598266668867722, 'epoch': 0.0}

                                                      

  0%|          | 226/60627 [04:14<12:34:01,  1.34it/s]
  0%|          | 227/60627 [04:15<12:33:25,  1.34it/s]{'loss': 5.3112, 'grad_norm': 0.77734375, 'learning_rate': 0.0005982567641183948, 'epoch': 0.0}

                                                      

  0%|          | 227/60627 [04:15<12:33:25,  1.34it/s]
  0%|          | 228/60627 [04:16<12:35:07,  1.33it/s]
                                                      
{'loss': 5.6645, 'grad_norm': 0.8046875, 'learning_rate': 0.0005982468593690674, 'epoch': 0.0}

  0%|          | 228/60627 [04:16<12:35:07,  1.33it/s]
  0%|          | 229/60627 [04:17<12:35:25,  1.33it/s]
                                                      
{'loss': 5.3774, 'grad_norm': 0.84765625, 'learning_rate': 0.0005982369546197401, 'epoch': 0.0}

  0%|          | 229/60627 [04:17<12:35:25,  1.33it/s]
  0%|          | 230/60627 [04:17<12:31:57,  1.34it/s]
                                                      
{'loss': 5.4857, 'grad_norm': 0.7578125, 'learning_rate': 0.0005982270498704128, 'epoch': 0.0}

  0%|          | 230/60627 [04:17<12:31:57,  1.34it/s]
  0%|          | 231/60627 [04:18<12:32:15,  1.34it/s]{'loss': 5.4095, 'grad_norm': 0.7109375, 'learning_rate': 0.0005982171451210856, 'epoch': 0.0}

                                                      

  0%|          | 231/60627 [04:18<12:32:15,  1.34it/s]
  0%|          | 232/60627 [04:19<12:32:35,  1.34it/s]
                                                      
{'loss': 5.1952, 'grad_norm': 0.8984375, 'learning_rate': 0.0005982072403717582, 'epoch': 0.0}

  0%|          | 232/60627 [04:19<12:32:35,  1.34it/s]
  0%|          | 233/60627 [04:20<12:36:02,  1.33it/s]{'loss': 5.5579, 'grad_norm': 0.8125, 'learning_rate': 0.0005981973356224309, 'epoch': 0.0}

                                                      

  0%|          | 233/60627 [04:20<12:36:02,  1.33it/s]
  0%|          | 234/60627 [04:20<12:35:20,  1.33it/s]
                                                      
{'loss': 5.4581, 'grad_norm': 0.7421875, 'learning_rate': 0.0005981874308731036, 'epoch': 0.0}

  0%|          | 234/60627 [04:20<12:35:20,  1.33it/s]
  0%|          | 235/60627 [04:21<12:35:07,  1.33it/s]
                                                      
{'loss': 5.7526, 'grad_norm': 0.828125, 'learning_rate': 0.0005981775261237762, 'epoch': 0.0}

  0%|          | 235/60627 [04:21<12:35:07,  1.33it/s]
  0%|          | 236/60627 [04:22<12:35:14,  1.33it/s]
                                                      
{'loss': 5.5628, 'grad_norm': 0.76171875, 'learning_rate': 0.000598167621374449, 'epoch': 0.0}

  0%|          | 236/60627 [04:22<12:35:14,  1.33it/s]
  0%|          | 237/60627 [04:23<12:37:01,  1.33it/s]
                                                      
{'loss': 5.6271, 'grad_norm': 0.9453125, 'learning_rate': 0.0005981577166251218, 'epoch': 0.0}

  0%|          | 237/60627 [04:23<12:37:01,  1.33it/s]
  0%|          | 238/60627 [04:23<12:37:51,  1.33it/s]
                                                      
{'loss': 5.386, 'grad_norm': 0.79296875, 'learning_rate': 0.0005981478118757944, 'epoch': 0.0}

  0%|          | 238/60627 [04:23<12:37:51,  1.33it/s]
  0%|          | 239/60627 [04:24<12:36:07,  1.33it/s]{'loss': 5.7137, 'grad_norm': 0.9296875, 'learning_rate': 0.000598137907126467, 'epoch': 0.0}

                                                      

  0%|          | 239/60627 [04:24<12:36:07,  1.33it/s]
  0%|          | 240/60627 [04:25<12:36:01,  1.33it/s]{'loss': 5.7493, 'grad_norm': 0.94921875, 'learning_rate': 0.0005981280023771398, 'epoch': 0.0}

                                                      

  0%|          | 240/60627 [04:25<12:36:01,  1.33it/s]
  0%|          | 241/60627 [04:26<12:37:09,  1.33it/s]
                                                      
{'loss': 5.3759, 'grad_norm': 1.125, 'learning_rate': 0.0005981180976278125, 'epoch': 0.0}

  0%|          | 241/60627 [04:26<12:37:09,  1.33it/s]
  0%|          | 242/60627 [04:26<12:38:38,  1.33it/s]
                                                      
{'loss': 5.9971, 'grad_norm': 0.8828125, 'learning_rate': 0.0005981081928784852, 'epoch': 0.0}

  0%|          | 242/60627 [04:26<12:38:38,  1.33it/s]
  0%|          | 243/60627 [04:27<12:36:42,  1.33it/s]
                                                      
{'loss': 5.1749, 'grad_norm': 0.84375, 'learning_rate': 0.0005980982881291578, 'epoch': 0.0}

  0%|          | 243/60627 [04:27<12:36:42,  1.33it/s]
  0%|          | 244/60627 [04:28<12:34:41,  1.33it/s]
                                                      
{'loss': 5.5099, 'grad_norm': 0.90234375, 'learning_rate': 0.0005980883833798306, 'epoch': 0.0}

  0%|          | 244/60627 [04:28<12:34:41,  1.33it/s]
  0%|          | 245/60627 [04:29<12:36:17,  1.33it/s]
                                                      
{'loss': 5.5009, 'grad_norm': 0.92578125, 'learning_rate': 0.0005980784786305032, 'epoch': 0.0}

  0%|          | 245/60627 [04:29<12:36:17,  1.33it/s]
  0%|          | 246/60627 [04:29<12:34:30,  1.33it/s]
                                                      
{'loss': 5.3141, 'grad_norm': 0.7890625, 'learning_rate': 0.000598068573881176, 'epoch': 0.0}

  0%|          | 246/60627 [04:29<12:34:30,  1.33it/s]
  0%|          | 247/60627 [04:30<12:32:08,  1.34it/s]
                                                      
{'loss': 5.1645, 'grad_norm': 0.86328125, 'learning_rate': 0.0005980586691318487, 'epoch': 0.0}

  0%|          | 247/60627 [04:30<12:32:08,  1.34it/s]
  0%|          | 248/60627 [04:31<12:33:40,  1.34it/s]
                                                      
{'loss': 5.0283, 'grad_norm': 0.83203125, 'learning_rate': 0.0005980487643825214, 'epoch': 0.0}

  0%|          | 248/60627 [04:31<12:33:40,  1.34it/s]
  0%|          | 249/60627 [04:32<12:34:15,  1.33it/s]
                                                      
{'loss': 5.4336, 'grad_norm': 0.84765625, 'learning_rate': 0.000598038859633194, 'epoch': 0.0}

  0%|          | 249/60627 [04:32<12:34:15,  1.33it/s]
  0%|          | 250/60627 [04:32<12:33:55,  1.33it/s]
                                                      
{'loss': 5.3435, 'grad_norm': 0.828125, 'learning_rate': 0.0005980289548838668, 'epoch': 0.0}

  0%|          | 250/60627 [04:32<12:33:55,  1.33it/s]
  0%|          | 251/60627 [04:33<12:32:39,  1.34it/s]
                                                      
{'loss': 5.3372, 'grad_norm': 0.9140625, 'learning_rate': 0.0005980190501345395, 'epoch': 0.0}

  0%|          | 251/60627 [04:33<12:32:39,  1.34it/s]
  0%|          | 252/60627 [04:34<12:30:13,  1.34it/s]
                                                      
{'loss': 5.3883, 'grad_norm': 0.80078125, 'learning_rate': 0.0005980091453852122, 'epoch': 0.0}

  0%|          | 252/60627 [04:34<12:30:13,  1.34it/s]
  0%|          | 253/60627 [04:35<12:31:23,  1.34it/s]
                                                      
{'loss': 5.401, 'grad_norm': 0.75390625, 'learning_rate': 0.0005979992406358848, 'epoch': 0.0}

  0%|          | 253/60627 [04:35<12:31:23,  1.34it/s]
  0%|          | 254/60627 [04:35<12:33:55,  1.33it/s]
                                                      
{'loss': 5.3777, 'grad_norm': 0.7265625, 'learning_rate': 0.0005979893358865576, 'epoch': 0.0}

  0%|          | 254/60627 [04:35<12:33:55,  1.33it/s]
  0%|          | 255/60627 [04:36<12:32:11,  1.34it/s]
                                                      
{'loss': 5.2112, 'grad_norm': 0.890625, 'learning_rate': 0.0005979794311372303, 'epoch': 0.0}

  0%|          | 255/60627 [04:36<12:32:11,  1.34it/s]
  0%|          | 256/60627 [04:37<12:34:06,  1.33it/s]
                                                      
{'loss': 5.6575, 'grad_norm': 0.8046875, 'learning_rate': 0.0005979695263879029, 'epoch': 0.0}

  0%|          | 256/60627 [04:37<12:34:06,  1.33it/s]
  0%|          | 257/60627 [04:38<12:33:55,  1.33it/s]
                                                      
{'loss': 5.5609, 'grad_norm': 0.8125, 'learning_rate': 0.0005979596216385757, 'epoch': 0.0}

  0%|          | 257/60627 [04:38<12:33:55,  1.33it/s]
  0%|          | 258/60627 [04:38<12:34:41,  1.33it/s]
                                                      
{'loss': 5.384, 'grad_norm': 0.75390625, 'learning_rate': 0.0005979497168892483, 'epoch': 0.0}

  0%|          | 258/60627 [04:38<12:34:41,  1.33it/s]
  0%|          | 259/60627 [04:39<12:31:50,  1.34it/s]
                                                      
{'loss': 5.508, 'grad_norm': 0.90234375, 'learning_rate': 0.000597939812139921, 'epoch': 0.0}

  0%|          | 259/60627 [04:39<12:31:50,  1.34it/s]
  0%|          | 260/60627 [04:40<12:29:16,  1.34it/s]
                                                      
{'loss': 4.9205, 'grad_norm': 0.796875, 'learning_rate': 0.0005979299073905937, 'epoch': 0.0}

  0%|          | 260/60627 [04:40<12:29:16,  1.34it/s]
  0%|          | 261/60627 [04:41<12:30:41,  1.34it/s]
                                                      
{'loss': 5.1111, 'grad_norm': 0.78515625, 'learning_rate': 0.0005979200026412665, 'epoch': 0.0}

  0%|          | 261/60627 [04:41<12:30:41,  1.34it/s]
  0%|          | 262/60627 [04:41<12:33:26,  1.34it/s]
                                                      
{'loss': 5.3793, 'grad_norm': 0.7890625, 'learning_rate': 0.0005979100978919391, 'epoch': 0.0}

  0%|          | 262/60627 [04:41<12:33:26,  1.34it/s]
  0%|          | 263/60627 [04:42<12:36:44,  1.33it/s]
                                                      
{'loss': 5.1464, 'grad_norm': 0.62890625, 'learning_rate': 0.0005979001931426118, 'epoch': 0.0}

  0%|          | 263/60627 [04:42<12:36:44,  1.33it/s]
  0%|          | 264/60627 [04:43<12:36:21,  1.33it/s]{'loss': 5.1963, 'grad_norm': 0.7109375, 'learning_rate': 0.0005978902883932845, 'epoch': 0.0}

                                                      

  0%|          | 264/60627 [04:43<12:36:21,  1.33it/s]
  0%|          | 265/60627 [04:44<12:34:07,  1.33it/s]{'loss': 5.4807, 'grad_norm': 0.7890625, 'learning_rate': 0.0005978803836439573, 'epoch': 0.0}

                                                      

  0%|          | 265/60627 [04:44<12:34:07,  1.33it/s]
  0%|          | 266/60627 [04:44<12:34:06,  1.33it/s]
                                                      
{'loss': 5.3716, 'grad_norm': 0.73046875, 'learning_rate': 0.0005978704788946299, 'epoch': 0.0}

  0%|          | 266/60627 [04:44<12:34:06,  1.33it/s]
  0%|          | 267/60627 [04:45<12:31:15,  1.34it/s]
                                                      
{'loss': 5.6042, 'grad_norm': 0.796875, 'learning_rate': 0.0005978605741453027, 'epoch': 0.0}

  0%|          | 267/60627 [04:45<12:31:15,  1.34it/s]
  0%|          | 268/60627 [04:46<12:32:13,  1.34it/s]
                                                      
{'loss': 5.1948, 'grad_norm': 0.77734375, 'learning_rate': 0.0005978506693959753, 'epoch': 0.0}

  0%|          | 268/60627 [04:46<12:32:13,  1.34it/s]
  0%|          | 269/60627 [04:47<12:29:13,  1.34it/s]
                                                      
{'loss': 5.0289, 'grad_norm': 0.71875, 'learning_rate': 0.000597840764646648, 'epoch': 0.0}

  0%|          | 269/60627 [04:47<12:29:13,  1.34it/s]
  0%|          | 270/60627 [04:47<12:31:19,  1.34it/s]
                                                      
{'loss': 5.3411, 'grad_norm': 0.7578125, 'learning_rate': 0.0005978308598973207, 'epoch': 0.0}

  0%|          | 270/60627 [04:47<12:31:19,  1.34it/s]
  0%|          | 271/60627 [04:48<12:28:49,  1.34it/s]{'loss': 4.7759, 'grad_norm': 0.7890625, 'learning_rate': 0.0005978209551479935, 'epoch': 0.0}

                                                      

  0%|          | 271/60627 [04:48<12:28:49,  1.34it/s]
  0%|          | 272/60627 [04:49<12:25:50,  1.35it/s]
                                                      
{'loss': 5.6383, 'grad_norm': 0.765625, 'learning_rate': 0.0005978110503986661, 'epoch': 0.0}

  0%|          | 272/60627 [04:49<12:25:50,  1.35it/s]
  0%|          | 273/60627 [04:50<12:27:18,  1.35it/s]
                                                      
{'loss': 5.3217, 'grad_norm': 0.8125, 'learning_rate': 0.0005978011456493387, 'epoch': 0.0}

  0%|          | 273/60627 [04:50<12:27:18,  1.35it/s]
  0%|          | 274/60627 [04:50<12:27:52,  1.34it/s]
                                                      
{'loss': 5.0897, 'grad_norm': 0.83984375, 'learning_rate': 0.0005977912409000115, 'epoch': 0.0}

  0%|          | 274/60627 [04:50<12:27:52,  1.34it/s]
  0%|          | 275/60627 [04:51<12:32:04,  1.34it/s]{'loss': 5.3989, 'grad_norm': 0.7890625, 'learning_rate': 0.0005977813361506842, 'epoch': 0.0}

                                                      

  0%|          | 275/60627 [04:51<12:32:04,  1.34it/s]
  0%|          | 276/60627 [04:52<12:31:31,  1.34it/s]
                                                      
{'loss': 5.3396, 'grad_norm': 0.8671875, 'learning_rate': 0.0005977714314013569, 'epoch': 0.0}

  0%|          | 276/60627 [04:52<12:31:31,  1.34it/s]
  0%|          | 277/60627 [04:53<12:31:59,  1.34it/s]
                                                      
{'loss': 4.9679, 'grad_norm': 0.71875, 'learning_rate': 0.0005977615266520295, 'epoch': 0.0}

  0%|          | 277/60627 [04:53<12:31:59,  1.34it/s]
  0%|          | 278/60627 [04:53<12:33:31,  1.33it/s]
                                                      
{'loss': 5.4351, 'grad_norm': 0.88671875, 'learning_rate': 0.0005977516219027023, 'epoch': 0.0}

  0%|          | 278/60627 [04:53<12:33:31,  1.33it/s]
  0%|          | 279/60627 [04:54<12:32:49,  1.34it/s]{'loss': 5.2159, 'grad_norm': 0.8046875, 'learning_rate': 0.000597741717153375, 'epoch': 0.0}

                                                      

  0%|          | 279/60627 [04:54<12:32:49,  1.34it/s]
  0%|          | 280/60627 [04:55<12:33:47,  1.33it/s]
                                                      
{'loss': 5.4235, 'grad_norm': 0.71484375, 'learning_rate': 0.0005977318124040477, 'epoch': 0.0}

  0%|          | 280/60627 [04:55<12:33:47,  1.33it/s]
  0%|          | 281/60627 [04:56<12:31:46,  1.34it/s]
                                                      
{'loss': 5.2043, 'grad_norm': 0.73828125, 'learning_rate': 0.0005977219076547204, 'epoch': 0.0}

  0%|          | 281/60627 [04:56<12:31:46,  1.34it/s]
  0%|          | 282/60627 [04:56<12:34:09,  1.33it/s]{'loss': 5.2658, 'grad_norm': 0.70703125, 'learning_rate': 0.0005977120029053931, 'epoch': 0.0}

                                                      

  0%|          | 282/60627 [04:56<12:34:09,  1.33it/s]
  0%|          | 283/60627 [04:57<12:33:22,  1.33it/s]
                                                      
{'loss': 5.3634, 'grad_norm': 0.69921875, 'learning_rate': 0.0005977020981560657, 'epoch': 0.0}

  0%|          | 283/60627 [04:57<12:33:22,  1.33it/s]
  0%|          | 284/60627 [04:58<12:32:17,  1.34it/s]
                                                      
{'loss': 5.3397, 'grad_norm': 0.72265625, 'learning_rate': 0.0005976921934067385, 'epoch': 0.0}

  0%|          | 284/60627 [04:58<12:32:17,  1.34it/s]
  0%|          | 285/60627 [04:59<12:33:01,  1.34it/s]
                                                      
{'loss': 5.0777, 'grad_norm': 0.77734375, 'learning_rate': 0.0005976822886574112, 'epoch': 0.0}

  0%|          | 285/60627 [04:59<12:33:01,  1.34it/s]
  0%|          | 286/60627 [04:59<12:31:06,  1.34it/s]
                                                      
{'loss': 5.2159, 'grad_norm': 0.76953125, 'learning_rate': 0.0005976723839080839, 'epoch': 0.0}

  0%|          | 286/60627 [04:59<12:31:06,  1.34it/s]
  0%|          | 287/60627 [05:00<12:33:23,  1.33it/s]
                                                      
{'loss': 5.7602, 'grad_norm': 0.69921875, 'learning_rate': 0.0005976624791587565, 'epoch': 0.0}

  0%|          | 287/60627 [05:00<12:33:23,  1.33it/s]
  0%|          | 288/60627 [05:01<12:32:48,  1.34it/s]
                                                      
{'loss': 5.0921, 'grad_norm': 0.8203125, 'learning_rate': 0.0005976525744094293, 'epoch': 0.0}

  0%|          | 288/60627 [05:01<12:32:48,  1.34it/s]
  0%|          | 289/60627 [05:02<12:33:52,  1.33it/s]{'loss': 5.5152, 'grad_norm': 0.86328125, 'learning_rate': 0.000597642669660102, 'epoch': 0.0}

                                                      

  0%|          | 289/60627 [05:02<12:33:52,  1.33it/s]
  0%|          | 290/60627 [05:02<12:32:23,  1.34it/s]{'loss': 5.4538, 'grad_norm': 0.70703125, 'learning_rate': 0.0005976327649107747, 'epoch': 0.0}

                                                      

  0%|          | 290/60627 [05:02<12:32:23,  1.34it/s]
  0%|          | 291/60627 [05:03<12:32:48,  1.34it/s]{'loss': 5.1643, 'grad_norm': 0.78515625, 'learning_rate': 0.0005976228601614474, 'epoch': 0.0}

                                                      

  0%|          | 291/60627 [05:03<12:32:48,  1.34it/s]
  0%|          | 292/60627 [05:04<12:33:38,  1.33it/s]{'loss': 5.1915, 'grad_norm': 0.8203125, 'learning_rate': 0.00059761295541212, 'epoch': 0.0}

                                                      

  0%|          | 292/60627 [05:04<12:33:38,  1.33it/s]
  0%|          | 293/60627 [05:05<12:33:32,  1.33it/s]{'loss': 5.0679, 'grad_norm': 0.82421875, 'learning_rate': 0.0005976030506627927, 'epoch': 0.0}

                                                      

  0%|          | 293/60627 [05:05<12:33:32,  1.33it/s]
  0%|          | 294/60627 [05:05<12:35:25,  1.33it/s]
                                                      
{'loss': 5.5567, 'grad_norm': 0.72265625, 'learning_rate': 0.0005975931459134654, 'epoch': 0.0}

  0%|          | 294/60627 [05:05<12:35:25,  1.33it/s]
  0%|          | 295/60627 [05:06<12:33:08,  1.34it/s]{'loss': 5.1409, 'grad_norm': 0.859375, 'learning_rate': 0.0005975832411641382, 'epoch': 0.0}

                                                      

  0%|          | 295/60627 [05:06<12:33:08,  1.34it/s]
  0%|          | 296/60627 [05:07<12:33:05,  1.34it/s]{'loss': 5.1971, 'grad_norm': 0.73828125, 'learning_rate': 0.0005975733364148108, 'epoch': 0.0}

                                                      

  0%|          | 296/60627 [05:07<12:33:05,  1.34it/s]
  0%|          | 297/60627 [05:08<12:32:58,  1.34it/s]
                                                      
{'loss': 5.124, 'grad_norm': 0.71484375, 'learning_rate': 0.0005975634316654835, 'epoch': 0.0}

  0%|          | 297/60627 [05:08<12:32:58,  1.34it/s]
  0%|          | 298/60627 [05:08<12:32:31,  1.34it/s]
                                                      
{'loss': 5.2623, 'grad_norm': 0.78125, 'learning_rate': 0.0005975535269161562, 'epoch': 0.0}

  0%|          | 298/60627 [05:08<12:32:31,  1.34it/s]
  0%|          | 299/60627 [05:09<12:33:06,  1.34it/s]
                                                      
{'loss': 5.2542, 'grad_norm': 0.66796875, 'learning_rate': 0.000597543622166829, 'epoch': 0.0}

  0%|          | 299/60627 [05:09<12:33:06,  1.34it/s]
  0%|          | 300/60627 [05:10<12:32:23,  1.34it/s]
                                                      
{'loss': 5.1031, 'grad_norm': 0.7734375, 'learning_rate': 0.0005975337174175016, 'epoch': 0.0}

  0%|          | 300/60627 [05:10<12:32:23,  1.34it/s]

  0%|          | 0/157 [00:00<?, ?it/s][A

  1%|▏         | 2/157 [00:00<00:20,  7.66it/s][A

  2%|▏         | 3/157 [00:00<00:28,  5.40it/s][A

  3%|▎         | 4/157 [00:00<00:32,  4.69it/s][A

  3%|▎         | 5/157 [00:01<00:35,  4.34it/s][A

  4%|▍         | 6/157 [00:01<00:36,  4.17it/s][A

  4%|▍         | 7/157 [00:01<00:36,  4.07it/s][A

  5%|▌         | 8/157 [00:01<00:37,  4.00it/s][A

  6%|▌         | 9/157 [00:02<00:37,  3.96it/s][A

  6%|▋         | 10/157 [00:02<00:37,  3.91it/s][A

  7%|▋         | 11/157 [00:02<00:37,  3.89it/s][A

  8%|▊         | 12/157 [00:02<00:37,  3.87it/s][A

  8%|▊         | 13/157 [00:03<00:37,  3.86it/s][A

  9%|▉         | 14/157 [00:03<00:36,  3.88it/s][A

 10%|▉         | 15/157 [00:03<00:36,  3.86it/s][A

 10%|█         | 16/157 [00:03<00:36,  3.85it/s][A

 11%|█         | 17/157 [00:04<00:36,  3.84it/s][A

 11%|█▏        | 18/157 [00:04<00:36,  3.84it/s][A

 12%|█▏        | 19/157 [00:04<00:36,  3.83it/s][A

 13%|█▎        | 20/157 [00:04<00:35,  3.86it/s][A

 13%|█▎        | 21/157 [00:05<00:35,  3.84it/s][A

 14%|█▍        | 22/157 [00:05<00:35,  3.84it/s][A

 15%|█▍        | 23/157 [00:05<00:34,  3.84it/s][A

 15%|█▌        | 24/157 [00:05<00:34,  3.85it/s][A

 16%|█▌        | 25/157 [00:06<00:34,  3.83it/s][A

 17%|█▋        | 26/157 [00:06<00:34,  3.84it/s][A

 17%|█▋        | 27/157 [00:06<00:33,  3.83it/s][A

 18%|█▊        | 28/157 [00:07<00:33,  3.83it/s][A

 18%|█▊        | 29/157 [00:07<00:33,  3.83it/s][A

 19%|█▉        | 30/157 [00:07<00:33,  3.83it/s][A

 20%|█▉        | 31/157 [00:07<00:32,  3.84it/s][A

 20%|██        | 32/157 [00:08<00:32,  3.84it/s][A

 21%|██        | 33/157 [00:08<00:32,  3.83it/s][A

 22%|██▏       | 34/157 [00:08<00:32,  3.83it/s][A

 22%|██▏       | 35/157 [00:08<00:31,  3.83it/s][A

 23%|██▎       | 36/157 [00:09<00:31,  3.82it/s][A

 24%|██▎       | 37/157 [00:09<00:31,  3.82it/s][A

 24%|██▍       | 38/157 [00:09<00:31,  3.82it/s][A

 25%|██▍       | 39/157 [00:09<00:30,  3.81it/s][A

 25%|██▌       | 40/157 [00:10<00:30,  3.82it/s][A

 26%|██▌       | 41/157 [00:10<00:30,  3.83it/s][A

 27%|██▋       | 42/157 [00:10<00:30,  3.82it/s][A

 27%|██▋       | 43/157 [00:10<00:29,  3.81it/s][A

 28%|██▊       | 44/157 [00:11<00:29,  3.82it/s][A

 29%|██▊       | 45/157 [00:11<00:29,  3.85it/s][A

 29%|██▉       | 46/157 [00:11<00:28,  3.83it/s][A

 30%|██▉       | 47/157 [00:11<00:28,  3.83it/s][A

 31%|███       | 48/157 [00:12<00:28,  3.86it/s][A

 31%|███       | 49/157 [00:12<00:27,  3.88it/s][A

 32%|███▏      | 50/157 [00:12<00:27,  3.90it/s][A

 32%|███▏      | 51/157 [00:13<00:27,  3.91it/s][A

 33%|███▎      | 52/157 [00:13<00:27,  3.88it/s][A

 34%|███▍      | 53/157 [00:13<00:26,  3.86it/s][A

 34%|███▍      | 54/157 [00:13<00:26,  3.86it/s][A

 35%|███▌      | 55/157 [00:14<00:26,  3.84it/s][A

 36%|███▌      | 56/157 [00:14<00:26,  3.85it/s][A

 36%|███▋      | 57/157 [00:14<00:25,  3.86it/s][A

 37%|███▋      | 58/157 [00:14<00:25,  3.86it/s][A

 38%|███▊      | 59/157 [00:15<00:25,  3.85it/s][A

 38%|███▊      | 60/157 [00:15<00:25,  3.85it/s][A

 39%|███▉      | 61/157 [00:15<00:24,  3.85it/s][A

 39%|███▉      | 62/157 [00:15<00:24,  3.85it/s][A

 40%|████      | 63/157 [00:16<00:24,  3.84it/s][A

 41%|████      | 64/157 [00:16<00:24,  3.84it/s][A

 41%|████▏     | 65/157 [00:16<00:23,  3.84it/s][A

 42%|████▏     | 66/157 [00:16<00:23,  3.84it/s][A

 43%|████▎     | 67/157 [00:17<00:23,  3.83it/s][A

 43%|████▎     | 68/157 [00:17<00:23,  3.86it/s][A

 44%|████▍     | 69/157 [00:17<00:22,  3.86it/s][A

 45%|████▍     | 70/157 [00:17<00:22,  3.84it/s][A

 45%|████▌     | 71/157 [00:18<00:22,  3.84it/s][A

 46%|████▌     | 72/157 [00:18<00:22,  3.83it/s][A

 46%|████▋     | 73/157 [00:18<00:21,  3.85it/s][A

 47%|████▋     | 74/157 [00:18<00:21,  3.88it/s][A

 48%|████▊     | 75/157 [00:19<00:21,  3.90it/s][A

 48%|████▊     | 76/157 [00:19<00:20,  3.90it/s][A

 49%|████▉     | 77/157 [00:19<00:20,  3.91it/s][A

 50%|████▉     | 78/157 [00:20<00:20,  3.92it/s][A

 50%|█████     | 79/157 [00:20<00:19,  3.92it/s][A

 51%|█████     | 80/157 [00:20<00:19,  3.92it/s][A

 52%|█████▏    | 81/157 [00:20<00:19,  3.93it/s][A

 52%|█████▏    | 82/157 [00:21<00:19,  3.93it/s][A

 53%|█████▎    | 83/157 [00:21<00:18,  3.93it/s][A

 54%|█████▎    | 84/157 [00:21<00:18,  3.93it/s][A

 54%|█████▍    | 85/157 [00:21<00:18,  3.89it/s][A

 55%|█████▍    | 86/157 [00:22<00:18,  3.88it/s][A

 55%|█████▌    | 87/157 [00:22<00:17,  3.90it/s][A

 56%|█████▌    | 88/157 [00:22<00:17,  3.88it/s][A

 57%|█████▋    | 89/157 [00:22<00:17,  3.87it/s][A

 57%|█████▋    | 90/157 [00:23<00:17,  3.86it/s][A

 58%|█████▊    | 91/157 [00:23<00:17,  3.86it/s][A

 59%|█████▊    | 92/157 [00:23<00:16,  3.86it/s][A

 59%|█████▉    | 93/157 [00:23<00:16,  3.87it/s][A

 60%|█████▉    | 94/157 [00:24<00:16,  3.87it/s][A

 61%|██████    | 95/157 [00:24<00:15,  3.89it/s][A

 61%|██████    | 96/157 [00:24<00:15,  3.91it/s][A

 62%|██████▏   | 97/157 [00:24<00:15,  3.91it/s][A

 62%|██████▏   | 98/157 [00:25<00:15,  3.92it/s][A

 63%|██████▎   | 99/157 [00:25<00:14,  3.95it/s][A

 64%|██████▎   | 100/157 [00:25<00:14,  3.97it/s][A

 64%|██████▍   | 101/157 [00:25<00:14,  3.97it/s][A

 65%|██████▍   | 102/157 [00:26<00:13,  3.97it/s][A

 66%|██████▌   | 103/157 [00:26<00:13,  3.99it/s][A

 66%|██████▌   | 104/157 [00:26<00:13,  4.00it/s][A

 67%|██████▋   | 105/157 [00:26<00:12,  4.02it/s][A

 68%|██████▊   | 106/157 [00:27<00:12,  3.98it/s][A

 68%|██████▊   | 107/157 [00:27<00:12,  3.98it/s][A

 69%|██████▉   | 108/157 [00:27<00:12,  3.97it/s][A

 69%|██████▉   | 109/157 [00:27<00:12,  3.96it/s][A

 70%|███████   | 110/157 [00:28<00:11,  3.98it/s][A

 71%|███████   | 111/157 [00:28<00:11,  4.00it/s][A

 71%|███████▏  | 112/157 [00:28<00:11,  4.01it/s][A

 72%|███████▏  | 113/157 [00:28<00:10,  4.02it/s][A

 73%|███████▎  | 114/157 [00:29<00:10,  4.03it/s][A

 73%|███████▎  | 115/157 [00:29<00:10,  4.02it/s][A

 74%|███████▍  | 116/157 [00:29<00:10,  4.02it/s][A

 75%|███████▍  | 117/157 [00:29<00:09,  4.02it/s][A

 75%|███████▌  | 118/157 [00:30<00:09,  4.03it/s][A

 76%|███████▌  | 119/157 [00:30<00:09,  4.05it/s][A

 76%|███████▋  | 120/157 [00:30<00:09,  4.05it/s][A

 77%|███████▋  | 121/157 [00:30<00:08,  4.05it/s][A

 78%|███████▊  | 122/157 [00:31<00:08,  4.05it/s][A

 78%|███████▊  | 123/157 [00:31<00:08,  4.05it/s][A

 79%|███████▉  | 124/157 [00:31<00:08,  4.06it/s][A

 80%|███████▉  | 125/157 [00:31<00:07,  4.07it/s][A

 80%|████████  | 126/157 [00:32<00:07,  4.07it/s][A

 81%|████████  | 127/157 [00:32<00:07,  4.08it/s][A

 82%|████████▏ | 128/157 [00:32<00:07,  4.06it/s][A

 82%|████████▏ | 129/157 [00:32<00:06,  4.02it/s][A

 83%|████████▎ | 130/157 [00:33<00:06,  3.99it/s][A

 83%|████████▎ | 131/157 [00:33<00:06,  3.94it/s][A

 84%|████████▍ | 132/157 [00:33<00:06,  3.90it/s][A

 85%|████████▍ | 133/157 [00:33<00:06,  3.87it/s][A

 85%|████████▌ | 134/157 [00:34<00:05,  3.87it/s][A

 86%|████████▌ | 135/157 [00:34<00:05,  3.85it/s][A

 87%|████████▋ | 136/157 [00:34<00:05,  3.85it/s][A

 87%|████████▋ | 137/157 [00:34<00:05,  3.85it/s][A

 88%|████████▊ | 138/157 [00:35<00:04,  3.87it/s][A

 89%|████████▊ | 139/157 [00:35<00:04,  3.88it/s][A

 89%|████████▉ | 140/157 [00:35<00:04,  3.87it/s][A

 90%|████████▉ | 141/157 [00:35<00:04,  3.85it/s][A

 90%|█████████ | 142/157 [00:36<00:03,  3.86it/s][A

 91%|█████████ | 143/157 [00:36<00:03,  3.86it/s][A

 92%|█████████▏| 144/157 [00:36<00:03,  3.88it/s][A

 92%|█████████▏| 145/157 [00:36<00:03,  3.87it/s][A

 93%|█████████▎| 146/157 [00:37<00:02,  3.87it/s][A

 94%|█████████▎| 147/157 [00:37<00:02,  3.87it/s][A

 94%|█████████▍| 148/157 [00:37<00:02,  3.85it/s][A

 95%|█████████▍| 149/157 [00:38<00:02,  3.84it/s][A

 96%|█████████▌| 150/157 [00:38<00:01,  3.83it/s][A

 96%|█████████▌| 151/157 [00:38<00:01,  3.84it/s][A

 97%|█████████▋| 152/157 [00:38<00:01,  3.85it/s][A

 97%|█████████▋| 153/157 [00:39<00:01,  3.85it/s][A

 98%|█████████▊| 154/157 [00:39<00:00,  3.84it/s][A

 99%|█████████▊| 155/157 [00:39<00:00,  3.84it/s][A

 99%|█████████▉| 156/157 [00:39<00:00,  3.83it/s][A

100%|██████████| 157/157 [00:40<00:00,  4.18it/s][A
                                                      

                                                 
[A{'eval_loss': 5.819953918457031, 'eval_runtime': 40.4271, 'eval_samples_per_second': 123.679, 'eval_steps_per_second': 3.884, 'epoch': 0.0}

  0%|          | 300/60627 [05:50<12:32:23,  1.34it/s]

100%|██████████| 157/157 [00:40<00:00,  4.18it/s][A

                                                 [A
  0%|          | 301/60627 [05:53<227:58:35, 13.60s/it]
                                                       
{'loss': 5.1472, 'grad_norm': 0.7421875, 'learning_rate': 0.0005975238126681744, 'epoch': 0.0}

  0%|          | 301/60627 [05:53<227:58:35, 13.60s/it]
  0%|          | 302/60627 [05:54<163:19:56,  9.75s/it]
                                                       
{'loss': 5.3537, 'grad_norm': 0.69140625, 'learning_rate': 0.000597513907918847, 'epoch': 0.0}

  0%|          | 302/60627 [05:54<163:19:56,  9.75s/it]
  0%|          | 303/60627 [05:55<118:05:43,  7.05s/it]
                                                       
{'loss': 5.1239, 'grad_norm': 0.80078125, 'learning_rate': 0.0005975040031695198, 'epoch': 0.0}

  0%|          | 303/60627 [05:55<118:05:43,  7.05s/it]
  1%|          | 304/60627 [05:56<86:27:13,  5.16s/it] {'loss': 5.0605, 'grad_norm': 0.7109375, 'learning_rate': 0.0005974940984201924, 'epoch': 0.01}

                                                      

  1%|          | 304/60627 [05:56<86:27:13,  5.16s/it]
  1%|          | 305/60627 [05:56<64:15:49,  3.84s/it]{'loss': 4.8518, 'grad_norm': 0.875, 'learning_rate': 0.0005974841936708652, 'epoch': 0.01}

                                                      

  1%|          | 305/60627 [05:56<64:15:49,  3.84s/it]
  1%|          | 306/60627 [05:57<48:44:23,  2.91s/it]
                                                      
{'loss': 5.1455, 'grad_norm': 0.68359375, 'learning_rate': 0.0005974742889215378, 'epoch': 0.01}

  1%|          | 306/60627 [05:57<48:44:23,  2.91s/it]
  1%|          | 307/60627 [05:58<37:52:54,  2.26s/it]
                                                      
{'loss': 5.1724, 'grad_norm': 0.8046875, 'learning_rate': 0.0005974643841722105, 'epoch': 0.01}

  1%|          | 307/60627 [05:58<37:52:54,  2.26s/it]
  1%|          | 308/60627 [05:59<30:16:09,  1.81s/it]
                                                      
{'loss': 4.9439, 'grad_norm': 0.765625, 'learning_rate': 0.0005974544794228832, 'epoch': 0.01}

  1%|          | 308/60627 [05:59<30:16:09,  1.81s/it]
  1%|          | 309/60627 [05:59<24:59:11,  1.49s/it]
                                                      
{'loss': 5.599, 'grad_norm': 0.80078125, 'learning_rate': 0.000597444574673556, 'epoch': 0.01}

  1%|          | 309/60627 [05:59<24:59:11,  1.49s/it]
  1%|          | 310/60627 [06:00<21:15:04,  1.27s/it]
                                                      
{'loss': 5.1519, 'grad_norm': 0.8359375, 'learning_rate': 0.0005974346699242286, 'epoch': 0.01}

  1%|          | 310/60627 [06:00<21:15:04,  1.27s/it]
  1%|          | 311/60627 [06:01<18:38:56,  1.11s/it]
                                                      
{'loss': 5.3561, 'grad_norm': 0.76953125, 'learning_rate': 0.0005974247651749014, 'epoch': 0.01}

  1%|          | 311/60627 [06:01<18:38:56,  1.11s/it]
  1%|          | 312/60627 [06:02<16:47:45,  1.00s/it]
                                                      
{'loss': 4.9399, 'grad_norm': 0.92578125, 'learning_rate': 0.000597414860425574, 'epoch': 0.01}

  1%|          | 312/60627 [06:02<16:47:45,  1.00s/it]
  1%|          | 313/60627 [06:02<15:28:42,  1.08it/s]
                                                      
{'loss': 5.3678, 'grad_norm': 0.74609375, 'learning_rate': 0.0005974049556762467, 'epoch': 0.01}

  1%|          | 313/60627 [06:02<15:28:42,  1.08it/s]
  1%|          | 314/60627 [06:03<14:34:14,  1.15it/s]
                                                      
{'loss': 5.4644, 'grad_norm': 0.765625, 'learning_rate': 0.0005973950509269194, 'epoch': 0.01}

  1%|          | 314/60627 [06:03<14:34:14,  1.15it/s]
  1%|          | 315/60627 [06:04<14:01:07,  1.20it/s]
                                                      
{'loss': 5.6193, 'grad_norm': 0.86328125, 'learning_rate': 0.0005973851461775921, 'epoch': 0.01}

  1%|          | 315/60627 [06:04<14:01:07,  1.20it/s]
  1%|          | 316/60627 [06:05<13:33:29,  1.24it/s]
                                                      
{'loss': 5.243, 'grad_norm': 0.71484375, 'learning_rate': 0.0005973752414282648, 'epoch': 0.01}

  1%|          | 316/60627 [06:05<13:33:29,  1.24it/s]
  1%|          | 317/60627 [06:05<13:15:29,  1.26it/s]
                                                      
{'loss': 5.3403, 'grad_norm': 0.80859375, 'learning_rate': 0.0005973653366789374, 'epoch': 0.01}

  1%|          | 317/60627 [06:05<13:15:29,  1.26it/s]
  1%|          | 318/60627 [06:06<13:02:45,  1.28it/s]
                                                      
{'loss': 5.1504, 'grad_norm': 0.71875, 'learning_rate': 0.0005973554319296102, 'epoch': 0.01}

  1%|          | 318/60627 [06:06<13:02:45,  1.28it/s]
  1%|          | 319/60627 [06:07<12:53:26,  1.30it/s]
                                                      
{'loss': 5.1336, 'grad_norm': 0.9375, 'learning_rate': 0.0005973455271802829, 'epoch': 0.01}

  1%|          | 319/60627 [06:07<12:53:26,  1.30it/s]
  1%|          | 320/60627 [06:08<12:47:07,  1.31it/s]
                                                      
{'loss': 4.9796, 'grad_norm': 0.75390625, 'learning_rate': 0.0005973356224309556, 'epoch': 0.01}

  1%|          | 320/60627 [06:08<12:47:07,  1.31it/s]
  1%|          | 321/60627 [06:08<12:43:00,  1.32it/s]
                                                      
{'loss': 5.1138, 'grad_norm': 0.734375, 'learning_rate': 0.0005973257176816282, 'epoch': 0.01}

  1%|          | 321/60627 [06:08<12:43:00,  1.32it/s]
  1%|          | 322/60627 [06:09<12:37:19,  1.33it/s]
                                                      
{'loss': 5.2115, 'grad_norm': 1.0703125, 'learning_rate': 0.000597315812932301, 'epoch': 0.01}

  1%|          | 322/60627 [06:09<12:37:19,  1.33it/s]
  1%|          | 323/60627 [06:10<12:37:11,  1.33it/s]
                                                      
{'loss': 5.4094, 'grad_norm': 0.68359375, 'learning_rate': 0.0005973059081829737, 'epoch': 0.01}

  1%|          | 323/60627 [06:10<12:37:11,  1.33it/s]
  1%|          | 324/60627 [06:11<12:36:34,  1.33it/s]
                                                      
{'loss': 4.7722, 'grad_norm': 0.81640625, 'learning_rate': 0.0005972960034336464, 'epoch': 0.01}

  1%|          | 324/60627 [06:11<12:36:34,  1.33it/s]
  1%|          | 325/60627 [06:11<12:36:35,  1.33it/s]
                                                      
{'loss': 5.3563, 'grad_norm': 0.94921875, 'learning_rate': 0.0005972860986843191, 'epoch': 0.01}

  1%|          | 325/60627 [06:11<12:36:35,  1.33it/s]
  1%|          | 326/60627 [06:12<12:34:55,  1.33it/s]{'loss': 5.1673, 'grad_norm': 0.765625, 'learning_rate': 0.0005972761939349918, 'epoch': 0.01}

                                                      

  1%|          | 326/60627 [06:12<12:34:55,  1.33it/s]
  1%|          | 327/60627 [06:13<12:32:33,  1.34it/s]
                                                      
{'loss': 5.0005, 'grad_norm': 0.97265625, 'learning_rate': 0.0005972662891856645, 'epoch': 0.01}

  1%|          | 327/60627 [06:13<12:32:33,  1.34it/s]
  1%|          | 328/60627 [06:14<12:34:25,  1.33it/s]
                                                      
{'loss': 5.4606, 'grad_norm': 0.6484375, 'learning_rate': 0.0005972563844363371, 'epoch': 0.01}

  1%|          | 328/60627 [06:14<12:34:25,  1.33it/s]
  1%|          | 329/60627 [06:14<12:32:18,  1.34it/s]
                                                      
{'loss': 5.1697, 'grad_norm': 0.69921875, 'learning_rate': 0.0005972464796870099, 'epoch': 0.01}

  1%|          | 329/60627 [06:14<12:32:18,  1.34it/s]
  1%|          | 330/60627 [06:15<12:31:11,  1.34it/s]{'loss': 5.1774, 'grad_norm': 0.625, 'learning_rate': 0.0005972365749376825, 'epoch': 0.01}

                                                      

  1%|          | 330/60627 [06:15<12:31:11,  1.34it/s]
  1%|          | 331/60627 [06:16<12:32:01,  1.34it/s]
                                                      
{'loss': 5.0143, 'grad_norm': 0.75390625, 'learning_rate': 0.0005972266701883552, 'epoch': 0.01}

  1%|          | 331/60627 [06:16<12:32:01,  1.34it/s]
  1%|          | 332/60627 [06:17<12:29:41,  1.34it/s]
                                                      
{'loss': 4.6408, 'grad_norm': 0.63671875, 'learning_rate': 0.0005972167654390279, 'epoch': 0.01}

  1%|          | 332/60627 [06:17<12:29:41,  1.34it/s]
  1%|          | 333/60627 [06:17<12:32:06,  1.34it/s]{'loss': 5.28, 'grad_norm': 0.6953125, 'learning_rate': 0.0005972068606897007, 'epoch': 0.01}

                                                      

  1%|          | 333/60627 [06:17<12:32:06,  1.34it/s]
  1%|          | 334/60627 [06:18<12:30:56,  1.34it/s]{'loss': 5.2133, 'grad_norm': 0.67578125, 'learning_rate': 0.0005971969559403733, 'epoch': 0.01}

                                                      

  1%|          | 334/60627 [06:18<12:30:56,  1.34it/s]
  1%|          | 335/60627 [06:19<12:31:46,  1.34it/s]{'loss': 5.1278, 'grad_norm': 0.796875, 'learning_rate': 0.0005971870511910461, 'epoch': 0.01}

                                                      

  1%|          | 335/60627 [06:19<12:31:46,  1.34it/s]
  1%|          | 336/60627 [06:20<12:28:28,  1.34it/s]
                                                      
{'loss': 5.3995, 'grad_norm': 0.76171875, 'learning_rate': 0.0005971771464417187, 'epoch': 0.01}

  1%|          | 336/60627 [06:20<12:28:28,  1.34it/s]
  1%|          | 337/60627 [06:20<12:28:10,  1.34it/s]{'loss': 5.0626, 'grad_norm': 0.66796875, 'learning_rate': 0.0005971672416923915, 'epoch': 0.01}

                                                      

  1%|          | 337/60627 [06:20<12:28:10,  1.34it/s]
  1%|          | 338/60627 [06:21<12:26:33,  1.35it/s]
                                                      
{'loss': 4.8352, 'grad_norm': 0.9296875, 'learning_rate': 0.0005971573369430641, 'epoch': 0.01}

  1%|          | 338/60627 [06:21<12:26:33,  1.35it/s]
  1%|          | 339/60627 [06:22<12:28:15,  1.34it/s]
                                                      
{'loss': 5.1487, 'grad_norm': 0.71484375, 'learning_rate': 0.0005971474321937369, 'epoch': 0.01}

  1%|          | 339/60627 [06:22<12:28:15,  1.34it/s]
  1%|          | 340/60627 [06:23<12:30:23,  1.34it/s]
                                                      
{'loss': 5.168, 'grad_norm': 0.65625, 'learning_rate': 0.0005971375274444095, 'epoch': 0.01}

  1%|          | 340/60627 [06:23<12:30:23,  1.34it/s]
  1%|          | 341/60627 [06:23<12:31:42,  1.34it/s]
                                                      
{'loss': 4.963, 'grad_norm': 0.71875, 'learning_rate': 0.0005971276226950822, 'epoch': 0.01}

  1%|          | 341/60627 [06:23<12:31:42,  1.34it/s]
  1%|          | 342/60627 [06:24<12:34:09,  1.33it/s]
                                                      
{'loss': 5.4831, 'grad_norm': 0.65234375, 'learning_rate': 0.0005971177179457549, 'epoch': 0.01}

  1%|          | 342/60627 [06:24<12:34:09,  1.33it/s]
  1%|          | 343/60627 [06:25<12:35:13,  1.33it/s]
                                                      
{'loss': 5.5102, 'grad_norm': 0.74609375, 'learning_rate': 0.0005971078131964277, 'epoch': 0.01}

  1%|          | 343/60627 [06:25<12:35:13,  1.33it/s]
  1%|          | 344/60627 [06:26<12:33:37,  1.33it/s]
                                                      
{'loss': 5.0293, 'grad_norm': 0.6953125, 'learning_rate': 0.0005970979084471003, 'epoch': 0.01}

  1%|          | 344/60627 [06:26<12:33:37,  1.33it/s]
  1%|          | 345/60627 [06:26<12:29:32,  1.34it/s]{'loss': 5.3063, 'grad_norm': 0.75390625, 'learning_rate': 0.0005970880036977731, 'epoch': 0.01}

                                                      

  1%|          | 345/60627 [06:26<12:29:32,  1.34it/s]
  1%|          | 346/60627 [06:27<12:29:43,  1.34it/s]
                                                      
{'loss': 4.9837, 'grad_norm': 0.65234375, 'learning_rate': 0.0005970780989484458, 'epoch': 0.01}

  1%|          | 346/60627 [06:27<12:29:43,  1.34it/s]
  1%|          | 347/60627 [06:28<12:30:13,  1.34it/s]{'loss': 5.2082, 'grad_norm': 0.76953125, 'learning_rate': 0.0005970681941991185, 'epoch': 0.01}

                                                      

  1%|          | 347/60627 [06:28<12:30:13,  1.34it/s]
  1%|          | 348/60627 [06:29<12:33:03,  1.33it/s]
                                                      
{'loss': 5.4472, 'grad_norm': 0.703125, 'learning_rate': 0.0005970582894497911, 'epoch': 0.01}

  1%|          | 348/60627 [06:29<12:33:03,  1.33it/s]
  1%|          | 349/60627 [06:29<12:33:10,  1.33it/s]
                                                      
{'loss': 5.0703, 'grad_norm': 0.68359375, 'learning_rate': 0.0005970483847004638, 'epoch': 0.01}

  1%|          | 349/60627 [06:29<12:33:10,  1.33it/s]
  1%|          | 350/60627 [06:30<12:32:29,  1.34it/s]
                                                      
{'loss': 5.2755, 'grad_norm': 0.74609375, 'learning_rate': 0.0005970384799511365, 'epoch': 0.01}

  1%|          | 350/60627 [06:30<12:32:29,  1.34it/s]
  1%|          | 351/60627 [06:31<12:30:52,  1.34it/s]
                                                      
{'loss': 4.9542, 'grad_norm': 0.765625, 'learning_rate': 0.0005970285752018092, 'epoch': 0.01}

  1%|          | 351/60627 [06:31<12:30:52,  1.34it/s]
  1%|          | 352/60627 [06:32<12:30:54,  1.34it/s]
                                                      
{'loss': 5.0706, 'grad_norm': 0.73828125, 'learning_rate': 0.0005970186704524819, 'epoch': 0.01}

  1%|          | 352/60627 [06:32<12:30:54,  1.34it/s]
  1%|          | 353/60627 [06:32<12:31:05,  1.34it/s]
                                                      
{'loss': 4.8231, 'grad_norm': 0.7890625, 'learning_rate': 0.0005970087657031546, 'epoch': 0.01}

  1%|          | 353/60627 [06:32<12:31:05,  1.34it/s]
  1%|          | 354/60627 [06:33<12:32:32,  1.33it/s]
                                                      
{'loss': 5.0751, 'grad_norm': 0.73046875, 'learning_rate': 0.0005969988609538273, 'epoch': 0.01}

  1%|          | 354/60627 [06:33<12:32:32,  1.33it/s]
  1%|          | 355/60627 [06:34<12:31:57,  1.34it/s]
                                                      
{'loss': 5.016, 'grad_norm': 0.796875, 'learning_rate': 0.0005969889562045, 'epoch': 0.01}

  1%|          | 355/60627 [06:34<12:31:57,  1.34it/s]
  1%|          | 356/60627 [06:35<12:31:02,  1.34it/s]
                                                      
{'loss': 5.2646, 'grad_norm': 0.84375, 'learning_rate': 0.0005969790514551728, 'epoch': 0.01}

  1%|          | 356/60627 [06:35<12:31:02,  1.34it/s]
  1%|          | 357/60627 [06:35<12:32:25,  1.34it/s]
                                                      
{'loss': 4.9513, 'grad_norm': 0.7890625, 'learning_rate': 0.0005969691467058454, 'epoch': 0.01}

  1%|          | 357/60627 [06:35<12:32:25,  1.34it/s]
  1%|          | 358/60627 [06:36<12:34:00,  1.33it/s]
                                                      
{'loss': 5.536, 'grad_norm': 0.78125, 'learning_rate': 0.0005969592419565181, 'epoch': 0.01}

  1%|          | 358/60627 [06:36<12:34:00,  1.33it/s]
  1%|          | 359/60627 [06:37<12:30:10,  1.34it/s]
                                                      
{'loss': 4.9438, 'grad_norm': 0.7421875, 'learning_rate': 0.0005969493372071908, 'epoch': 0.01}

  1%|          | 359/60627 [06:37<12:30:10,  1.34it/s]
  1%|          | 360/60627 [06:38<12:32:21,  1.34it/s]{'loss': 4.7429, 'grad_norm': 0.73828125, 'learning_rate': 0.0005969394324578635, 'epoch': 0.01}

                                                      

  1%|          | 360/60627 [06:38<12:32:21,  1.34it/s]
  1%|          | 361/60627 [06:38<12:31:46,  1.34it/s]{'loss': 5.263, 'grad_norm': 0.765625, 'learning_rate': 0.0005969295277085362, 'epoch': 0.01}

                                                      

  1%|          | 361/60627 [06:38<12:31:46,  1.34it/s]
  1%|          | 362/60627 [06:39<12:32:29,  1.33it/s]
                                                      
{'loss': 5.1221, 'grad_norm': 0.7890625, 'learning_rate': 0.0005969196229592089, 'epoch': 0.01}

  1%|          | 362/60627 [06:39<12:32:29,  1.33it/s]
  1%|          | 363/60627 [06:40<12:31:56,  1.34it/s]{'loss': 5.0642, 'grad_norm': 0.66015625, 'learning_rate': 0.0005969097182098816, 'epoch': 0.01}

                                                      

  1%|          | 363/60627 [06:40<12:31:56,  1.34it/s]
  1%|          | 364/60627 [06:41<12:30:14,  1.34it/s]
                                                      
{'loss': 5.2055, 'grad_norm': 0.7734375, 'learning_rate': 0.0005968998134605543, 'epoch': 0.01}

  1%|          | 364/60627 [06:41<12:30:14,  1.34it/s]
  1%|          | 365/60627 [06:41<12:31:10,  1.34it/s]
                                                      
{'loss': 5.4656, 'grad_norm': 0.81640625, 'learning_rate': 0.000596889908711227, 'epoch': 0.01}

  1%|          | 365/60627 [06:41<12:31:10,  1.34it/s]
  1%|          | 366/60627 [06:42<12:32:11,  1.34it/s]
                                                      
{'loss': 5.0534, 'grad_norm': 0.8671875, 'learning_rate': 0.0005968800039618996, 'epoch': 0.01}

  1%|          | 366/60627 [06:42<12:32:11,  1.34it/s]
  1%|          | 367/60627 [06:43<12:32:54,  1.33it/s]
                                                      
{'loss': 5.0136, 'grad_norm': 0.73046875, 'learning_rate': 0.0005968700992125724, 'epoch': 0.01}

  1%|          | 367/60627 [06:43<12:32:54,  1.33it/s]
  1%|          | 368/60627 [06:44<12:33:16,  1.33it/s]
                                                      
{'loss': 4.8835, 'grad_norm': 0.8046875, 'learning_rate': 0.000596860194463245, 'epoch': 0.01}

  1%|          | 368/60627 [06:44<12:33:16,  1.33it/s]
  1%|          | 369/60627 [06:44<12:30:22,  1.34it/s]
                                                      
{'loss': 4.8995, 'grad_norm': 0.81640625, 'learning_rate': 0.0005968502897139178, 'epoch': 0.01}

  1%|          | 369/60627 [06:44<12:30:22,  1.34it/s]
  1%|          | 370/60627 [06:45<12:31:37,  1.34it/s]{'loss': 4.9091, 'grad_norm': 0.82421875, 'learning_rate': 0.0005968403849645905, 'epoch': 0.01}

                                                      

  1%|          | 370/60627 [06:45<12:31:37,  1.34it/s]
  1%|          | 371/60627 [06:46<12:31:51,  1.34it/s]
                                                      
{'loss': 5.1612, 'grad_norm': 0.71875, 'learning_rate': 0.0005968304802152632, 'epoch': 0.01}

  1%|          | 371/60627 [06:46<12:31:51,  1.34it/s]
  1%|          | 372/60627 [06:47<12:33:31,  1.33it/s]
                                                      
{'loss': 4.7628, 'grad_norm': 0.7421875, 'learning_rate': 0.0005968205754659358, 'epoch': 0.01}

  1%|          | 372/60627 [06:47<12:33:31,  1.33it/s]
  1%|          | 373/60627 [06:47<12:31:25,  1.34it/s]
                                                      
{'loss': 4.6351, 'grad_norm': 0.69921875, 'learning_rate': 0.0005968106707166086, 'epoch': 0.01}

  1%|          | 373/60627 [06:47<12:31:25,  1.34it/s]
  1%|          | 374/60627 [06:48<12:32:41,  1.33it/s]
                                                      
{'loss': 5.0251, 'grad_norm': 0.93359375, 'learning_rate': 0.0005968007659672812, 'epoch': 0.01}

  1%|          | 374/60627 [06:48<12:32:41,  1.33it/s]
  1%|          | 375/60627 [06:49<12:32:18,  1.33it/s]{'loss': 5.0372, 'grad_norm': 0.671875, 'learning_rate': 0.000596790861217954, 'epoch': 0.01}

                                                      

  1%|          | 375/60627 [06:49<12:32:18,  1.33it/s]
  1%|          | 376/60627 [06:50<12:34:23,  1.33it/s]
                                                      
{'loss': 5.055, 'grad_norm': 0.78125, 'learning_rate': 0.0005967809564686266, 'epoch': 0.01}

  1%|          | 376/60627 [06:50<12:34:23,  1.33it/s]
  1%|          | 377/60627 [06:50<12:35:51,  1.33it/s]{'loss': 5.3916, 'grad_norm': 0.69921875, 'learning_rate': 0.0005967710517192994, 'epoch': 0.01}

                                                      

  1%|          | 377/60627 [06:50<12:35:51,  1.33it/s]
  1%|          | 378/60627 [06:51<12:32:41,  1.33it/s]
                                                      
{'loss': 4.9168, 'grad_norm': 0.75390625, 'learning_rate': 0.000596761146969972, 'epoch': 0.01}

  1%|          | 378/60627 [06:51<12:32:41,  1.33it/s]
  1%|          | 379/60627 [06:52<12:31:19,  1.34it/s]{'loss': 4.7715, 'grad_norm': 0.828125, 'learning_rate': 0.0005967512422206448, 'epoch': 0.01}

                                                      

  1%|          | 379/60627 [06:52<12:31:19,  1.34it/s]
  1%|          | 380/60627 [06:53<12:29:44,  1.34it/s]
                                                      
{'loss': 4.7051, 'grad_norm': 0.73046875, 'learning_rate': 0.0005967413374713175, 'epoch': 0.01}

  1%|          | 380/60627 [06:53<12:29:44,  1.34it/s]
  1%|          | 381/60627 [06:53<12:26:38,  1.34it/s]{'loss': 4.792, 'grad_norm': 0.69921875, 'learning_rate': 0.0005967314327219902, 'epoch': 0.01}

                                                      

  1%|          | 381/60627 [06:53<12:26:38,  1.34it/s]
  1%|          | 382/60627 [06:54<12:29:03,  1.34it/s]
                                                      
{'loss': 4.9027, 'grad_norm': 0.72265625, 'learning_rate': 0.0005967215279726628, 'epoch': 0.01}

  1%|          | 382/60627 [06:54<12:29:03,  1.34it/s]
  1%|          | 383/60627 [06:55<12:28:33,  1.34it/s]
                                                      
{'loss': 5.0772, 'grad_norm': 0.75390625, 'learning_rate': 0.0005967116232233356, 'epoch': 0.01}

  1%|          | 383/60627 [06:55<12:28:33,  1.34it/s]
  1%|          | 384/60627 [06:56<12:31:30,  1.34it/s]
                                                      
{'loss': 5.0517, 'grad_norm': 0.78125, 'learning_rate': 0.0005967017184740082, 'epoch': 0.01}

  1%|          | 384/60627 [06:56<12:31:30,  1.34it/s]
  1%|          | 385/60627 [06:56<12:29:22,  1.34it/s]
                                                      
{'loss': 5.0655, 'grad_norm': 0.67578125, 'learning_rate': 0.000596691813724681, 'epoch': 0.01}

  1%|          | 385/60627 [06:56<12:29:22,  1.34it/s]
  1%|          | 386/60627 [06:57<12:27:42,  1.34it/s]
                                                      
{'loss': 4.9847, 'grad_norm': 0.89453125, 'learning_rate': 0.0005966819089753536, 'epoch': 0.01}

  1%|          | 386/60627 [06:57<12:27:42,  1.34it/s]
  1%|          | 387/60627 [06:58<12:29:30,  1.34it/s]
                                                      
{'loss': 4.8702, 'grad_norm': 0.66796875, 'learning_rate': 0.0005966720042260263, 'epoch': 0.01}

  1%|          | 387/60627 [06:58<12:29:30,  1.34it/s]
  1%|          | 388/60627 [06:58<12:28:05,  1.34it/s]
                                                      
{'loss': 4.9287, 'grad_norm': 0.6796875, 'learning_rate': 0.000596662099476699, 'epoch': 0.01}

  1%|          | 388/60627 [06:58<12:28:05,  1.34it/s]
  1%|          | 389/60627 [06:59<12:30:22,  1.34it/s]
                                                      
{'loss': 4.9009, 'grad_norm': 0.7890625, 'learning_rate': 0.0005966521947273717, 'epoch': 0.01}

  1%|          | 389/60627 [06:59<12:30:22,  1.34it/s]
  1%|          | 390/60627 [07:00<12:26:44,  1.34it/s]
                                                      
{'loss': 4.7823, 'grad_norm': 0.80859375, 'learning_rate': 0.0005966422899780445, 'epoch': 0.01}

  1%|          | 390/60627 [07:00<12:26:44,  1.34it/s]
  1%|          | 391/60627 [07:01<12:28:34,  1.34it/s]
                                                      
{'loss': 5.0078, 'grad_norm': 0.6328125, 'learning_rate': 0.0005966323852287171, 'epoch': 0.01}

  1%|          | 391/60627 [07:01<12:28:34,  1.34it/s]
  1%|          | 392/60627 [07:01<12:27:38,  1.34it/s]
                                                      
{'loss': 4.8523, 'grad_norm': 0.734375, 'learning_rate': 0.0005966224804793898, 'epoch': 0.01}

  1%|          | 392/60627 [07:01<12:27:38,  1.34it/s]
  1%|          | 393/60627 [07:02<12:29:52,  1.34it/s]{'loss': 4.7365, 'grad_norm': 0.76953125, 'learning_rate': 0.0005966125757300625, 'epoch': 0.01}

                                                      

  1%|          | 393/60627 [07:02<12:29:52,  1.34it/s]
  1%|          | 394/60627 [07:03<12:32:31,  1.33it/s]
                                                      
{'loss': 4.919, 'grad_norm': 0.7109375, 'learning_rate': 0.0005966026709807353, 'epoch': 0.01}

  1%|          | 394/60627 [07:03<12:32:31,  1.33it/s]
  1%|          | 395/60627 [07:04<12:34:31,  1.33it/s]
                                                      
{'loss': 5.2104, 'grad_norm': 0.6796875, 'learning_rate': 0.0005965927662314079, 'epoch': 0.01}

  1%|          | 395/60627 [07:04<12:34:31,  1.33it/s]
  1%|          | 396/60627 [07:04<12:32:39,  1.33it/s]
                                                      

  1%|          | 396/60627 [07:04<12:32:39,  1.33it/s]{'loss': 5.0363, 'grad_norm': 0.66796875, 'learning_rate': 0.0005965828614820806, 'epoch': 0.01}

  1%|          | 397/60627 [07:05<12:33:56,  1.33it/s]{'loss': 5.2106, 'grad_norm': 0.6328125, 'learning_rate': 0.0005965729567327533, 'epoch': 0.01}

                                                      

  1%|          | 397/60627 [07:05<12:33:56,  1.33it/s]
  1%|          | 398/60627 [07:06<12:34:47,  1.33it/s]
                                                      
{'loss': 4.8329, 'grad_norm': 0.63671875, 'learning_rate': 0.000596563051983426, 'epoch': 0.01}

  1%|          | 398/60627 [07:06<12:34:47,  1.33it/s]
  1%|          | 399/60627 [07:07<12:35:08,  1.33it/s]
                                                      
{'loss': 5.0385, 'grad_norm': 0.6953125, 'learning_rate': 0.0005965531472340987, 'epoch': 0.01}

  1%|          | 399/60627 [07:07<12:35:08,  1.33it/s]
  1%|          | 400/60627 [07:07<12:32:41,  1.33it/s]
                                                      
{'loss': 4.9967, 'grad_norm': 0.69140625, 'learning_rate': 0.0005965432424847715, 'epoch': 0.01}

  1%|          | 400/60627 [07:07<12:32:41,  1.33it/s]

  0%|          | 0/157 [00:00<?, ?it/s][A

  1%|▏         | 2/157 [00:00<00:20,  7.59it/s][A

  2%|▏         | 3/157 [00:00<00:28,  5.38it/s][A

  3%|▎         | 4/157 [00:00<00:32,  4.68it/s][A

  3%|▎         | 5/157 [00:01<00:35,  4.34it/s][A

  4%|▍         | 6/157 [00:01<00:36,  4.16it/s][A

  4%|▍         | 7/157 [00:01<00:36,  4.06it/s][A

  5%|▌         | 8/157 [00:01<00:37,  4.00it/s][A

  6%|▌         | 9/157 [00:02<00:37,  3.95it/s][A

  6%|▋         | 10/157 [00:02<00:37,  3.91it/s][A

  7%|▋         | 11/157 [00:02<00:37,  3.88it/s][A

  8%|▊         | 12/157 [00:02<00:37,  3.86it/s][A

  8%|▊         | 13/157 [00:03<00:37,  3.85it/s][A

  9%|▉         | 14/157 [00:03<00:36,  3.87it/s][A

 10%|▉         | 15/157 [00:03<00:36,  3.86it/s][A

 10%|█         | 16/157 [00:03<00:36,  3.84it/s][A

 11%|█         | 17/157 [00:04<00:36,  3.84it/s][A

 11%|█▏        | 18/157 [00:04<00:36,  3.84it/s][A

 12%|█▏        | 19/157 [00:04<00:36,  3.83it/s][A

 13%|█▎        | 20/157 [00:04<00:35,  3.87it/s][A

 13%|█▎        | 21/157 [00:05<00:35,  3.85it/s][A

 14%|█▍        | 22/157 [00:05<00:35,  3.85it/s][A

 15%|█▍        | 23/157 [00:05<00:34,  3.85it/s][A

 15%|█▌        | 24/157 [00:05<00:34,  3.85it/s][A

 16%|█▌        | 25/157 [00:06<00:34,  3.84it/s][A

 17%|█▋        | 26/157 [00:06<00:34,  3.84it/s][A

 17%|█▋        | 27/157 [00:06<00:33,  3.83it/s][A

 18%|█▊        | 28/157 [00:07<00:33,  3.83it/s][A

 18%|█▊        | 29/157 [00:07<00:33,  3.82it/s][A

 19%|█▉        | 30/157 [00:07<00:33,  3.82it/s][A

 20%|█▉        | 31/157 [00:07<00:32,  3.83it/s][A

 20%|██        | 32/157 [00:08<00:32,  3.84it/s][A

 21%|██        | 33/157 [00:08<00:32,  3.83it/s][A

 22%|██▏       | 34/157 [00:08<00:32,  3.83it/s][A

 22%|██▏       | 35/157 [00:08<00:31,  3.82it/s][A

 23%|██▎       | 36/157 [00:09<00:31,  3.82it/s][A

 24%|██▎       | 37/157 [00:09<00:31,  3.81it/s][A

 24%|██▍       | 38/157 [00:09<00:31,  3.81it/s][A

 25%|██▍       | 39/157 [00:09<00:30,  3.81it/s][A

 25%|██▌       | 40/157 [00:10<00:30,  3.82it/s][A

 26%|██▌       | 41/157 [00:10<00:30,  3.81it/s][A

 27%|██▋       | 42/157 [00:10<00:30,  3.81it/s][A

 27%|██▋       | 43/157 [00:10<00:29,  3.80it/s][A

 28%|██▊       | 44/157 [00:11<00:29,  3.80it/s][A

 29%|██▊       | 45/157 [00:11<00:29,  3.84it/s][A

 29%|██▉       | 46/157 [00:11<00:28,  3.83it/s][A

 30%|██▉       | 47/157 [00:12<00:28,  3.83it/s][A

 31%|███       | 48/157 [00:12<00:28,  3.86it/s][A

 31%|███       | 49/157 [00:12<00:27,  3.88it/s][A

 32%|███▏      | 50/157 [00:12<00:27,  3.90it/s][A

 32%|███▏      | 51/157 [00:13<00:27,  3.91it/s][A

 33%|███▎      | 52/157 [00:13<00:27,  3.88it/s][A

 34%|███▍      | 53/157 [00:13<00:26,  3.86it/s][A

 34%|███▍      | 54/157 [00:13<00:26,  3.85it/s][A

 35%|███▌      | 55/157 [00:14<00:26,  3.84it/s][A

 36%|███▌      | 56/157 [00:14<00:26,  3.84it/s][A

 36%|███▋      | 57/157 [00:14<00:25,  3.85it/s][A

 37%|███▋      | 58/157 [00:14<00:25,  3.86it/s][A

 38%|███▊      | 59/157 [00:15<00:25,  3.85it/s][A

 38%|███▊      | 60/157 [00:15<00:25,  3.86it/s][A

 39%|███▉      | 61/157 [00:15<00:24,  3.85it/s][A

 39%|███▉      | 62/157 [00:15<00:24,  3.84it/s][A

 40%|████      | 63/157 [00:16<00:24,  3.84it/s][A

 41%|████      | 64/157 [00:16<00:24,  3.84it/s][A

 41%|████▏     | 65/157 [00:16<00:23,  3.83it/s][A

 42%|████▏     | 66/157 [00:16<00:23,  3.84it/s][A

 43%|████▎     | 67/157 [00:17<00:23,  3.84it/s][A

 43%|████▎     | 68/157 [00:17<00:23,  3.86it/s][A

 44%|████▍     | 69/157 [00:17<00:22,  3.85it/s][A

 45%|████▍     | 70/157 [00:17<00:22,  3.84it/s][A

 45%|████▌     | 71/157 [00:18<00:22,  3.83it/s][A

 46%|████▌     | 72/157 [00:18<00:22,  3.83it/s][A

 46%|████▋     | 73/157 [00:18<00:21,  3.84it/s][A

 47%|████▋     | 74/157 [00:19<00:21,  3.87it/s][A

 48%|████▊     | 75/157 [00:19<00:21,  3.89it/s][A

 48%|████▊     | 76/157 [00:19<00:20,  3.88it/s][A

 49%|████▉     | 77/157 [00:19<00:20,  3.90it/s][A

 50%|████▉     | 78/157 [00:20<00:20,  3.91it/s][A

 50%|█████     | 79/157 [00:20<00:19,  3.91it/s][A

 51%|█████     | 80/157 [00:20<00:19,  3.92it/s][A

 52%|█████▏    | 81/157 [00:20<00:19,  3.93it/s][A

 52%|█████▏    | 82/157 [00:21<00:19,  3.92it/s][A

 53%|█████▎    | 83/157 [00:21<00:18,  3.92it/s][A

 54%|█████▎    | 84/157 [00:21<00:18,  3.93it/s][A

 54%|█████▍    | 85/157 [00:21<00:18,  3.88it/s][A

 55%|█████▍    | 86/157 [00:22<00:18,  3.87it/s][A

 55%|█████▌    | 87/157 [00:22<00:17,  3.90it/s][A

 56%|█████▌    | 88/157 [00:22<00:17,  3.89it/s][A

 57%|█████▋    | 89/157 [00:22<00:17,  3.87it/s][A

 57%|█████▋    | 90/157 [00:23<00:17,  3.86it/s][A

 58%|█████▊    | 91/157 [00:23<00:17,  3.86it/s][A

 59%|█████▊    | 92/157 [00:23<00:16,  3.86it/s][A

 59%|█████▉    | 93/157 [00:23<00:16,  3.86it/s][A

 60%|█████▉    | 94/157 [00:24<00:16,  3.87it/s][A

 61%|██████    | 95/157 [00:24<00:15,  3.89it/s][A

 61%|██████    | 96/157 [00:24<00:15,  3.91it/s][A

 62%|██████▏   | 97/157 [00:24<00:15,  3.90it/s][A

 62%|██████▏   | 98/157 [00:25<00:15,  3.92it/s][A

 63%|██████▎   | 99/157 [00:25<00:14,  3.94it/s][A

 64%|██████▎   | 100/157 [00:25<00:14,  3.96it/s][A

 64%|██████▍   | 101/157 [00:25<00:14,  3.97it/s][A

 65%|██████▍   | 102/157 [00:26<00:13,  3.97it/s][A

 66%|██████▌   | 103/157 [00:26<00:13,  3.99it/s][A

 66%|██████▌   | 104/157 [00:26<00:13,  3.99it/s][A

 67%|██████▋   | 105/157 [00:26<00:13,  4.00it/s][A

 68%|██████▊   | 106/157 [00:27<00:12,  3.97it/s][A

 68%|██████▊   | 107/157 [00:27<00:12,  3.97it/s][A

 69%|██████▉   | 108/157 [00:27<00:12,  3.96it/s][A

 69%|██████▉   | 109/157 [00:27<00:12,  3.95it/s][A

 70%|███████   | 110/157 [00:28<00:11,  3.96it/s][A

 71%|███████   | 111/157 [00:28<00:11,  3.98it/s][A

 71%|███████▏  | 112/157 [00:28<00:11,  4.00it/s][A

 72%|███████▏  | 113/157 [00:28<00:10,  4.01it/s][A

 73%|███████▎  | 114/157 [00:29<00:10,  4.02it/s][A

 73%|███████▎  | 115/157 [00:29<00:10,  4.02it/s][A

 74%|███████▍  | 116/157 [00:29<00:10,  4.02it/s][A

 75%|███████▍  | 117/157 [00:29<00:09,  4.03it/s][A

 75%|███████▌  | 118/157 [00:30<00:09,  4.03it/s][A

 76%|███████▌  | 119/157 [00:30<00:09,  4.04it/s][A

 76%|███████▋  | 120/157 [00:30<00:09,  4.04it/s][A

 77%|███████▋  | 121/157 [00:30<00:08,  4.05it/s][A

 78%|███████▊  | 122/157 [00:31<00:08,  4.04it/s][A

 78%|███████▊  | 123/157 [00:31<00:08,  4.05it/s][A

 79%|███████▉  | 124/157 [00:31<00:08,  4.06it/s][A

 80%|███████▉  | 125/157 [00:31<00:07,  4.07it/s][A

 80%|████████  | 126/157 [00:32<00:07,  4.08it/s][A

 81%|████████  | 127/157 [00:32<00:07,  4.07it/s][A

 82%|████████▏ | 128/157 [00:32<00:07,  4.05it/s][A

 82%|████████▏ | 129/157 [00:32<00:06,  4.01it/s][A

 83%|████████▎ | 130/157 [00:33<00:06,  3.98it/s][A

 83%|████████▎ | 131/157 [00:33<00:06,  3.93it/s][A

 84%|████████▍ | 132/157 [00:33<00:06,  3.90it/s][A

 85%|████████▍ | 133/157 [00:33<00:06,  3.88it/s][A

 85%|████████▌ | 134/157 [00:34<00:05,  3.87it/s][A

 86%|████████▌ | 135/157 [00:34<00:05,  3.85it/s][A

 87%|████████▋ | 136/157 [00:34<00:05,  3.84it/s][A

 87%|████████▋ | 137/157 [00:34<00:05,  3.85it/s][A

 88%|████████▊ | 138/157 [00:35<00:04,  3.87it/s][A

 89%|████████▊ | 139/157 [00:35<00:04,  3.88it/s][A

 89%|████████▉ | 140/157 [00:35<00:04,  3.86it/s][A

 90%|████████▉ | 141/157 [00:36<00:04,  3.84it/s][A

 90%|█████████ | 142/157 [00:36<00:03,  3.85it/s][A

 91%|█████████ | 143/157 [00:36<00:03,  3.85it/s][A

 92%|█████████▏| 144/157 [00:36<00:03,  3.87it/s][A

 92%|█████████▏| 145/157 [00:37<00:03,  3.86it/s][A

 93%|█████████▎| 146/157 [00:37<00:02,  3.86it/s][A

 94%|█████████▎| 147/157 [00:37<00:02,  3.85it/s][A

 94%|█████████▍| 148/157 [00:37<00:02,  3.84it/s][A

 95%|█████████▍| 149/157 [00:38<00:02,  3.84it/s][A

 96%|█████████▌| 150/157 [00:38<00:01,  3.84it/s][A

 96%|█████████▌| 151/157 [00:38<00:01,  3.85it/s][A

 97%|█████████▋| 152/157 [00:38<00:01,  3.86it/s][A

 97%|█████████▋| 153/157 [00:39<00:01,  3.86it/s][A

 98%|█████████▊| 154/157 [00:39<00:00,  3.86it/s][A

 99%|█████████▊| 155/157 [00:39<00:00,  3.85it/s][A

 99%|█████████▉| 156/157 [00:39<00:00,  3.84it/s][A

100%|██████████| 157/157 [00:40<00:00,  4.14it/s][A
                                                      

                                                 
[A{'eval_loss': 5.549248218536377, 'eval_runtime': 40.467, 'eval_samples_per_second': 123.557, 'eval_steps_per_second': 3.88, 'epoch': 0.01}

  1%|          | 400/60627 [07:48<12:32:41,  1.33it/s]

100%|██████████| 157/157 [00:40<00:00,  4.14it/s][A

                                                 [A
  1%|          | 401/60627 [07:51<227:49:21, 13.62s/it]
                                                       
{'loss': 4.8121, 'grad_norm': 0.7265625, 'learning_rate': 0.0005965333377354441, 'epoch': 0.01}

  1%|          | 401/60627 [07:51<227:49:21, 13.62s/it]
  1%|          | 402/60627 [07:52<163:16:53,  9.76s/it]
                                                       
{'loss': 4.7035, 'grad_norm': 0.64453125, 'learning_rate': 0.0005965234329861167, 'epoch': 0.01}

  1%|          | 402/60627 [07:52<163:16:53,  9.76s/it]
  1%|          | 403/60627 [07:53<118:03:45,  7.06s/it]{'loss': 5.146, 'grad_norm': 0.63671875, 'learning_rate': 0.0005965135282367895, 'epoch': 0.01}

                                                       

  1%|          | 403/60627 [07:53<118:03:45,  7.06s/it]
  1%|          | 404/60627 [07:53<86:23:34,  5.16s/it] 
                                                      
{'loss': 5.0207, 'grad_norm': 0.74609375, 'learning_rate': 0.0005965036234874623, 'epoch': 0.01}

  1%|          | 404/60627 [07:53<86:23:34,  5.16s/it]
  1%|          | 405/60627 [07:54<64:13:07,  3.84s/it]
                                                      
{'loss': 4.7954, 'grad_norm': 0.828125, 'learning_rate': 0.0005964937187381349, 'epoch': 0.01}

  1%|          | 405/60627 [07:54<64:13:07,  3.84s/it]
  1%|          | 406/60627 [07:55<48:40:51,  2.91s/it]{'loss': 5.0351, 'grad_norm': 0.9609375, 'learning_rate': 0.0005964838139888075, 'epoch': 0.01}

                                                      

  1%|          | 406/60627 [07:55<48:40:51,  2.91s/it]
  1%|          | 407/60627 [07:56<37:51:03,  2.26s/it]
                                                      
{'loss': 5.0037, 'grad_norm': 0.7734375, 'learning_rate': 0.0005964739092394803, 'epoch': 0.01}

  1%|          | 407/60627 [07:56<37:51:03,  2.26s/it]
  1%|          | 408/60627 [07:56<30:11:48,  1.81s/it]
                                                      
{'loss': 4.6613, 'grad_norm': 0.703125, 'learning_rate': 0.0005964640044901529, 'epoch': 0.01}

  1%|          | 408/60627 [07:56<30:11:48,  1.81s/it]
  1%|          | 409/60627 [07:57<24:53:29,  1.49s/it]
                                                      
{'loss': 4.9808, 'grad_norm': 0.8359375, 'learning_rate': 0.0005964540997408257, 'epoch': 0.01}

  1%|          | 409/60627 [07:57<24:53:29,  1.49s/it]
  1%|          | 410/60627 [07:58<21:12:08,  1.27s/it]{'loss': 4.6459, 'grad_norm': 0.79296875, 'learning_rate': 0.0005964441949914983, 'epoch': 0.01}

                                                      

  1%|          | 410/60627 [07:58<21:12:08,  1.27s/it]
  1%|          | 411/60627 [07:59<18:38:16,  1.11s/it]
                                                      
{'loss': 4.9607, 'grad_norm': 0.8125, 'learning_rate': 0.0005964342902421711, 'epoch': 0.01}

  1%|          | 411/60627 [07:59<18:38:16,  1.11s/it]
  1%|          | 412/60627 [07:59<16:48:13,  1.00s/it]
                                                      
{'loss': 5.1487, 'grad_norm': 0.68359375, 'learning_rate': 0.0005964243854928437, 'epoch': 0.01}

  1%|          | 412/60627 [07:59<16:48:13,  1.00s/it]
  1%|          | 413/60627 [08:00<15:27:33,  1.08it/s]
                                                      
{'loss': 4.9552, 'grad_norm': 0.78125, 'learning_rate': 0.0005964144807435165, 'epoch': 0.01}

  1%|          | 413/60627 [08:00<15:27:33,  1.08it/s]
  1%|          | 414/60627 [08:01<14:35:32,  1.15it/s]
                                                      
{'loss': 4.6615, 'grad_norm': 0.828125, 'learning_rate': 0.0005964045759941892, 'epoch': 0.01}

  1%|          | 414/60627 [08:01<14:35:32,  1.15it/s]
  1%|          | 415/60627 [08:02<13:53:55,  1.20it/s]
                                                      
{'loss': 4.8988, 'grad_norm': 0.890625, 'learning_rate': 0.0005963946712448619, 'epoch': 0.01}

  1%|          | 415/60627 [08:02<13:53:55,  1.20it/s]
  1%|          | 416/60627 [08:02<13:27:18,  1.24it/s]
                                                      
{'loss': 4.9693, 'grad_norm': 0.6953125, 'learning_rate': 0.0005963847664955345, 'epoch': 0.01}

  1%|          | 416/60627 [08:02<13:27:18,  1.24it/s]
  1%|          | 417/60627 [08:03<13:09:03,  1.27it/s]
                                                      
{'loss': 5.0512, 'grad_norm': 0.92578125, 'learning_rate': 0.0005963748617462073, 'epoch': 0.01}

  1%|          | 417/60627 [08:03<13:09:03,  1.27it/s]
  1%|          | 418/60627 [08:04<12:57:47,  1.29it/s]
                                                      
{'loss': 5.072, 'grad_norm': 0.82421875, 'learning_rate': 0.00059636495699688, 'epoch': 0.01}

  1%|          | 418/60627 [08:04<12:57:47,  1.29it/s]
  1%|          | 419/60627 [08:05<12:49:29,  1.30it/s]
                                                      
{'loss': 4.8026, 'grad_norm': 0.85546875, 'learning_rate': 0.0005963550522475527, 'epoch': 0.01}

  1%|          | 419/60627 [08:05<12:49:29,  1.30it/s]
  1%|          | 420/60627 [08:05<12:44:12,  1.31it/s]{'loss': 4.9415, 'grad_norm': 0.7109375, 'learning_rate': 0.0005963451474982253, 'epoch': 0.01}

                                                      

  1%|          | 420/60627 [08:05<12:44:12,  1.31it/s]
  1%|          | 421/60627 [08:06<12:38:22,  1.32it/s]
                                                      
{'loss': 5.2028, 'grad_norm': 0.75, 'learning_rate': 0.000596335242748898, 'epoch': 0.01}

  1%|          | 421/60627 [08:06<12:38:22,  1.32it/s]
  1%|          | 422/60627 [08:07<12:36:20,  1.33it/s]
                                                      
{'loss': 4.6992, 'grad_norm': 0.7890625, 'learning_rate': 0.0005963253379995707, 'epoch': 0.01}

  1%|          | 422/60627 [08:07<12:36:20,  1.33it/s]
  1%|          | 423/60627 [08:08<12:36:36,  1.33it/s]{'loss': 4.9792, 'grad_norm': 0.74609375, 'learning_rate': 0.0005963154332502434, 'epoch': 0.01}

                                                      

  1%|          | 423/60627 [08:08<12:36:36,  1.33it/s]
  1%|          | 424/60627 [08:08<12:37:21,  1.32it/s]
                                                      
{'loss': 5.1652, 'grad_norm': 0.7109375, 'learning_rate': 0.0005963055285009162, 'epoch': 0.01}

  1%|          | 424/60627 [08:08<12:37:21,  1.32it/s]
  1%|          | 425/60627 [08:09<12:38:16,  1.32it/s]
                                                      
{'loss': 4.9856, 'grad_norm': 0.671875, 'learning_rate': 0.0005962956237515888, 'epoch': 0.01}

  1%|          | 425/60627 [08:09<12:38:16,  1.32it/s]
  1%|          | 426/60627 [08:10<12:37:36,  1.32it/s]
                                                      
{'loss': 4.8825, 'grad_norm': 0.68359375, 'learning_rate': 0.0005962857190022615, 'epoch': 0.01}

  1%|          | 426/60627 [08:10<12:37:36,  1.32it/s]
  1%|          | 427/60627 [08:11<12:34:54,  1.33it/s]{'loss': 5.0825, 'grad_norm': 0.8359375, 'learning_rate': 0.0005962758142529342, 'epoch': 0.01}

                                                      

  1%|          | 427/60627 [08:11<12:34:54,  1.33it/s]
  1%|          | 428/60627 [08:11<12:38:12,  1.32it/s]{'loss': 5.3804, 'grad_norm': 0.640625, 'learning_rate': 0.000596265909503607, 'epoch': 0.01}

                                                      

  1%|          | 428/60627 [08:11<12:38:12,  1.32it/s]
  1%|          | 429/60627 [08:12<12:36:47,  1.33it/s]
                                                      
{'loss': 4.7896, 'grad_norm': 0.64453125, 'learning_rate': 0.0005962560047542796, 'epoch': 0.01}

  1%|          | 429/60627 [08:12<12:36:47,  1.33it/s]
  1%|          | 430/60627 [08:13<12:34:30,  1.33it/s]{'loss': 4.2776, 'grad_norm': 0.61328125, 'learning_rate': 0.0005962461000049523, 'epoch': 0.01}

                                                      

  1%|          | 430/60627 [08:13<12:34:30,  1.33it/s]
  1%|          | 431/60627 [08:14<12:33:50,  1.33it/s]
                                                      
{'loss': 5.1925, 'grad_norm': 0.6875, 'learning_rate': 0.000596236195255625, 'epoch': 0.01}

  1%|          | 431/60627 [08:14<12:33:50,  1.33it/s]
  1%|          | 432/60627 [08:14<12:36:39,  1.33it/s]{'loss': 5.0299, 'grad_norm': 0.67578125, 'learning_rate': 0.0005962262905062977, 'epoch': 0.01}

                                                      

  1%|          | 432/60627 [08:14<12:36:39,  1.33it/s]
  1%|          | 433/60627 [08:15<12:35:10,  1.33it/s]
                                                      
{'loss': 4.5855, 'grad_norm': 0.6328125, 'learning_rate': 0.0005962163857569704, 'epoch': 0.01}

  1%|          | 433/60627 [08:15<12:35:10,  1.33it/s]
  1%|          | 434/60627 [08:16<12:33:33,  1.33it/s]{'loss': 5.098, 'grad_norm': 0.62890625, 'learning_rate': 0.0005962064810076432, 'epoch': 0.01}

                                                      

  1%|          | 434/60627 [08:16<12:33:33,  1.33it/s]
  1%|          | 435/60627 [08:17<12:35:02,  1.33it/s]
                                                      
{'loss': 4.6193, 'grad_norm': 0.62109375, 'learning_rate': 0.0005961965762583158, 'epoch': 0.01}

  1%|          | 435/60627 [08:17<12:35:02,  1.33it/s]
  1%|          | 436/60627 [08:17<12:33:45,  1.33it/s]
                                                      
{'loss': 4.8561, 'grad_norm': 0.640625, 'learning_rate': 0.0005961866715089885, 'epoch': 0.01}

  1%|          | 436/60627 [08:17<12:33:45,  1.33it/s]
  1%|          | 437/60627 [08:18<12:29:34,  1.34it/s]
                                                      
{'loss': 4.4958, 'grad_norm': 0.6796875, 'learning_rate': 0.0005961767667596612, 'epoch': 0.01}

  1%|          | 437/60627 [08:18<12:29:34,  1.34it/s]
  1%|          | 438/60627 [08:19<12:31:34,  1.33it/s]
                                                      
{'loss': 5.0314, 'grad_norm': 0.64453125, 'learning_rate': 0.000596166862010334, 'epoch': 0.01}

  1%|          | 438/60627 [08:19<12:31:34,  1.33it/s]
  1%|          | 439/60627 [08:20<12:30:10,  1.34it/s]
                                                      
{'loss': 5.3119, 'grad_norm': 0.6875, 'learning_rate': 0.0005961569572610066, 'epoch': 0.01}

  1%|          | 439/60627 [08:20<12:30:10,  1.34it/s]
  1%|          | 440/60627 [08:20<12:32:44,  1.33it/s]
                                                      
{'loss': 4.8084, 'grad_norm': 0.7109375, 'learning_rate': 0.0005961470525116792, 'epoch': 0.01}

  1%|          | 440/60627 [08:20<12:32:44,  1.33it/s]
  1%|          | 441/60627 [08:21<12:30:16,  1.34it/s]
                                                      
{'loss': 4.8104, 'grad_norm': 0.703125, 'learning_rate': 0.000596137147762352, 'epoch': 0.01}

  1%|          | 441/60627 [08:21<12:30:16,  1.34it/s]
  1%|          | 442/60627 [08:22<12:33:42,  1.33it/s]
                                                      
{'loss': 4.7015, 'grad_norm': 0.6484375, 'learning_rate': 0.0005961272430130247, 'epoch': 0.01}

  1%|          | 442/60627 [08:22<12:33:42,  1.33it/s]
  1%|          | 443/60627 [08:23<13:32:57,  1.23it/s]
                                                      
{'loss': 4.6791, 'grad_norm': 0.7109375, 'learning_rate': 0.0005961173382636974, 'epoch': 0.01}

  1%|          | 443/60627 [08:23<13:32:57,  1.23it/s]
  1%|          | 444/60627 [08:24<13:14:51,  1.26it/s]
                                                      
{'loss': 4.8122, 'grad_norm': 0.671875, 'learning_rate': 0.0005961074335143701, 'epoch': 0.01}

  1%|          | 444/60627 [08:24<13:14:51,  1.26it/s]
  1%|          | 445/60627 [08:24<13:03:11,  1.28it/s]
                                                      
{'loss': 4.8653, 'grad_norm': 0.6953125, 'learning_rate': 0.0005960975287650428, 'epoch': 0.01}

  1%|          | 445/60627 [08:24<13:03:11,  1.28it/s]
  1%|          | 446/60627 [08:25<12:52:21,  1.30it/s]{'loss': 4.3264, 'grad_norm': 0.6796875, 'learning_rate': 0.0005960876240157154, 'epoch': 0.01}

                                                      

  1%|          | 446/60627 [08:25<12:52:21,  1.30it/s]
  1%|          | 447/60627 [08:26<12:42:48,  1.31it/s]
                                                      
{'loss': 4.6929, 'grad_norm': 0.68359375, 'learning_rate': 0.0005960777192663882, 'epoch': 0.01}

  1%|          | 447/60627 [08:26<12:42:48,  1.31it/s]
  1%|          | 448/60627 [08:27<12:41:46,  1.32it/s]
                                                      
{'loss': 5.2167, 'grad_norm': 0.70703125, 'learning_rate': 0.0005960678145170609, 'epoch': 0.01}

  1%|          | 448/60627 [08:27<12:41:46,  1.32it/s]
  1%|          | 449/60627 [08:27<12:38:22,  1.32it/s]
                                                      
{'loss': 4.7149, 'grad_norm': 0.66015625, 'learning_rate': 0.0005960579097677336, 'epoch': 0.01}

  1%|          | 449/60627 [08:27<12:38:22,  1.32it/s]
  1%|          | 450/60627 [08:28<12:36:00,  1.33it/s]
                                                      
{'loss': 4.6686, 'grad_norm': 0.64453125, 'learning_rate': 0.0005960480050184062, 'epoch': 0.01}

  1%|          | 450/60627 [08:28<12:36:00,  1.33it/s]
  1%|          | 451/60627 [08:29<12:34:24,  1.33it/s]
                                                      
{'loss': 4.2884, 'grad_norm': 0.69140625, 'learning_rate': 0.000596038100269079, 'epoch': 0.01}

  1%|          | 451/60627 [08:29<12:34:24,  1.33it/s]
  1%|          | 452/60627 [08:30<12:34:34,  1.33it/s]
                                                      
{'loss': 5.0371, 'grad_norm': 0.671875, 'learning_rate': 0.0005960281955197517, 'epoch': 0.01}

  1%|          | 452/60627 [08:30<12:34:34,  1.33it/s]
  1%|          | 453/60627 [08:30<12:32:30,  1.33it/s]
                                                      
{'loss': 5.0555, 'grad_norm': 0.7265625, 'learning_rate': 0.0005960182907704244, 'epoch': 0.01}

  1%|          | 453/60627 [08:30<12:32:30,  1.33it/s]
  1%|          | 454/60627 [08:31<12:34:37,  1.33it/s]
                                                      
{'loss': 4.9257, 'grad_norm': 0.70703125, 'learning_rate': 0.000596008386021097, 'epoch': 0.01}

  1%|          | 454/60627 [08:31<12:34:37,  1.33it/s]
  1%|          | 455/60627 [08:32<12:30:27,  1.34it/s]
                                                      
{'loss': 4.5611, 'grad_norm': 0.734375, 'learning_rate': 0.0005959984812717698, 'epoch': 0.01}

  1%|          | 455/60627 [08:32<12:30:27,  1.34it/s]
  1%|          | 456/60627 [08:33<12:33:36,  1.33it/s]
                                                      
{'loss': 5.0032, 'grad_norm': 0.6484375, 'learning_rate': 0.0005959885765224424, 'epoch': 0.01}

  1%|          | 456/60627 [08:33<12:33:36,  1.33it/s]
  1%|          | 457/60627 [08:33<12:31:01,  1.34it/s]
                                                      
{'loss': 4.9607, 'grad_norm': 0.75, 'learning_rate': 0.0005959786717731152, 'epoch': 0.01}

  1%|          | 457/60627 [08:33<12:31:01,  1.34it/s]
  1%|          | 458/60627 [08:34<12:29:25,  1.34it/s]{'loss': 4.929, 'grad_norm': 0.72265625, 'learning_rate': 0.0005959687670237879, 'epoch': 0.01}

                                                      

  1%|          | 458/60627 [08:34<12:29:25,  1.34it/s]
  1%|          | 459/60627 [08:35<12:31:02,  1.34it/s]
                                                      
{'loss': 5.0793, 'grad_norm': 0.73828125, 'learning_rate': 0.0005959588622744605, 'epoch': 0.01}

  1%|          | 459/60627 [08:35<12:31:02,  1.34it/s]
  1%|          | 460/60627 [08:36<12:32:11,  1.33it/s]
                                                      
{'loss': 4.9759, 'grad_norm': 0.64453125, 'learning_rate': 0.0005959489575251332, 'epoch': 0.01}

  1%|          | 460/60627 [08:36<12:32:11,  1.33it/s]
  1%|          | 461/60627 [08:36<12:33:21,  1.33it/s]
                                                      
{'loss': 5.1009, 'grad_norm': 0.62890625, 'learning_rate': 0.0005959390527758059, 'epoch': 0.01}

  1%|          | 461/60627 [08:36<12:33:21,  1.33it/s]
  1%|          | 462/60627 [08:37<12:31:29,  1.33it/s]
                                                      
{'loss': 4.6951, 'grad_norm': 1.1875, 'learning_rate': 0.0005959291480264787, 'epoch': 0.01}

  1%|          | 462/60627 [08:37<12:31:29,  1.33it/s]
  1%|          | 463/60627 [08:38<12:29:23,  1.34it/s]{'loss': 4.886, 'grad_norm': 0.7890625, 'learning_rate': 0.0005959192432771513, 'epoch': 0.01}

                                                      

  1%|          | 463/60627 [08:38<12:29:23,  1.34it/s]
  1%|          | 464/60627 [08:39<12:30:29,  1.34it/s]
                                                      
{'loss': 4.9656, 'grad_norm': 0.75390625, 'learning_rate': 0.000595909338527824, 'epoch': 0.01}

  1%|          | 464/60627 [08:39<12:30:29,  1.34it/s]
  1%|          | 465/60627 [08:39<12:33:14,  1.33it/s]
                                                      
{'loss': 5.0304, 'grad_norm': 0.65234375, 'learning_rate': 0.0005958994337784967, 'epoch': 0.01}

  1%|          | 465/60627 [08:39<12:33:14,  1.33it/s]
  1%|          | 466/60627 [08:40<12:31:58,  1.33it/s]{'loss': 4.7944, 'grad_norm': 0.828125, 'learning_rate': 0.0005958895290291695, 'epoch': 0.01}

                                                      

  1%|          | 466/60627 [08:40<12:31:58,  1.33it/s]
  1%|          | 467/60627 [08:41<12:35:47,  1.33it/s]
                                                      
{'loss': 4.9186, 'grad_norm': 0.609375, 'learning_rate': 0.0005958796242798421, 'epoch': 0.01}

  1%|          | 467/60627 [08:41<12:35:47,  1.33it/s]
  1%|          | 468/60627 [08:42<12:34:55,  1.33it/s]
                                                      
{'loss': 4.5001, 'grad_norm': 0.6640625, 'learning_rate': 0.0005958697195305149, 'epoch': 0.01}

  1%|          | 468/60627 [08:42<12:34:55,  1.33it/s]
  1%|          | 469/60627 [08:42<12:33:35,  1.33it/s]
                                                      
{'loss': 4.8481, 'grad_norm': 0.6875, 'learning_rate': 0.0005958598147811875, 'epoch': 0.01}

  1%|          | 469/60627 [08:42<12:33:35,  1.33it/s]
  1%|          | 470/60627 [08:43<12:33:28,  1.33it/s]
                                                      
{'loss': 5.1215, 'grad_norm': 0.63671875, 'learning_rate': 0.0005958499100318602, 'epoch': 0.01}

  1%|          | 470/60627 [08:43<12:33:28,  1.33it/s]
  1%|          | 471/60627 [08:44<12:31:00,  1.34it/s]
                                                      
{'loss': 4.6762, 'grad_norm': 0.703125, 'learning_rate': 0.0005958400052825329, 'epoch': 0.01}

  1%|          | 471/60627 [08:44<12:31:00,  1.34it/s]
  1%|          | 472/60627 [08:45<12:34:15,  1.33it/s]
                                                      
{'loss': 4.6983, 'grad_norm': 0.59765625, 'learning_rate': 0.0005958301005332057, 'epoch': 0.01}

  1%|          | 472/60627 [08:45<12:34:15,  1.33it/s]
  1%|          | 473/60627 [08:45<12:33:34,  1.33it/s]{'loss': 4.8298, 'grad_norm': 0.7265625, 'learning_rate': 0.0005958201957838783, 'epoch': 0.01}

                                                      

  1%|          | 473/60627 [08:45<12:33:34,  1.33it/s]
  1%|          | 474/60627 [08:46<12:33:00,  1.33it/s]
                                                      
{'loss': 5.2382, 'grad_norm': 0.703125, 'learning_rate': 0.000595810291034551, 'epoch': 0.01}

  1%|          | 474/60627 [08:46<12:33:00,  1.33it/s]
  1%|          | 475/60627 [08:47<12:30:33,  1.34it/s]
                                                      
{'loss': 4.6321, 'grad_norm': 0.65625, 'learning_rate': 0.0005958003862852237, 'epoch': 0.01}

  1%|          | 475/60627 [08:47<12:30:33,  1.34it/s]
  1%|          | 476/60627 [08:48<12:29:07,  1.34it/s]
                                                      
{'loss': 4.5299, 'grad_norm': 0.6875, 'learning_rate': 0.0005957904815358965, 'epoch': 0.01}

  1%|          | 476/60627 [08:48<12:29:07,  1.34it/s]
  1%|          | 477/60627 [08:48<12:29:56,  1.34it/s]
                                                      
{'loss': 4.7724, 'grad_norm': 0.79296875, 'learning_rate': 0.0005957805767865691, 'epoch': 0.01}

  1%|          | 477/60627 [08:48<12:29:56,  1.34it/s]
  1%|          | 478/60627 [08:49<12:29:26,  1.34it/s]
                                                      
{'loss': 4.9273, 'grad_norm': 0.78515625, 'learning_rate': 0.0005957706720372419, 'epoch': 0.01}

  1%|          | 478/60627 [08:49<12:29:26,  1.34it/s]
  1%|          | 479/60627 [08:50<12:29:51,  1.34it/s]{'loss': 5.246, 'grad_norm': 0.8046875, 'learning_rate': 0.0005957607672879145, 'epoch': 0.01}

                                                      

  1%|          | 479/60627 [08:50<12:29:51,  1.34it/s]
  1%|          | 480/60627 [08:51<12:32:21,  1.33it/s]
                                                      
{'loss': 5.0727, 'grad_norm': 0.82421875, 'learning_rate': 0.0005957508625385871, 'epoch': 0.01}

  1%|          | 480/60627 [08:51<12:32:21,  1.33it/s]
  1%|          | 481/60627 [08:51<12:31:12,  1.33it/s]
                                                      
{'loss': 4.8884, 'grad_norm': 0.7421875, 'learning_rate': 0.0005957409577892599, 'epoch': 0.01}

  1%|          | 481/60627 [08:51<12:31:12,  1.33it/s]
  1%|          | 482/60627 [08:52<12:30:27,  1.34it/s]{'loss': 4.9945, 'grad_norm': 0.70703125, 'learning_rate': 0.0005957310530399326, 'epoch': 0.01}

                                                      

  1%|          | 482/60627 [08:52<12:30:27,  1.34it/s]
  1%|          | 483/60627 [08:53<12:31:17,  1.33it/s]
                                                      
{'loss': 5.0121, 'grad_norm': 0.7265625, 'learning_rate': 0.0005957211482906053, 'epoch': 0.01}

  1%|          | 483/60627 [08:53<12:31:17,  1.33it/s]
  1%|          | 484/60627 [08:54<12:32:35,  1.33it/s]{'loss': 4.6249, 'grad_norm': 0.78515625, 'learning_rate': 0.0005957112435412779, 'epoch': 0.01}

                                                      

  1%|          | 484/60627 [08:54<12:32:35,  1.33it/s]
  1%|          | 485/60627 [08:54<12:28:19,  1.34it/s]
                                                      
{'loss': 4.4043, 'grad_norm': 0.80078125, 'learning_rate': 0.0005957013387919507, 'epoch': 0.01}

  1%|          | 485/60627 [08:54<12:28:19,  1.34it/s]
  1%|          | 486/60627 [08:55<12:29:16,  1.34it/s]
                                                      
{'loss': 4.9178, 'grad_norm': 0.65234375, 'learning_rate': 0.0005956914340426234, 'epoch': 0.01}

  1%|          | 486/60627 [08:55<12:29:16,  1.34it/s]
  1%|          | 487/60627 [08:56<12:28:20,  1.34it/s]
                                                      
{'loss': 4.8422, 'grad_norm': 0.85546875, 'learning_rate': 0.0005956815292932961, 'epoch': 0.01}

  1%|          | 487/60627 [08:56<12:28:20,  1.34it/s]
  1%|          | 488/60627 [08:57<12:28:49,  1.34it/s]
                                                      
{'loss': 4.7117, 'grad_norm': 0.72265625, 'learning_rate': 0.0005956716245439688, 'epoch': 0.01}

  1%|          | 488/60627 [08:57<12:28:49,  1.34it/s]
  1%|          | 489/60627 [08:57<12:28:00,  1.34it/s]{'loss': 4.7843, 'grad_norm': 0.66015625, 'learning_rate': 0.0005956617197946415, 'epoch': 0.01}

                                                      

  1%|          | 489/60627 [08:57<12:28:00,  1.34it/s]
  1%|          | 490/60627 [08:58<12:28:58,  1.34it/s]
                                                      
{'loss': 4.8572, 'grad_norm': 0.984375, 'learning_rate': 0.0005956518150453142, 'epoch': 0.01}

  1%|          | 490/60627 [08:58<12:28:58,  1.34it/s]
  1%|          | 491/60627 [08:59<12:24:18,  1.35it/s]{'loss': 4.4766, 'grad_norm': 0.796875, 'learning_rate': 0.0005956419102959869, 'epoch': 0.01}

                                                      

  1%|          | 491/60627 [08:59<12:24:18,  1.35it/s]
  1%|          | 492/60627 [08:59<12:25:58,  1.34it/s]
                                                      
{'loss': 4.5456, 'grad_norm': 0.63671875, 'learning_rate': 0.0005956320055466596, 'epoch': 0.01}

  1%|          | 492/60627 [08:59<12:25:58,  1.34it/s]
  1%|          | 493/60627 [09:00<12:25:34,  1.34it/s]
                                                      
{'loss': 4.8084, 'grad_norm': 0.69921875, 'learning_rate': 0.0005956221007973323, 'epoch': 0.01}

  1%|          | 493/60627 [09:00<12:25:34,  1.34it/s]
  1%|          | 494/60627 [09:01<12:27:45,  1.34it/s]
                                                      
{'loss': 4.5725, 'grad_norm': 0.69140625, 'learning_rate': 0.0005956121960480049, 'epoch': 0.01}

  1%|          | 494/60627 [09:01<12:27:45,  1.34it/s]
  1%|          | 495/60627 [09:02<12:27:24,  1.34it/s]{'loss': 4.5853, 'grad_norm': 0.72265625, 'learning_rate': 0.0005956022912986777, 'epoch': 0.01}

                                                      

  1%|          | 495/60627 [09:02<12:27:24,  1.34it/s]
  1%|          | 496/60627 [09:02<12:27:47,  1.34it/s]
                                                      
{'loss': 4.3165, 'grad_norm': 0.75390625, 'learning_rate': 0.0005955923865493504, 'epoch': 0.01}

  1%|          | 496/60627 [09:02<12:27:47,  1.34it/s]
  1%|          | 497/60627 [09:03<12:28:31,  1.34it/s]
                                                      
{'loss': 4.7471, 'grad_norm': 0.60546875, 'learning_rate': 0.000595582481800023, 'epoch': 0.01}

  1%|          | 497/60627 [09:03<12:28:31,  1.34it/s]
  1%|          | 498/60627 [09:04<12:28:19,  1.34it/s]
                                                      
{'loss': 4.8867, 'grad_norm': 0.66015625, 'learning_rate': 0.0005955725770506957, 'epoch': 0.01}

  1%|          | 498/60627 [09:04<12:28:19,  1.34it/s]
  1%|          | 499/60627 [09:05<12:29:44,  1.34it/s]
                                                      
{'loss': 4.8259, 'grad_norm': 0.625, 'learning_rate': 0.0005955626723013684, 'epoch': 0.01}

  1%|          | 499/60627 [09:05<12:29:44,  1.34it/s]
  1%|          | 500/60627 [09:05<12:28:34,  1.34it/s]{'loss': 4.9976, 'grad_norm': 0.671875, 'learning_rate': 0.0005955527675520412, 'epoch': 0.01}

                                                      

  1%|          | 500/60627 [09:05<12:28:34,  1.34it/s]

  0%|          | 0/157 [00:00<?, ?it/s][A

  1%|▏         | 2/157 [00:00<00:20,  7.61it/s][A

  2%|▏         | 3/157 [00:00<00:28,  5.40it/s][A

  3%|▎         | 4/157 [00:00<00:32,  4.67it/s][A

  3%|▎         | 5/157 [00:01<00:35,  4.32it/s][A

  4%|▍         | 6/157 [00:01<00:36,  4.15it/s][A

  4%|▍         | 7/157 [00:01<00:37,  4.05it/s][A

  5%|▌         | 8/157 [00:01<00:37,  3.98it/s][A

  6%|▌         | 9/157 [00:02<00:37,  3.94it/s][A

  6%|▋         | 10/157 [00:02<00:37,  3.90it/s][A

  7%|▋         | 11/157 [00:02<00:37,  3.88it/s][A

  8%|▊         | 12/157 [00:02<00:37,  3.85it/s][A

  8%|▊         | 13/157 [00:03<00:37,  3.84it/s][A

  9%|▉         | 14/157 [00:03<00:36,  3.87it/s][A

 10%|▉         | 15/157 [00:03<00:36,  3.85it/s][A

 10%|█         | 16/157 [00:03<00:36,  3.83it/s][A

 11%|█         | 17/157 [00:04<00:36,  3.83it/s][A

 11%|█▏        | 18/157 [00:04<00:36,  3.83it/s][A

 12%|█▏        | 19/157 [00:04<00:36,  3.83it/s][A

 13%|█▎        | 20/157 [00:04<00:35,  3.85it/s][A

 13%|█▎        | 21/157 [00:05<00:35,  3.84it/s][A

 14%|█▍        | 22/157 [00:05<00:35,  3.85it/s][A

 15%|█▍        | 23/157 [00:05<00:34,  3.84it/s][A

 15%|█▌        | 24/157 [00:06<00:34,  3.84it/s][A

 16%|█▌        | 25/157 [00:06<00:34,  3.83it/s][A

 17%|█▋        | 26/157 [00:06<00:34,  3.83it/s][A

 17%|█▋        | 27/157 [00:06<00:33,  3.83it/s][A

 18%|█▊        | 28/157 [00:07<00:33,  3.82it/s][A

 18%|█▊        | 29/157 [00:07<00:33,  3.82it/s][A

 19%|█▉        | 30/157 [00:07<00:33,  3.82it/s][A

 20%|█▉        | 31/157 [00:07<00:32,  3.83it/s][A

 20%|██        | 32/157 [00:08<00:32,  3.83it/s][A

 21%|██        | 33/157 [00:08<00:32,  3.83it/s][A

 22%|██▏       | 34/157 [00:08<00:32,  3.82it/s][A

 22%|██▏       | 35/157 [00:08<00:31,  3.82it/s][A

 23%|██▎       | 36/157 [00:09<00:31,  3.82it/s][A

 24%|██▎       | 37/157 [00:09<00:31,  3.81it/s][A

 24%|██▍       | 38/157 [00:09<00:31,  3.81it/s][A

 25%|██▍       | 39/157 [00:09<00:31,  3.80it/s][A

 25%|██▌       | 40/157 [00:10<00:30,  3.82it/s][A

 26%|██▌       | 41/157 [00:10<00:30,  3.82it/s][A

 27%|██▋       | 42/157 [00:10<00:30,  3.82it/s][A

 27%|██▋       | 43/157 [00:10<00:29,  3.81it/s][A

 28%|██▊       | 44/157 [00:11<00:29,  3.81it/s][A

 29%|██▊       | 45/157 [00:11<00:29,  3.84it/s][A

 29%|██▉       | 46/157 [00:11<00:28,  3.83it/s][A

 30%|██▉       | 47/157 [00:12<00:28,  3.83it/s][A

 31%|███       | 48/157 [00:12<00:28,  3.86it/s][A

 31%|███       | 49/157 [00:12<00:27,  3.88it/s][A

 32%|███▏      | 50/157 [00:12<00:27,  3.90it/s][A

 32%|███▏      | 51/157 [00:13<00:27,  3.91it/s][A

 33%|███▎      | 52/157 [00:13<00:27,  3.88it/s][A

 34%|███▍      | 53/157 [00:13<00:26,  3.85it/s][A

 34%|███▍      | 54/157 [00:13<00:26,  3.85it/s][A

 35%|███▌      | 55/157 [00:14<00:26,  3.84it/s][A

 36%|███▌      | 56/157 [00:14<00:26,  3.85it/s][A

 36%|███▋      | 57/157 [00:14<00:25,  3.86it/s][A

 37%|███▋      | 58/157 [00:14<00:25,  3.86it/s][A

 38%|███▊      | 59/157 [00:15<00:25,  3.85it/s][A

 38%|███▊      | 60/157 [00:15<00:25,  3.86it/s][A

 39%|███▉      | 61/157 [00:15<00:24,  3.85it/s][A

 39%|███▉      | 62/157 [00:15<00:24,  3.85it/s][A

 40%|████      | 63/157 [00:16<00:24,  3.84it/s][A

 41%|████      | 64/157 [00:16<00:24,  3.84it/s][A

 41%|████▏     | 65/157 [00:16<00:23,  3.84it/s][A

 42%|████▏     | 66/157 [00:16<00:23,  3.84it/s][A

 43%|████▎     | 67/157 [00:17<00:23,  3.84it/s][A

 43%|████▎     | 68/157 [00:17<00:23,  3.86it/s][A

 44%|████▍     | 69/157 [00:17<00:22,  3.85it/s][A

 45%|████▍     | 70/157 [00:17<00:22,  3.84it/s][A

 45%|████▌     | 71/157 [00:18<00:22,  3.83it/s][A

 46%|████▌     | 72/157 [00:18<00:22,  3.82it/s][A

 46%|████▋     | 73/157 [00:18<00:21,  3.84it/s][A

 47%|████▋     | 74/157 [00:19<00:21,  3.87it/s][A

 48%|████▊     | 75/157 [00:19<00:21,  3.89it/s][A

 48%|████▊     | 76/157 [00:19<00:20,  3.88it/s][A

 49%|████▉     | 77/157 [00:19<00:20,  3.90it/s][A

 50%|████▉     | 78/157 [00:20<00:20,  3.91it/s][A

 50%|█████     | 79/157 [00:20<00:19,  3.92it/s][A

 51%|█████     | 80/157 [00:20<00:19,  3.91it/s][A

 52%|█████▏    | 81/157 [00:20<00:19,  3.92it/s][A

 52%|█████▏    | 82/157 [00:21<00:19,  3.92it/s][A

 53%|█████▎    | 83/157 [00:21<00:18,  3.93it/s][A

 54%|█████▎    | 84/157 [00:21<00:18,  3.93it/s][A

 54%|█████▍    | 85/157 [00:21<00:18,  3.88it/s][A

 55%|█████▍    | 86/157 [00:22<00:18,  3.88it/s][A

 55%|█████▌    | 87/157 [00:22<00:17,  3.90it/s][A

 56%|█████▌    | 88/157 [00:22<00:17,  3.88it/s][A

 57%|█████▋    | 89/157 [00:22<00:17,  3.86it/s][A

 57%|█████▋    | 90/157 [00:23<00:17,  3.86it/s][A

 58%|█████▊    | 91/157 [00:23<00:17,  3.85it/s][A

 59%|█████▊    | 92/157 [00:23<00:16,  3.85it/s][A

 59%|█████▉    | 93/157 [00:23<00:16,  3.85it/s][A

 60%|█████▉    | 94/157 [00:24<00:16,  3.86it/s][A

 61%|██████    | 95/157 [00:24<00:15,  3.89it/s][A

 61%|██████    | 96/157 [00:24<00:15,  3.91it/s][A

 62%|██████▏   | 97/157 [00:24<00:15,  3.90it/s][A

 62%|██████▏   | 98/157 [00:25<00:15,  3.92it/s][A

 63%|██████▎   | 99/157 [00:25<00:14,  3.94it/s][A

 64%|██████▎   | 100/157 [00:25<00:14,  3.97it/s][A

 64%|██████▍   | 101/157 [00:25<00:14,  3.97it/s][A

 65%|██████▍   | 102/157 [00:26<00:13,  3.97it/s][A

 66%|██████▌   | 103/157 [00:26<00:13,  3.99it/s][A

 66%|██████▌   | 104/157 [00:26<00:13,  3.99it/s][A

 67%|██████▋   | 105/157 [00:26<00:12,  4.01it/s][A

 68%|██████▊   | 106/157 [00:27<00:12,  3.98it/s][A

 68%|██████▊   | 107/157 [00:27<00:12,  3.97it/s][A

 69%|██████▉   | 108/157 [00:27<00:12,  3.97it/s][A

 69%|██████▉   | 109/157 [00:27<00:12,  3.96it/s][A

 70%|███████   | 110/157 [00:28<00:11,  3.96it/s][A

 71%|███████   | 111/157 [00:28<00:11,  3.99it/s][A

 71%|███████▏  | 112/157 [00:28<00:11,  4.00it/s][A

 72%|███████▏  | 113/157 [00:28<00:10,  4.02it/s][A

 73%|███████▎  | 114/157 [00:29<00:10,  4.03it/s][A

 73%|███████▎  | 115/157 [00:29<00:10,  4.02it/s][A

 74%|███████▍  | 116/157 [00:29<00:10,  4.02it/s][A

 75%|███████▍  | 117/157 [00:29<00:09,  4.02it/s][A

 75%|███████▌  | 118/157 [00:30<00:09,  4.03it/s][A

 76%|███████▌  | 119/157 [00:30<00:09,  4.04it/s][A

 76%|███████▋  | 120/157 [00:30<00:09,  4.05it/s][A

 77%|███████▋  | 121/157 [00:30<00:08,  4.05it/s][A

 78%|███████▊  | 122/157 [00:31<00:08,  4.05it/s][A

 78%|███████▊  | 123/157 [00:31<00:08,  4.05it/s][A

 79%|███████▉  | 124/157 [00:31<00:08,  4.06it/s][A

 80%|███████▉  | 125/157 [00:31<00:07,  4.07it/s][A

 80%|████████  | 126/157 [00:32<00:07,  4.08it/s][A

 81%|████████  | 127/157 [00:32<00:07,  4.07it/s][A

 82%|████████▏ | 128/157 [00:32<00:07,  4.05it/s][A

 82%|████████▏ | 129/157 [00:32<00:06,  4.01it/s][A

 83%|████████▎ | 130/157 [00:33<00:06,  3.98it/s][A

 83%|████████▎ | 131/157 [00:33<00:06,  3.93it/s][A

 84%|████████▍ | 132/157 [00:33<00:06,  3.90it/s][A

 85%|████████▍ | 133/157 [00:33<00:06,  3.87it/s][A

 85%|████████▌ | 134/157 [00:34<00:05,  3.87it/s][A

 86%|████████▌ | 135/157 [00:34<00:05,  3.86it/s][A

 87%|████████▋ | 136/157 [00:34<00:05,  3.85it/s][A

 87%|████████▋ | 137/157 [00:34<00:05,  3.85it/s][A

 88%|████████▊ | 138/157 [00:35<00:04,  3.87it/s][A

 89%|████████▊ | 139/157 [00:35<00:04,  3.88it/s][A

 89%|████████▉ | 140/157 [00:35<00:04,  3.87it/s][A

 90%|████████▉ | 141/157 [00:36<00:04,  3.85it/s][A

 90%|█████████ | 142/157 [00:36<00:03,  3.84it/s][A

 91%|█████████ | 143/157 [00:36<00:03,  3.85it/s][A

 92%|█████████▏| 144/157 [00:36<00:03,  3.86it/s][A

 92%|█████████▏| 145/157 [00:37<00:03,  3.85it/s][A

 93%|█████████▎| 146/157 [00:37<00:02,  3.84it/s][A

 94%|█████████▎| 147/157 [00:37<00:02,  3.83it/s][A

 94%|█████████▍| 148/157 [00:37<00:02,  3.83it/s][A

 95%|█████████▍| 149/157 [00:38<00:02,  3.83it/s][A

 96%|█████████▌| 150/157 [00:38<00:01,  3.83it/s][A

 96%|█████████▌| 151/157 [00:38<00:01,  3.84it/s][A

 97%|█████████▋| 152/157 [00:38<00:01,  3.85it/s][A

 97%|█████████▋| 153/157 [00:39<00:01,  3.85it/s][A

 98%|█████████▊| 154/157 [00:39<00:00,  3.85it/s][A

 99%|█████████▊| 155/157 [00:39<00:00,  3.85it/s][A

 99%|█████████▉| 156/157 [00:39<00:00,  3.84it/s][A

100%|██████████| 157/157 [00:40<00:00,  4.13it/s][A
                                                      

                                                 
[A{'eval_loss': 5.344719409942627, 'eval_runtime': 40.4894, 'eval_samples_per_second': 123.489, 'eval_steps_per_second': 3.878, 'epoch': 0.01}

  1%|          | 500/60627 [09:46<12:28:34,  1.34it/s]

100%|██████████| 157/157 [00:40<00:00,  4.13it/s][A

                                                 [A
  1%|          | 501/60627 [09:49<227:31:47, 13.62s/it]
                                                       
{'loss': 5.094, 'grad_norm': 0.890625, 'learning_rate': 0.0005955428628027138, 'epoch': 0.01}

  1%|          | 501/60627 [09:49<227:31:47, 13.62s/it]
  1%|          | 502/60627 [09:50<163:04:00,  9.76s/it]
                                                       
{'loss': 4.6421, 'grad_norm': 0.67578125, 'learning_rate': 0.0005955329580533866, 'epoch': 0.01}

  1%|          | 502/60627 [09:50<163:04:00,  9.76s/it]
  1%|          | 503/60627 [09:51<117:56:26,  7.06s/it]{'loss': 4.5835, 'grad_norm': 0.640625, 'learning_rate': 0.0005955230533040592, 'epoch': 0.01}

                                                       

  1%|          | 503/60627 [09:51<117:56:26,  7.06s/it]
  1%|          | 504/60627 [09:51<86:19:52,  5.17s/it] 
                                                      
{'loss': 4.8779, 'grad_norm': 0.65625, 'learning_rate': 0.0005955131485547319, 'epoch': 0.01}

  1%|          | 504/60627 [09:51<86:19:52,  5.17s/it]
  1%|          | 505/60627 [09:52<64:11:21,  3.84s/it]
                                                      
{'loss': 4.6327, 'grad_norm': 0.66796875, 'learning_rate': 0.0005955032438054046, 'epoch': 0.01}

  1%|          | 505/60627 [09:52<64:11:21,  3.84s/it]
  1%|          | 506/60627 [09:53<48:40:14,  2.91s/it]
                                                      
{'loss': 4.9623, 'grad_norm': 0.65625, 'learning_rate': 0.0005954933390560774, 'epoch': 0.01}

  1%|          | 506/60627 [09:53<48:40:14,  2.91s/it]
  1%|          | 507/60627 [09:54<37:50:12,  2.27s/it]
                                                      
{'loss': 4.8149, 'grad_norm': 0.6328125, 'learning_rate': 0.00059548343430675, 'epoch': 0.01}

  1%|          | 507/60627 [09:54<37:50:12,  2.27s/it]
  1%|          | 508/60627 [09:54<30:14:22,  1.81s/it]
                                                      
{'loss': 4.538, 'grad_norm': 0.65625, 'learning_rate': 0.0005954735295574227, 'epoch': 0.01}

  1%|          | 508/60627 [09:54<30:14:22,  1.81s/it]
  1%|          | 509/60627 [09:55<24:57:52,  1.49s/it]{'loss': 4.7308, 'grad_norm': 0.8125, 'learning_rate': 0.0005954636248080954, 'epoch': 0.01}

                                                      

  1%|          | 509/60627 [09:55<24:57:52,  1.49s/it]
  1%|          | 510/60627 [09:56<21:13:55,  1.27s/it]
                                                      
{'loss': 4.7551, 'grad_norm': 0.88671875, 'learning_rate': 0.0005954537200587682, 'epoch': 0.01}

  1%|          | 510/60627 [09:56<21:13:55,  1.27s/it]
  1%|          | 511/60627 [09:57<18:37:19,  1.12s/it]
                                                      
{'loss': 4.6659, 'grad_norm': 0.640625, 'learning_rate': 0.0005954438153094408, 'epoch': 0.01}

  1%|          | 511/60627 [09:57<18:37:19,  1.12s/it]
  1%|          | 512/60627 [09:57<16:46:35,  1.00s/it]
                                                      
{'loss': 4.6365, 'grad_norm': 0.97265625, 'learning_rate': 0.0005954339105601136, 'epoch': 0.01}

  1%|          | 512/60627 [09:57<16:46:35,  1.00s/it]
  1%|          | 513/60627 [09:58<15:27:24,  1.08it/s]
                                                      
{'loss': 4.4164, 'grad_norm': 0.65625, 'learning_rate': 0.0005954240058107862, 'epoch': 0.01}

  1%|          | 513/60627 [09:58<15:27:24,  1.08it/s]
  1%|          | 514/60627 [09:59<14:36:40,  1.14it/s]
                                                      
{'loss': 4.8891, 'grad_norm': 0.5859375, 'learning_rate': 0.000595414101061459, 'epoch': 0.01}

  1%|          | 514/60627 [09:59<14:36:40,  1.14it/s]
  1%|          | 515/60627 [10:00<13:56:56,  1.20it/s]
                                                      
{'loss': 4.3587, 'grad_norm': 0.875, 'learning_rate': 0.0005954041963121316, 'epoch': 0.01}

  1%|          | 515/60627 [10:00<13:56:56,  1.20it/s]
  1%|          | 516/60627 [10:00<13:34:08,  1.23it/s]
                                                      
{'loss': 4.9182, 'grad_norm': 0.8515625, 'learning_rate': 0.0005953942915628043, 'epoch': 0.01}

  1%|          | 516/60627 [10:00<13:34:08,  1.23it/s]
  1%|          | 517/60627 [10:01<13:12:56,  1.26it/s]
                                                      
{'loss': 4.0302, 'grad_norm': 0.68359375, 'learning_rate': 0.000595384386813477, 'epoch': 0.01}

  1%|          | 517/60627 [10:01<13:12:56,  1.26it/s]
  1%|          | 518/60627 [10:02<12:58:46,  1.29it/s]{'loss': 4.6597, 'grad_norm': 0.8359375, 'learning_rate': 0.0005953744820641496, 'epoch': 0.01}

                                                      

  1%|          | 518/60627 [10:02<12:58:46,  1.29it/s]
  1%|          | 519/60627 [10:03<12:48:31,  1.30it/s]
                                                      
{'loss': 4.6764, 'grad_norm': 0.88671875, 'learning_rate': 0.0005953645773148224, 'epoch': 0.01}

  1%|          | 519/60627 [10:03<12:48:31,  1.30it/s]
  1%|          | 520/60627 [10:03<12:45:29,  1.31it/s]
                                                      
{'loss': 4.9461, 'grad_norm': 0.67578125, 'learning_rate': 0.0005953546725654951, 'epoch': 0.01}

  1%|          | 520/60627 [10:03<12:45:29,  1.31it/s]
  1%|          | 521/60627 [10:04<12:41:33,  1.32it/s]
                                                      
{'loss': 4.9641, 'grad_norm': 0.6953125, 'learning_rate': 0.0005953447678161678, 'epoch': 0.01}

  1%|          | 521/60627 [10:04<12:41:33,  1.32it/s]
  1%|          | 522/60627 [10:05<12:39:28,  1.32it/s]
                                                      
{'loss': 5.0385, 'grad_norm': 0.82421875, 'learning_rate': 0.0005953348630668405, 'epoch': 0.01}

  1%|          | 522/60627 [10:05<12:39:28,  1.32it/s]
  1%|          | 523/60627 [10:06<12:36:03,  1.32it/s]
                                                      
{'loss': 4.8099, 'grad_norm': 0.75, 'learning_rate': 0.0005953249583175132, 'epoch': 0.01}

  1%|          | 523/60627 [10:06<12:36:03,  1.32it/s]
  1%|          | 524/60627 [10:06<12:36:40,  1.32it/s]
                                                      
{'loss': 4.9125, 'grad_norm': 0.7734375, 'learning_rate': 0.0005953150535681859, 'epoch': 0.01}

  1%|          | 524/60627 [10:06<12:36:40,  1.32it/s]
  1%|          | 525/60627 [10:07<12:37:04,  1.32it/s]{'loss': 4.8148, 'grad_norm': 0.6171875, 'learning_rate': 0.0005953051488188586, 'epoch': 0.01}

                                                      

  1%|          | 525/60627 [10:07<12:37:04,  1.32it/s]
  1%|          | 526/60627 [10:08<12:34:40,  1.33it/s]
                                                      
{'loss': 4.646, 'grad_norm': 0.6640625, 'learning_rate': 0.0005952952440695313, 'epoch': 0.01}

  1%|          | 526/60627 [10:08<12:34:40,  1.33it/s]
  1%|          | 527/60627 [10:09<12:33:06,  1.33it/s]
                                                      
{'loss': 4.9029, 'grad_norm': 0.71875, 'learning_rate': 0.000595285339320204, 'epoch': 0.01}

  1%|          | 527/60627 [10:09<12:33:06,  1.33it/s]
  1%|          | 528/60627 [10:09<12:32:19,  1.33it/s]
                                                      
{'loss': 4.6414, 'grad_norm': 0.64453125, 'learning_rate': 0.0005952754345708766, 'epoch': 0.01}

  1%|          | 528/60627 [10:09<12:32:19,  1.33it/s]
  1%|          | 529/60627 [10:10<12:34:46,  1.33it/s]
                                                      
{'loss': 5.0995, 'grad_norm': 0.6640625, 'learning_rate': 0.0005952655298215494, 'epoch': 0.01}

  1%|          | 529/60627 [10:10<12:34:46,  1.33it/s]
  1%|          | 530/60627 [10:11<12:31:37,  1.33it/s]{'loss': 4.852, 'grad_norm': 0.6875, 'learning_rate': 0.0005952556250722221, 'epoch': 0.01}

                                                      

  1%|          | 530/60627 [10:11<12:31:37,  1.33it/s]
  1%|          | 531/60627 [10:12<12:31:36,  1.33it/s]{'loss': 4.9349, 'grad_norm': 0.7734375, 'learning_rate': 0.0005952457203228948, 'epoch': 0.01}

                                                      

  1%|          | 531/60627 [10:12<12:31:36,  1.33it/s]
  1%|          | 532/60627 [10:12<12:30:26,  1.33it/s]
                                                      
{'loss': 4.6691, 'grad_norm': 0.76171875, 'learning_rate': 0.0005952358155735675, 'epoch': 0.01}

  1%|          | 532/60627 [10:12<12:30:26,  1.33it/s]
  1%|          | 533/60627 [10:13<12:30:51,  1.33it/s]
                                                      
{'loss': 4.7113, 'grad_norm': 0.64453125, 'learning_rate': 0.0005952259108242403, 'epoch': 0.01}

  1%|          | 533/60627 [10:13<12:30:51,  1.33it/s]
  1%|          | 534/60627 [10:14<12:28:10,  1.34it/s]
                                                      
{'loss': 4.3074, 'grad_norm': 0.74609375, 'learning_rate': 0.0005952160060749129, 'epoch': 0.01}

  1%|          | 534/60627 [10:14<12:28:10,  1.34it/s]
  1%|          | 535/60627 [10:15<12:28:14,  1.34it/s]
                                                      
{'loss': 4.5411, 'grad_norm': 0.77734375, 'learning_rate': 0.0005952061013255855, 'epoch': 0.01}

  1%|          | 535/60627 [10:15<12:28:14,  1.34it/s]
  1%|          | 536/60627 [10:15<12:28:09,  1.34it/s]{'loss': 4.5601, 'grad_norm': 0.73828125, 'learning_rate': 0.0005951961965762583, 'epoch': 0.01}

                                                      

  1%|          | 536/60627 [10:15<12:28:09,  1.34it/s]
  1%|          | 537/60627 [10:16<12:29:38,  1.34it/s]
                                                      
{'loss': 4.8732, 'grad_norm': 0.62109375, 'learning_rate': 0.0005951862918269309, 'epoch': 0.01}

  1%|          | 537/60627 [10:16<12:29:38,  1.34it/s]
  1%|          | 538/60627 [10:17<12:28:36,  1.34it/s]
                                                      
{'loss': 4.7969, 'grad_norm': 0.80859375, 'learning_rate': 0.0005951763870776037, 'epoch': 0.01}

  1%|          | 538/60627 [10:17<12:28:36,  1.34it/s]
  1%|          | 539/60627 [10:18<12:29:05,  1.34it/s]
                                                      
{'loss': 4.4588, 'grad_norm': 0.75390625, 'learning_rate': 0.0005951664823282763, 'epoch': 0.01}

  1%|          | 539/60627 [10:18<12:29:05,  1.34it/s]
  1%|          | 540/60627 [10:18<12:32:28,  1.33it/s]
                                                      
{'loss': 4.9315, 'grad_norm': 0.64453125, 'learning_rate': 0.0005951565775789491, 'epoch': 0.01}

  1%|          | 540/60627 [10:18<12:32:28,  1.33it/s]
  1%|          | 541/60627 [10:19<12:33:57,  1.33it/s]
                                                      
{'loss': 4.8748, 'grad_norm': 0.60546875, 'learning_rate': 0.0005951466728296217, 'epoch': 0.01}

  1%|          | 541/60627 [10:19<12:33:57,  1.33it/s]
  1%|          | 542/60627 [10:20<12:32:10,  1.33it/s]
                                                      
{'loss': 4.5062, 'grad_norm': 0.6953125, 'learning_rate': 0.0005951367680802945, 'epoch': 0.01}

  1%|          | 542/60627 [10:20<12:32:10,  1.33it/s]
  1%|          | 543/60627 [10:21<12:34:00,  1.33it/s]{'loss': 4.7981, 'grad_norm': 0.59765625, 'learning_rate': 0.0005951268633309671, 'epoch': 0.01}

                                                      

  1%|          | 543/60627 [10:21<12:34:00,  1.33it/s]
  1%|          | 544/60627 [10:21<12:33:30,  1.33it/s]{'loss': 4.6586, 'grad_norm': 0.71484375, 'learning_rate': 0.0005951169585816399, 'epoch': 0.01}

                                                      

  1%|          | 544/60627 [10:21<12:33:30,  1.33it/s]
  1%|          | 545/60627 [10:22<12:33:38,  1.33it/s]{'loss': 4.5421, 'grad_norm': 0.58984375, 'learning_rate': 0.0005951070538323125, 'epoch': 0.01}

                                                      

  1%|          | 545/60627 [10:22<12:33:38,  1.33it/s]
  1%|          | 546/60627 [10:23<12:34:17,  1.33it/s]
                                                      
{'loss': 4.8303, 'grad_norm': 0.625, 'learning_rate': 0.0005950971490829853, 'epoch': 0.01}

  1%|          | 546/60627 [10:23<12:34:17,  1.33it/s]
  1%|          | 547/60627 [10:24<12:35:47,  1.32it/s]
                                                      
{'loss': 4.8937, 'grad_norm': 0.6953125, 'learning_rate': 0.0005950872443336579, 'epoch': 0.01}

  1%|          | 547/60627 [10:24<12:35:47,  1.32it/s]
  1%|          | 548/60627 [10:24<12:34:59,  1.33it/s]
                                                      
{'loss': 4.6843, 'grad_norm': 0.76171875, 'learning_rate': 0.0005950773395843307, 'epoch': 0.01}

  1%|          | 548/60627 [10:24<12:34:59,  1.33it/s]
  1%|          | 549/60627 [10:25<12:33:12,  1.33it/s]
                                                      
{'loss': 4.8204, 'grad_norm': 0.64453125, 'learning_rate': 0.0005950674348350033, 'epoch': 0.01}

  1%|          | 549/60627 [10:25<12:33:12,  1.33it/s]
  1%|          | 550/60627 [10:26<12:33:34,  1.33it/s]
                                                      
{'loss': 4.6431, 'grad_norm': 0.98828125, 'learning_rate': 0.0005950575300856761, 'epoch': 0.01}

  1%|          | 550/60627 [10:26<12:33:34,  1.33it/s]
  1%|          | 551/60627 [10:27<12:33:47,  1.33it/s]
                                                      
{'loss': 4.99, 'grad_norm': 0.765625, 'learning_rate': 0.0005950476253363487, 'epoch': 0.01}

  1%|          | 551/60627 [10:27<12:33:47,  1.33it/s]
  1%|          | 552/60627 [10:27<12:33:13,  1.33it/s]{'loss': 4.7603, 'grad_norm': 0.703125, 'learning_rate': 0.0005950377205870213, 'epoch': 0.01}

                                                      

  1%|          | 552/60627 [10:27<12:33:13,  1.33it/s]
  1%|          | 553/60627 [10:28<12:32:11,  1.33it/s]
                                                      
{'loss': 4.473, 'grad_norm': 0.625, 'learning_rate': 0.0005950278158376941, 'epoch': 0.01}

  1%|          | 553/60627 [10:28<12:32:11,  1.33it/s]
  1%|          | 554/60627 [10:29<12:34:14,  1.33it/s]
                                                      
{'loss': 4.7582, 'grad_norm': 0.72265625, 'learning_rate': 0.0005950179110883668, 'epoch': 0.01}

  1%|          | 554/60627 [10:29<12:34:14,  1.33it/s]
  1%|          | 555/60627 [10:30<12:33:57,  1.33it/s]
                                                      
{'loss': 4.8806, 'grad_norm': 0.58984375, 'learning_rate': 0.0005950080063390395, 'epoch': 0.01}

  1%|          | 555/60627 [10:30<12:33:57,  1.33it/s]
  1%|          | 556/60627 [10:30<12:34:41,  1.33it/s]
                                                      
{'loss': 4.8233, 'grad_norm': 0.62890625, 'learning_rate': 0.0005949981015897122, 'epoch': 0.01}

  1%|          | 556/60627 [10:30<12:34:41,  1.33it/s]
  1%|          | 557/60627 [10:31<12:31:59,  1.33it/s]
                                                      
{'loss': 4.5496, 'grad_norm': 0.65625, 'learning_rate': 0.000594988196840385, 'epoch': 0.01}

  1%|          | 557/60627 [10:31<12:31:59,  1.33it/s]
  1%|          | 558/60627 [10:32<12:31:32,  1.33it/s]{'loss': 4.5458, 'grad_norm': 0.6875, 'learning_rate': 0.0005949782920910576, 'epoch': 0.01}

                                                      

  1%|          | 558/60627 [10:32<12:31:32,  1.33it/s]
  1%|          | 559/60627 [10:33<12:32:22,  1.33it/s]
                                                      
{'loss': 4.3811, 'grad_norm': 0.6640625, 'learning_rate': 0.0005949683873417303, 'epoch': 0.01}

  1%|          | 559/60627 [10:33<12:32:22,  1.33it/s]
  1%|          | 560/60627 [10:33<12:34:26,  1.33it/s]
                                                      
{'loss': 4.714, 'grad_norm': 0.6796875, 'learning_rate': 0.000594958482592403, 'epoch': 0.01}

  1%|          | 560/60627 [10:33<12:34:26,  1.33it/s]
  1%|          | 561/60627 [10:34<12:34:11,  1.33it/s]{'loss': 4.7584, 'grad_norm': 0.734375, 'learning_rate': 0.0005949485778430757, 'epoch': 0.01}

                                                      

  1%|          | 561/60627 [10:34<12:34:11,  1.33it/s]
  1%|          | 562/60627 [10:35<12:32:05,  1.33it/s]{'loss': 4.4389, 'grad_norm': 0.70703125, 'learning_rate': 0.0005949386730937484, 'epoch': 0.01}

                                                      

  1%|          | 562/60627 [10:35<12:32:05,  1.33it/s]
  1%|          | 563/60627 [10:36<12:33:57,  1.33it/s]{'loss': 4.6275, 'grad_norm': 0.74609375, 'learning_rate': 0.0005949287683444211, 'epoch': 0.01}

                                                      

  1%|          | 563/60627 [10:36<12:33:57,  1.33it/s]
  1%|          | 564/60627 [10:36<12:29:00,  1.34it/s]
                                                      
{'loss': 4.1171, 'grad_norm': 0.71484375, 'learning_rate': 0.0005949188635950938, 'epoch': 0.01}

  1%|          | 564/60627 [10:36<12:29:00,  1.34it/s]
  1%|          | 565/60627 [10:37<12:29:59,  1.33it/s]
                                                      
{'loss': 4.4431, 'grad_norm': 0.625, 'learning_rate': 0.0005949089588457665, 'epoch': 0.01}

  1%|          | 565/60627 [10:37<12:29:59,  1.33it/s]
  1%|          | 566/60627 [10:38<12:31:11,  1.33it/s]
                                                      
{'loss': 4.6952, 'grad_norm': 0.734375, 'learning_rate': 0.0005948990540964392, 'epoch': 0.01}

  1%|          | 566/60627 [10:38<12:31:11,  1.33it/s]
  1%|          | 567/60627 [10:39<12:32:33,  1.33it/s]
                                                      
{'loss': 4.8878, 'grad_norm': 0.64453125, 'learning_rate': 0.000594889149347112, 'epoch': 0.01}

  1%|          | 567/60627 [10:39<12:32:33,  1.33it/s]
  1%|          | 568/60627 [10:39<12:32:26,  1.33it/s]
                                                      
{'loss': 4.8441, 'grad_norm': 0.6328125, 'learning_rate': 0.0005948792445977846, 'epoch': 0.01}

  1%|          | 568/60627 [10:39<12:32:26,  1.33it/s]
  1%|          | 569/60627 [10:40<12:29:22,  1.34it/s]{'loss': 4.7302, 'grad_norm': 0.65625, 'learning_rate': 0.0005948693398484573, 'epoch': 0.01}

                                                      

  1%|          | 569/60627 [10:40<12:29:22,  1.34it/s]
  1%|          | 570/60627 [10:41<12:29:12,  1.34it/s]{'loss': 4.52, 'grad_norm': 0.74609375, 'learning_rate': 0.00059485943509913, 'epoch': 0.01}

                                                      

  1%|          | 570/60627 [10:41<12:29:12,  1.34it/s]
  1%|          | 571/60627 [10:42<12:28:52,  1.34it/s]{'loss': 4.9309, 'grad_norm': 0.6484375, 'learning_rate': 0.0005948495303498026, 'epoch': 0.01}

                                                      

  1%|          | 571/60627 [10:42<12:28:52,  1.34it/s]
  1%|          | 572/60627 [10:42<12:32:14,  1.33it/s]
                                                      
{'loss': 4.5355, 'grad_norm': 0.62109375, 'learning_rate': 0.0005948396256004754, 'epoch': 0.01}

  1%|          | 572/60627 [10:42<12:32:14,  1.33it/s]
  1%|          | 573/60627 [10:43<12:32:07,  1.33it/s]
                                                      
{'loss': 4.3615, 'grad_norm': 0.59375, 'learning_rate': 0.000594829720851148, 'epoch': 0.01}

  1%|          | 573/60627 [10:43<12:32:07,  1.33it/s]
  1%|          | 574/60627 [10:44<12:32:10,  1.33it/s]
                                                      
{'loss': 4.7296, 'grad_norm': 0.62890625, 'learning_rate': 0.0005948198161018208, 'epoch': 0.01}

  1%|          | 574/60627 [10:44<12:32:10,  1.33it/s]
  1%|          | 575/60627 [10:45<12:31:57,  1.33it/s]{'loss': 4.4281, 'grad_norm': 0.6796875, 'learning_rate': 0.0005948099113524934, 'epoch': 0.01}

                                                      

  1%|          | 575/60627 [10:45<12:31:57,  1.33it/s]
  1%|          | 576/60627 [10:45<12:32:20,  1.33it/s]
                                                      
{'loss': 4.534, 'grad_norm': 0.58984375, 'learning_rate': 0.0005948000066031662, 'epoch': 0.01}

  1%|          | 576/60627 [10:45<12:32:20,  1.33it/s]
  1%|          | 577/60627 [10:46<12:34:26,  1.33it/s]{'loss': 4.6393, 'grad_norm': 0.5390625, 'learning_rate': 0.0005947901018538389, 'epoch': 0.01}

                                                      

  1%|          | 577/60627 [10:46<12:34:26,  1.33it/s]
  1%|          | 578/60627 [10:47<12:34:36,  1.33it/s]
                                                      
{'loss': 4.709, 'grad_norm': 0.58984375, 'learning_rate': 0.0005947801971045116, 'epoch': 0.01}

  1%|          | 578/60627 [10:47<12:34:36,  1.33it/s]
  1%|          | 579/60627 [10:48<12:34:24,  1.33it/s]{'loss': 4.5842, 'grad_norm': 0.58984375, 'learning_rate': 0.0005947702923551842, 'epoch': 0.01}

                                                      

  1%|          | 579/60627 [10:48<12:34:24,  1.33it/s]
  1%|          | 580/60627 [10:48<12:34:16,  1.33it/s]
                                                      
{'loss': 4.8512, 'grad_norm': 0.71875, 'learning_rate': 0.000594760387605857, 'epoch': 0.01}

  1%|          | 580/60627 [10:48<12:34:16,  1.33it/s]
  1%|          | 581/60627 [10:49<12:34:46,  1.33it/s]
                                                      
{'loss': 4.623, 'grad_norm': 0.734375, 'learning_rate': 0.0005947504828565297, 'epoch': 0.01}

  1%|          | 581/60627 [10:49<12:34:46,  1.33it/s]
  1%|          | 582/60627 [10:50<12:33:03,  1.33it/s]{'loss': 4.3223, 'grad_norm': 0.65625, 'learning_rate': 0.0005947405781072024, 'epoch': 0.01}

                                                      

  1%|          | 582/60627 [10:50<12:33:03,  1.33it/s]
  1%|          | 583/60627 [10:51<12:29:17,  1.34it/s]
                                                      
{'loss': 4.4307, 'grad_norm': 0.74609375, 'learning_rate': 0.000594730673357875, 'epoch': 0.01}

  1%|          | 583/60627 [10:51<12:29:17,  1.34it/s]
  1%|          | 584/60627 [10:51<12:26:23,  1.34it/s]
                                                      
{'loss': 4.335, 'grad_norm': 0.73828125, 'learning_rate': 0.0005947207686085478, 'epoch': 0.01}

  1%|          | 584/60627 [10:51<12:26:23,  1.34it/s]
  1%|          | 585/60627 [10:52<12:29:17,  1.34it/s]
                                                      
{'loss': 4.8237, 'grad_norm': 0.68359375, 'learning_rate': 0.0005947108638592204, 'epoch': 0.01}

  1%|          | 585/60627 [10:52<12:29:17,  1.34it/s]
  1%|          | 586/60627 [10:53<12:26:42,  1.34it/s]{'loss': 4.5894, 'grad_norm': 0.6875, 'learning_rate': 0.0005947009591098932, 'epoch': 0.01}

                                                      

  1%|          | 586/60627 [10:53<12:26:42,  1.34it/s]
  1%|          | 587/60627 [10:54<12:26:56,  1.34it/s]
                                                      
{'loss': 4.7654, 'grad_norm': 0.6484375, 'learning_rate': 0.0005946910543605658, 'epoch': 0.01}

  1%|          | 587/60627 [10:54<12:26:56,  1.34it/s]
  1%|          | 588/60627 [10:54<12:27:28,  1.34it/s]
                                                      
{'loss': 4.5146, 'grad_norm': 0.7265625, 'learning_rate': 0.0005946811496112386, 'epoch': 0.01}

  1%|          | 588/60627 [10:54<12:27:28,  1.34it/s]
  1%|          | 589/60627 [10:55<12:27:59,  1.34it/s]
                                                      
{'loss': 4.3548, 'grad_norm': 0.5859375, 'learning_rate': 0.0005946712448619112, 'epoch': 0.01}

  1%|          | 589/60627 [10:55<12:27:59,  1.34it/s]
  1%|          | 590/60627 [10:56<12:28:49,  1.34it/s]
                                                      
{'loss': 4.8233, 'grad_norm': 0.65234375, 'learning_rate': 0.000594661340112584, 'epoch': 0.01}

  1%|          | 590/60627 [10:56<12:28:49,  1.34it/s]
  1%|          | 591/60627 [10:57<12:27:12,  1.34it/s]
                                                      
{'loss': 4.6036, 'grad_norm': 0.69140625, 'learning_rate': 0.0005946514353632567, 'epoch': 0.01}

  1%|          | 591/60627 [10:57<12:27:12,  1.34it/s]
  1%|          | 592/60627 [10:57<12:27:46,  1.34it/s]{'loss': 4.6589, 'grad_norm': 0.6796875, 'learning_rate': 0.0005946415306139293, 'epoch': 0.01}

                                                      

  1%|          | 592/60627 [10:57<12:27:46,  1.34it/s]
  1%|          | 593/60627 [10:58<12:28:58,  1.34it/s]
                                                      
{'loss': 4.8813, 'grad_norm': 0.71484375, 'learning_rate': 0.000594631625864602, 'epoch': 0.01}

  1%|          | 593/60627 [10:58<12:28:58,  1.34it/s]
  1%|          | 594/60627 [10:59<12:29:49,  1.33it/s]
                                                      
{'loss': 4.4945, 'grad_norm': 0.6015625, 'learning_rate': 0.0005946217211152747, 'epoch': 0.01}

  1%|          | 594/60627 [10:59<12:29:49,  1.33it/s]
  1%|          | 595/60627 [11:00<12:29:47,  1.33it/s]
                                                      
{'loss': 4.8427, 'grad_norm': 0.69140625, 'learning_rate': 0.0005946118163659474, 'epoch': 0.01}

  1%|          | 595/60627 [11:00<12:29:47,  1.33it/s]
  1%|          | 596/60627 [11:00<12:30:17,  1.33it/s]
                                                      
{'loss': 4.8462, 'grad_norm': 0.59765625, 'learning_rate': 0.0005946019116166201, 'epoch': 0.01}

  1%|          | 596/60627 [11:00<12:30:17,  1.33it/s]
  1%|          | 597/60627 [11:01<12:29:48,  1.33it/s]{'loss': 4.7455, 'grad_norm': 0.6171875, 'learning_rate': 0.0005945920068672928, 'epoch': 0.01}

                                                      

  1%|          | 597/60627 [11:01<12:29:48,  1.33it/s]
  1%|          | 598/60627 [11:02<12:29:57,  1.33it/s]
                                                      
{'loss': 4.8044, 'grad_norm': 0.6640625, 'learning_rate': 0.0005945821021179655, 'epoch': 0.01}

  1%|          | 598/60627 [11:02<12:29:57,  1.33it/s]
  1%|          | 599/60627 [11:03<12:29:55,  1.33it/s]
                                                      
{'loss': 4.3733, 'grad_norm': 0.65234375, 'learning_rate': 0.0005945721973686382, 'epoch': 0.01}

  1%|          | 599/60627 [11:03<12:29:55,  1.33it/s]
  1%|          | 600/60627 [11:03<12:32:04,  1.33it/s]
                                                      
{'loss': 4.4863, 'grad_norm': 0.58203125, 'learning_rate': 0.0005945622926193109, 'epoch': 0.01}

  1%|          | 600/60627 [11:03<12:32:04,  1.33it/s]

  0%|          | 0/157 [00:00<?, ?it/s][A

  1%|▏         | 2/157 [00:00<00:20,  7.66it/s][A

  2%|▏         | 3/157 [00:00<00:28,  5.40it/s][A

  3%|▎         | 4/157 [00:00<00:32,  4.68it/s][A

  3%|▎         | 5/157 [00:01<00:35,  4.33it/s][A

  4%|▍         | 6/157 [00:01<00:36,  4.15it/s][A

  4%|▍         | 7/157 [00:01<00:36,  4.06it/s][A

  5%|▌         | 8/157 [00:01<00:37,  4.00it/s][A

  6%|▌         | 9/157 [00:02<00:37,  3.95it/s][A

  6%|▋         | 10/157 [00:02<00:37,  3.91it/s][A

  7%|▋         | 11/157 [00:02<00:37,  3.88it/s][A

  8%|▊         | 12/157 [00:02<00:37,  3.86it/s][A

  8%|▊         | 13/157 [00:03<00:37,  3.84it/s][A

  9%|▉         | 14/157 [00:03<00:37,  3.86it/s][A

 10%|▉         | 15/157 [00:03<00:36,  3.85it/s][A

 10%|█         | 16/157 [00:03<00:36,  3.84it/s][A

 11%|█         | 17/157 [00:04<00:36,  3.84it/s][A

 11%|█▏        | 18/157 [00:04<00:36,  3.83it/s][A

 12%|█▏        | 19/157 [00:04<00:36,  3.83it/s][A

 13%|█▎        | 20/157 [00:04<00:35,  3.85it/s][A

 13%|█▎        | 21/157 [00:05<00:35,  3.83it/s][A

 14%|█▍        | 22/157 [00:05<00:35,  3.84it/s][A

 15%|█▍        | 23/157 [00:05<00:34,  3.84it/s][A

 15%|█▌        | 24/157 [00:05<00:34,  3.84it/s][A

 16%|█▌        | 25/157 [00:06<00:34,  3.83it/s][A

 17%|█▋        | 26/157 [00:06<00:34,  3.84it/s][A

 17%|█▋        | 27/157 [00:06<00:33,  3.83it/s][A

 18%|█▊        | 28/157 [00:07<00:33,  3.83it/s][A

 18%|█▊        | 29/157 [00:07<00:33,  3.83it/s][A

 19%|█▉        | 30/157 [00:07<00:33,  3.83it/s][A

 20%|█▉        | 31/157 [00:07<00:32,  3.83it/s][A

 20%|██        | 32/157 [00:08<00:32,  3.83it/s][A

 21%|██        | 33/157 [00:08<00:32,  3.83it/s][A

 22%|██▏       | 34/157 [00:08<00:32,  3.82it/s][A

 22%|██▏       | 35/157 [00:08<00:31,  3.82it/s][A

 23%|██▎       | 36/157 [00:09<00:31,  3.81it/s][A

 24%|██▎       | 37/157 [00:09<00:31,  3.81it/s][A

 24%|██▍       | 38/157 [00:09<00:31,  3.81it/s][A

 25%|██▍       | 39/157 [00:09<00:31,  3.81it/s][A

 25%|██▌       | 40/157 [00:10<00:30,  3.81it/s][A

 26%|██▌       | 41/157 [00:10<00:30,  3.82it/s][A

 27%|██▋       | 42/157 [00:10<00:30,  3.82it/s][A

 27%|██▋       | 43/157 [00:10<00:29,  3.81it/s][A

 28%|██▊       | 44/157 [00:11<00:29,  3.81it/s][A

 29%|██▊       | 45/157 [00:11<00:29,  3.85it/s][A

 29%|██▉       | 46/157 [00:11<00:28,  3.84it/s][A

 30%|██▉       | 47/157 [00:12<00:28,  3.84it/s][A

 31%|███       | 48/157 [00:12<00:28,  3.86it/s][A

 31%|███       | 49/157 [00:12<00:27,  3.87it/s][A

 32%|███▏      | 50/157 [00:12<00:27,  3.89it/s][A

 32%|███▏      | 51/157 [00:13<00:27,  3.90it/s][A

 33%|███▎      | 52/157 [00:13<00:27,  3.87it/s][A

 34%|███▍      | 53/157 [00:13<00:26,  3.85it/s][A

 34%|███▍      | 54/157 [00:13<00:26,  3.85it/s][A

 35%|███▌      | 55/157 [00:14<00:26,  3.85it/s][A

 36%|███▌      | 56/157 [00:14<00:26,  3.85it/s][A

 36%|███▋      | 57/157 [00:14<00:25,  3.86it/s][A

 37%|███▋      | 58/157 [00:14<00:25,  3.85it/s][A

 38%|███▊      | 59/157 [00:15<00:25,  3.84it/s][A

 38%|███▊      | 60/157 [00:15<00:25,  3.85it/s][A

 39%|███▉      | 61/157 [00:15<00:24,  3.85it/s][A

 39%|███▉      | 62/157 [00:15<00:24,  3.84it/s][A

 40%|████      | 63/157 [00:16<00:24,  3.83it/s][A

 41%|████      | 64/157 [00:16<00:24,  3.83it/s][A

 41%|████▏     | 65/157 [00:16<00:24,  3.83it/s][A

 42%|████▏     | 66/157 [00:16<00:23,  3.84it/s][A

 43%|████▎     | 67/157 [00:17<00:23,  3.83it/s][A

 43%|████▎     | 68/157 [00:17<00:23,  3.86it/s][A

 44%|████▍     | 69/157 [00:17<00:22,  3.85it/s][A

 45%|████▍     | 70/157 [00:17<00:22,  3.84it/s][A

 45%|████▌     | 71/157 [00:18<00:22,  3.83it/s][A

 46%|████▌     | 72/157 [00:18<00:22,  3.82it/s][A

 46%|████▋     | 73/157 [00:18<00:21,  3.84it/s][A

 47%|████▋     | 74/157 [00:19<00:21,  3.87it/s][A

 48%|████▊     | 75/157 [00:19<00:21,  3.89it/s][A

 48%|████▊     | 76/157 [00:19<00:20,  3.89it/s][A

 49%|████▉     | 77/157 [00:19<00:20,  3.90it/s][A

 50%|████▉     | 78/157 [00:20<00:20,  3.91it/s][A

 50%|█████     | 79/157 [00:20<00:19,  3.91it/s][A

 51%|█████     | 80/157 [00:20<00:19,  3.91it/s][A

 52%|█████▏    | 81/157 [00:20<00:19,  3.92it/s][A

 52%|█████▏    | 82/157 [00:21<00:19,  3.92it/s][A

 53%|█████▎    | 83/157 [00:21<00:18,  3.92it/s][A

 54%|█████▎    | 84/157 [00:21<00:18,  3.92it/s][A

 54%|█████▍    | 85/157 [00:21<00:18,  3.89it/s][A

 55%|█████▍    | 86/157 [00:22<00:18,  3.87it/s][A

 55%|█████▌    | 87/157 [00:22<00:17,  3.90it/s][A

 56%|█████▌    | 88/157 [00:22<00:17,  3.87it/s][A

 57%|█████▋    | 89/157 [00:22<00:17,  3.86it/s][A

 57%|█████▋    | 90/157 [00:23<00:17,  3.86it/s][A

 58%|█████▊    | 91/157 [00:23<00:17,  3.85it/s][A

 59%|█████▊    | 92/157 [00:23<00:16,  3.85it/s][A

 59%|█████▉    | 93/157 [00:23<00:16,  3.85it/s][A

 60%|█████▉    | 94/157 [00:24<00:16,  3.86it/s][A

 61%|██████    | 95/157 [00:24<00:15,  3.88it/s][A

 61%|██████    | 96/157 [00:24<00:15,  3.90it/s][A

 62%|██████▏   | 97/157 [00:24<00:15,  3.91it/s][A

 62%|██████▏   | 98/157 [00:25<00:15,  3.92it/s][A

 63%|██████▎   | 99/157 [00:25<00:14,  3.95it/s][A

 64%|██████▎   | 100/157 [00:25<00:14,  3.96it/s][A

 64%|██████▍   | 101/157 [00:25<00:14,  3.97it/s][A

 65%|██████▍   | 102/157 [00:26<00:13,  3.97it/s][A

 66%|██████▌   | 103/157 [00:26<00:13,  3.97it/s][A

 66%|██████▌   | 104/157 [00:26<00:13,  3.99it/s][A

 67%|██████▋   | 105/157 [00:26<00:12,  4.00it/s][A

 68%|██████▊   | 106/157 [00:27<00:12,  3.98it/s][A

 68%|██████▊   | 107/157 [00:27<00:12,  3.97it/s][A

 69%|██████▉   | 108/157 [00:27<00:12,  3.96it/s][A

 69%|██████▉   | 109/157 [00:27<00:12,  3.95it/s][A

 70%|███████   | 110/157 [00:28<00:11,  3.97it/s][A

 71%|███████   | 111/157 [00:28<00:11,  3.99it/s][A

 71%|███████▏  | 112/157 [00:28<00:11,  4.00it/s][A

 72%|███████▏  | 113/157 [00:28<00:10,  4.02it/s][A

 73%|███████▎  | 114/157 [00:29<00:10,  4.03it/s][A

 73%|███████▎  | 115/157 [00:29<00:10,  4.03it/s][A

 74%|███████▍  | 116/157 [00:29<00:10,  4.02it/s][A

 75%|███████▍  | 117/157 [00:29<00:09,  4.03it/s][A

 75%|███████▌  | 118/157 [00:30<00:09,  4.04it/s][A

 76%|███████▌  | 119/157 [00:30<00:09,  4.05it/s][A

 76%|███████▋  | 120/157 [00:30<00:09,  4.05it/s][A

 77%|███████▋  | 121/157 [00:30<00:08,  4.05it/s][A

 78%|███████▊  | 122/157 [00:31<00:08,  4.05it/s][A

 78%|███████▊  | 123/157 [00:31<00:08,  4.06it/s][A

 79%|███████▉  | 124/157 [00:31<00:08,  4.06it/s][A

 80%|███████▉  | 125/157 [00:31<00:07,  4.07it/s][A

 80%|████████  | 126/157 [00:32<00:07,  4.08it/s][A

 81%|████████  | 127/157 [00:32<00:07,  4.08it/s][A

 82%|████████▏ | 128/157 [00:32<00:07,  4.06it/s][A

 82%|████████▏ | 129/157 [00:32<00:06,  4.02it/s][A

 83%|████████▎ | 130/157 [00:33<00:06,  3.98it/s][A

 83%|████████▎ | 131/157 [00:33<00:06,  3.94it/s][A

 84%|████████▍ | 132/157 [00:33<00:06,  3.89it/s][A

 85%|████████▍ | 133/157 [00:33<00:06,  3.87it/s][A

 85%|████████▌ | 134/157 [00:34<00:05,  3.85it/s][A

 86%|████████▌ | 135/157 [00:34<00:05,  3.84it/s][A

 87%|████████▋ | 136/157 [00:34<00:05,  3.83it/s][A

 87%|████████▋ | 137/157 [00:34<00:05,  3.83it/s][A

 88%|████████▊ | 138/157 [00:35<00:04,  3.86it/s][A

 89%|████████▊ | 139/157 [00:35<00:04,  3.87it/s][A

 89%|████████▉ | 140/157 [00:35<00:04,  3.85it/s][A

 90%|████████▉ | 141/157 [00:36<00:04,  3.84it/s][A

 90%|█████████ | 142/157 [00:36<00:03,  3.84it/s][A

 91%|█████████ | 143/157 [00:36<00:03,  3.86it/s][A

 92%|█████████▏| 144/157 [00:36<00:03,  3.87it/s][A

 92%|█████████▏| 145/157 [00:37<00:03,  3.87it/s][A

 93%|█████████▎| 146/157 [00:37<00:02,  3.86it/s][A

 94%|█████████▎| 147/157 [00:37<00:02,  3.85it/s][A

 94%|█████████▍| 148/157 [00:37<00:02,  3.84it/s][A

 95%|█████████▍| 149/157 [00:38<00:02,  3.83it/s][A

 96%|█████████▌| 150/157 [00:38<00:01,  3.83it/s][A

 96%|█████████▌| 151/157 [00:38<00:01,  3.84it/s][A

 97%|█████████▋| 152/157 [00:38<00:01,  3.86it/s][A

 97%|█████████▋| 153/157 [00:39<00:01,  3.85it/s][A

 98%|█████████▊| 154/157 [00:39<00:00,  3.85it/s][A

 99%|█████████▊| 155/157 [00:39<00:00,  3.85it/s][A

 99%|█████████▉| 156/157 [00:39<00:00,  3.83it/s][A

100%|██████████| 157/157 [00:40<00:00,  4.14it/s][A{'eval_loss': 5.1998796463012695, 'eval_runtime': 40.4766, 'eval_samples_per_second': 123.528, 'eval_steps_per_second': 3.879, 'epoch': 0.01}

                                                      

                                                 
[A
  1%|          | 600/60627 [11:44<12:32:04,  1.33it/s]

100%|██████████| 157/157 [00:40<00:00,  4.14it/s][A

                                                 [A
  1%|          | 601/60627 [11:47<227:09:20, 13.62s/it]{'loss': 4.8076, 'grad_norm': 0.7890625, 'learning_rate': 0.0005945523878699837, 'epoch': 0.01}

                                                       

  1%|          | 601/60627 [11:47<227:09:20, 13.62s/it]
  1%|          | 602/60627 [11:48<162:48:47,  9.76s/it]
                                                       
{'loss': 4.7531, 'grad_norm': 0.76171875, 'learning_rate': 0.0005945424831206563, 'epoch': 0.01}

  1%|          | 602/60627 [11:48<162:48:47,  9.76s/it]
  1%|          | 603/60627 [11:49<117:45:44,  7.06s/it]{'loss': 4.6341, 'grad_norm': 0.67578125, 'learning_rate': 0.000594532578371329, 'epoch': 0.01}

                                                       

  1%|          | 603/60627 [11:49<117:45:44,  7.06s/it]
  1%|          | 604/60627 [11:49<86:08:42,  5.17s/it] {'loss': 4.4118, 'grad_norm': 0.69921875, 'learning_rate': 0.0005945226736220017, 'epoch': 0.01}

                                                      

  1%|          | 604/60627 [11:49<86:08:42,  5.17s/it]
  1%|          | 605/60627 [11:50<64:04:17,  3.84s/it]{'loss': 4.6109, 'grad_norm': 0.66015625, 'learning_rate': 0.0005945127688726745, 'epoch': 0.01}

                                                      

  1%|          | 605/60627 [11:50<64:04:17,  3.84s/it]
  1%|          | 606/60627 [11:51<48:34:46,  2.91s/it]
                                                      
{'loss': 4.5225, 'grad_norm': 0.6796875, 'learning_rate': 0.0005945028641233471, 'epoch': 0.01}

  1%|          | 606/60627 [11:51<48:34:46,  2.91s/it]
  1%|          | 607/60627 [11:52<37:41:45,  2.26s/it]
                                                      
{'loss': 4.3966, 'grad_norm': 0.6796875, 'learning_rate': 0.0005944929593740197, 'epoch': 0.01}

  1%|          | 607/60627 [11:52<37:41:45,  2.26s/it]
  1%|          | 608/60627 [11:52<30:07:37,  1.81s/it]
                                                      
{'loss': 4.8105, 'grad_norm': 0.7265625, 'learning_rate': 0.0005944830546246925, 'epoch': 0.01}

  1%|          | 608/60627 [11:52<30:07:37,  1.81s/it]
  1%|          | 609/60627 [11:53<24:50:13,  1.49s/it]{'loss': 4.7094, 'grad_norm': 0.65625, 'learning_rate': 0.0005944731498753651, 'epoch': 0.01}

                                                      

  1%|          | 609/60627 [11:53<24:50:13,  1.49s/it]
  1%|          | 610/60627 [11:54<21:09:25,  1.27s/it]
                                                      
{'loss': 4.7663, 'grad_norm': 0.69921875, 'learning_rate': 0.0005944632451260379, 'epoch': 0.01}

  1%|          | 610/60627 [11:54<21:09:25,  1.27s/it]
  1%|          | 611/60627 [11:55<18:33:00,  1.11s/it]
                                                      
{'loss': 4.5177, 'grad_norm': 0.625, 'learning_rate': 0.0005944533403767106, 'epoch': 0.01}

  1%|          | 611/60627 [11:55<18:33:00,  1.11s/it]
  1%|          | 612/60627 [11:55<16:45:41,  1.01s/it]
                                                      
{'loss': 4.6066, 'grad_norm': 0.58203125, 'learning_rate': 0.0005944434356273833, 'epoch': 0.01}

  1%|          | 612/60627 [11:55<16:45:41,  1.01s/it]
  1%|          | 613/60627 [11:56<15:30:27,  1.07it/s]
                                                      
{'loss': 4.3307, 'grad_norm': 0.69140625, 'learning_rate': 0.0005944335308780559, 'epoch': 0.01}

  1%|          | 613/60627 [11:56<15:30:27,  1.07it/s]
  1%|          | 614/60627 [11:57<14:33:12,  1.15it/s]
                                                      
{'loss': 4.5462, 'grad_norm': 0.640625, 'learning_rate': 0.0005944236261287287, 'epoch': 0.01}

  1%|          | 614/60627 [11:57<14:33:12,  1.15it/s]
  1%|          | 615/60627 [11:58<13:53:10,  1.20it/s]
                                                      
{'loss': 4.323, 'grad_norm': 0.703125, 'learning_rate': 0.0005944137213794014, 'epoch': 0.01}

  1%|          | 615/60627 [11:58<13:53:10,  1.20it/s]
  1%|          | 616/60627 [11:58<13:29:44,  1.24it/s]
                                                      
{'loss': 4.4886, 'grad_norm': 0.65625, 'learning_rate': 0.0005944038166300741, 'epoch': 0.01}

  1%|          | 616/60627 [11:58<13:29:44,  1.24it/s]
  1%|          | 617/60627 [11:59<13:12:39,  1.26it/s]
                                                      
{'loss': 4.6487, 'grad_norm': 0.6015625, 'learning_rate': 0.0005943939118807467, 'epoch': 0.01}

  1%|          | 617/60627 [11:59<13:12:39,  1.26it/s]
  1%|          | 618/60627 [12:00<12:59:30,  1.28it/s]
                                                      
{'loss': 4.372, 'grad_norm': 0.5859375, 'learning_rate': 0.0005943840071314195, 'epoch': 0.01}

  1%|          | 618/60627 [12:00<12:59:30,  1.28it/s]
  1%|          | 619/60627 [12:01<12:47:34,  1.30it/s]{'loss': 3.9558, 'grad_norm': 0.59375, 'learning_rate': 0.0005943741023820921, 'epoch': 0.01}

                                                      

  1%|          | 619/60627 [12:01<12:47:34,  1.30it/s]
  1%|          | 620/60627 [12:01<12:41:53,  1.31it/s]
                                                      
{'loss': 4.6576, 'grad_norm': 0.609375, 'learning_rate': 0.0005943641976327649, 'epoch': 0.01}

  1%|          | 620/60627 [12:01<12:41:53,  1.31it/s]
  1%|          | 621/60627 [12:02<12:37:07,  1.32it/s]{'loss': 4.5151, 'grad_norm': 0.6640625, 'learning_rate': 0.0005943542928834376, 'epoch': 0.01}

                                                      

  1%|          | 621/60627 [12:02<12:37:07,  1.32it/s]
  1%|          | 622/60627 [12:03<12:35:04,  1.32it/s]
                                                      
{'loss': 4.8674, 'grad_norm': 0.62109375, 'learning_rate': 0.0005943443881341103, 'epoch': 0.01}

  1%|          | 622/60627 [12:03<12:35:04,  1.32it/s]
  1%|          | 623/60627 [12:04<12:33:50,  1.33it/s]
                                                      
{'loss': 4.6198, 'grad_norm': 0.58203125, 'learning_rate': 0.0005943344833847829, 'epoch': 0.01}

  1%|          | 623/60627 [12:04<12:33:50,  1.33it/s]
  1%|          | 624/60627 [12:04<12:32:18,  1.33it/s]{'loss': 4.6465, 'grad_norm': 0.6796875, 'learning_rate': 0.0005943245786354557, 'epoch': 0.01}

                                                      

  1%|          | 624/60627 [12:04<12:32:18,  1.33it/s]
  1%|          | 625/60627 [12:05<12:30:39,  1.33it/s]
                                                      
{'loss': 4.6707, 'grad_norm': 0.5859375, 'learning_rate': 0.0005943146738861284, 'epoch': 0.01}

  1%|          | 625/60627 [12:05<12:30:39,  1.33it/s]
  1%|          | 626/60627 [12:06<12:29:32,  1.33it/s]{'loss': 4.7495, 'grad_norm': 0.66796875, 'learning_rate': 0.000594304769136801, 'epoch': 0.01}

                                                      

  1%|          | 626/60627 [12:06<12:29:32,  1.33it/s]
  1%|          | 627/60627 [12:07<12:31:35,  1.33it/s]
                                                      
{'loss': 4.8665, 'grad_norm': 0.71484375, 'learning_rate': 0.0005942948643874737, 'epoch': 0.01}

  1%|          | 627/60627 [12:07<12:31:35,  1.33it/s]
  1%|          | 628/60627 [12:07<12:32:15,  1.33it/s]{'loss': 4.8032, 'grad_norm': 0.640625, 'learning_rate': 0.0005942849596381464, 'epoch': 0.01}

                                                      

  1%|          | 628/60627 [12:07<12:32:15,  1.33it/s]
  1%|          | 629/60627 [12:08<12:31:48,  1.33it/s]{'loss': 4.4163, 'grad_norm': 0.859375, 'learning_rate': 0.0005942750548888192, 'epoch': 0.01}

                                                      

  1%|          | 629/60627 [12:08<12:31:48,  1.33it/s]
  1%|          | 630/60627 [12:09<12:29:50,  1.33it/s]
                                                      
{'loss': 4.3117, 'grad_norm': 0.65625, 'learning_rate': 0.0005942651501394918, 'epoch': 0.01}

  1%|          | 630/60627 [12:09<12:29:50,  1.33it/s]
  1%|          | 631/60627 [12:10<12:31:27,  1.33it/s]{'loss': 4.9525, 'grad_norm': 0.7421875, 'learning_rate': 0.0005942552453901645, 'epoch': 0.01}

                                                      

  1%|          | 631/60627 [12:10<12:31:27,  1.33it/s]
  1%|          | 632/60627 [12:10<12:27:59,  1.34it/s]
                                                      
{'loss': 4.7133, 'grad_norm': 0.765625, 'learning_rate': 0.0005942453406408372, 'epoch': 0.01}

  1%|          | 632/60627 [12:10<12:27:59,  1.34it/s]
  1%|          | 633/60627 [12:11<12:28:59,  1.34it/s]
                                                      
{'loss': 4.8021, 'grad_norm': 0.6484375, 'learning_rate': 0.0005942354358915099, 'epoch': 0.01}

  1%|          | 633/60627 [12:11<12:28:59,  1.34it/s]
  1%|          | 634/60627 [12:12<12:29:15,  1.33it/s]
                                                      
{'loss': 4.4463, 'grad_norm': 0.60546875, 'learning_rate': 0.0005942255311421826, 'epoch': 0.01}

  1%|          | 634/60627 [12:12<12:29:15,  1.33it/s]
  1%|          | 635/60627 [12:13<12:32:12,  1.33it/s]
                                                      
{'loss': 5.0209, 'grad_norm': 0.66796875, 'learning_rate': 0.0005942156263928554, 'epoch': 0.01}

  1%|          | 635/60627 [12:13<12:32:12,  1.33it/s]
  1%|          | 636/60627 [12:13<12:29:59,  1.33it/s]
                                                      
{'loss': 4.4277, 'grad_norm': 0.69921875, 'learning_rate': 0.000594205721643528, 'epoch': 0.01}

  1%|          | 636/60627 [12:13<12:29:59,  1.33it/s]
  1%|          | 637/60627 [12:14<12:28:19,  1.34it/s]{'loss': 4.108, 'grad_norm': 0.63671875, 'learning_rate': 0.0005941958168942007, 'epoch': 0.01}

                                                      

  1%|          | 637/60627 [12:14<12:28:19,  1.34it/s]
  1%|          | 638/60627 [12:15<12:28:43,  1.34it/s]
                                                      
{'loss': 4.7181, 'grad_norm': 0.625, 'learning_rate': 0.0005941859121448734, 'epoch': 0.01}

  1%|          | 638/60627 [12:15<12:28:43,  1.34it/s]
  1%|          | 639/60627 [12:16<12:30:20,  1.33it/s]{'loss': 4.7057, 'grad_norm': 0.6875, 'learning_rate': 0.0005941760073955462, 'epoch': 0.01}

                                                      

  1%|          | 639/60627 [12:16<12:30:20,  1.33it/s]
  1%|          | 640/60627 [12:16<12:30:53,  1.33it/s]
                                                      
{'loss': 4.5163, 'grad_norm': 0.6015625, 'learning_rate': 0.0005941661026462188, 'epoch': 0.01}

  1%|          | 640/60627 [12:16<12:30:53,  1.33it/s]
  1%|          | 641/60627 [12:17<12:28:35,  1.34it/s]
                                                      
{'loss': 4.5241, 'grad_norm': 0.640625, 'learning_rate': 0.0005941561978968915, 'epoch': 0.01}

  1%|          | 641/60627 [12:17<12:28:35,  1.34it/s]
  1%|          | 642/60627 [12:18<12:27:39,  1.34it/s]
                                                      
{'loss': 4.2866, 'grad_norm': 0.62109375, 'learning_rate': 0.0005941462931475642, 'epoch': 0.01}

  1%|          | 642/60627 [12:18<12:27:39,  1.34it/s]
  1%|          | 643/60627 [12:19<12:30:45,  1.33it/s]
                                                      
{'loss': 4.6709, 'grad_norm': 0.6328125, 'learning_rate': 0.0005941363883982368, 'epoch': 0.01}

  1%|          | 643/60627 [12:19<12:30:45,  1.33it/s]
  1%|          | 644/60627 [12:19<12:31:22,  1.33it/s]
                                                      
{'loss': 4.1813, 'grad_norm': 0.6015625, 'learning_rate': 0.0005941264836489096, 'epoch': 0.01}

  1%|          | 644/60627 [12:19<12:31:22,  1.33it/s]
  1%|          | 645/60627 [12:20<12:31:50,  1.33it/s]
                                                      
{'loss': 4.4666, 'grad_norm': 0.6015625, 'learning_rate': 0.0005941165788995824, 'epoch': 0.01}

  1%|          | 645/60627 [12:20<12:31:50,  1.33it/s]
  1%|          | 646/60627 [12:21<12:31:52,  1.33it/s]
                                                      
{'loss': 4.7026, 'grad_norm': 0.59765625, 'learning_rate': 0.000594106674150255, 'epoch': 0.01}

  1%|          | 646/60627 [12:21<12:31:52,  1.33it/s]
  1%|          | 647/60627 [12:22<12:27:32,  1.34it/s]{'loss': 4.2225, 'grad_norm': 0.66796875, 'learning_rate': 0.0005940967694009276, 'epoch': 0.01}

                                                      

  1%|          | 647/60627 [12:22<12:27:32,  1.34it/s]
  1%|          | 648/60627 [12:22<12:26:09,  1.34it/s]
                                                      
{'loss': 4.5017, 'grad_norm': 0.69921875, 'learning_rate': 0.0005940868646516004, 'epoch': 0.01}

  1%|          | 648/60627 [12:22<12:26:09,  1.34it/s]
  1%|          | 649/60627 [12:23<12:29:50,  1.33it/s]{'loss': 4.4574, 'grad_norm': 0.71484375, 'learning_rate': 0.0005940769599022731, 'epoch': 0.01}

                                                      

  1%|          | 649/60627 [12:23<12:29:50,  1.33it/s]
  1%|          | 650/60627 [12:24<12:27:13,  1.34it/s]
                                                      
{'loss': 4.7329, 'grad_norm': 0.640625, 'learning_rate': 0.0005940670551529458, 'epoch': 0.01}

  1%|          | 650/60627 [12:24<12:27:13,  1.34it/s]
  1%|          | 651/60627 [12:25<12:28:29,  1.34it/s]
                                                      
{'loss': 4.6189, 'grad_norm': 0.62109375, 'learning_rate': 0.0005940571504036184, 'epoch': 0.01}

  1%|          | 651/60627 [12:25<12:28:29,  1.34it/s]
  1%|          | 652/60627 [12:25<12:30:49,  1.33it/s]
                                                      
{'loss': 4.8886, 'grad_norm': 0.609375, 'learning_rate': 0.0005940472456542912, 'epoch': 0.01}

  1%|          | 652/60627 [12:25<12:30:49,  1.33it/s]
  1%|          | 653/60627 [12:26<12:28:53,  1.33it/s]{'loss': 4.5903, 'grad_norm': 0.7109375, 'learning_rate': 0.0005940373409049639, 'epoch': 0.01}

                                                      

  1%|          | 653/60627 [12:26<12:28:53,  1.33it/s]
  1%|          | 654/60627 [12:27<12:26:24,  1.34it/s]
                                                      
{'loss': 4.7423, 'grad_norm': 0.59765625, 'learning_rate': 0.0005940274361556366, 'epoch': 0.01}

  1%|          | 654/60627 [12:27<12:26:24,  1.34it/s]
  1%|          | 655/60627 [12:28<12:27:10,  1.34it/s]{'loss': 4.5011, 'grad_norm': 0.65625, 'learning_rate': 0.0005940175314063093, 'epoch': 0.01}

                                                      

  1%|          | 655/60627 [12:28<12:27:10,  1.34it/s]
  1%|          | 656/60627 [12:28<12:27:23,  1.34it/s]{'loss': 4.3493, 'grad_norm': 0.6484375, 'learning_rate': 0.000594007626656982, 'epoch': 0.01}

                                                      

  1%|          | 656/60627 [12:28<12:27:23,  1.34it/s]
  1%|          | 657/60627 [12:29<12:29:07,  1.33it/s]
                                                      
{'loss': 4.6196, 'grad_norm': 0.640625, 'learning_rate': 0.0005939977219076546, 'epoch': 0.01}

  1%|          | 657/60627 [12:29<12:29:07,  1.33it/s]
  1%|          | 658/60627 [12:30<12:30:21,  1.33it/s]{'loss': 4.5617, 'grad_norm': 0.58203125, 'learning_rate': 0.0005939878171583274, 'epoch': 0.01}

                                                      

  1%|          | 658/60627 [12:30<12:30:21,  1.33it/s]
  1%|          | 659/60627 [12:31<12:31:40,  1.33it/s]{'loss': 4.4465, 'grad_norm': 0.6328125, 'learning_rate': 0.0005939779124090001, 'epoch': 0.01}

                                                      

  1%|          | 659/60627 [12:31<12:31:40,  1.33it/s]
  1%|          | 660/60627 [12:31<12:30:02,  1.33it/s]
                                                      
{'loss': 3.8854, 'grad_norm': 0.62890625, 'learning_rate': 0.0005939680076596728, 'epoch': 0.01}

  1%|          | 660/60627 [12:31<12:30:02,  1.33it/s]
  1%|          | 661/60627 [12:32<12:30:00,  1.33it/s]
                                                      
{'loss': 4.6685, 'grad_norm': 0.640625, 'learning_rate': 0.0005939581029103454, 'epoch': 0.01}

  1%|          | 661/60627 [12:32<12:30:00,  1.33it/s]
  1%|          | 662/60627 [12:33<12:29:45,  1.33it/s]
                                                      
{'loss': 4.16, 'grad_norm': 0.671875, 'learning_rate': 0.0005939481981610182, 'epoch': 0.01}

  1%|          | 662/60627 [12:33<12:29:45,  1.33it/s]
  1%|          | 663/60627 [12:34<12:29:48,  1.33it/s]
                                                      
{'loss': 4.4104, 'grad_norm': 0.68359375, 'learning_rate': 0.0005939382934116909, 'epoch': 0.01}

  1%|          | 663/60627 [12:34<12:29:48,  1.33it/s]
  1%|          | 664/60627 [12:34<12:28:24,  1.34it/s]
                                                      
{'loss': 4.5322, 'grad_norm': 0.78515625, 'learning_rate': 0.0005939283886623635, 'epoch': 0.01}

  1%|          | 664/60627 [12:34<12:28:24,  1.34it/s]
  1%|          | 665/60627 [12:35<12:26:49,  1.34it/s]
                                                      
{'loss': 4.0645, 'grad_norm': 0.70703125, 'learning_rate': 0.0005939184839130363, 'epoch': 0.01}

  1%|          | 665/60627 [12:35<12:26:49,  1.34it/s]
  1%|          | 666/60627 [12:36<12:27:26,  1.34it/s]
                                                      
{'loss': 4.4511, 'grad_norm': 0.7734375, 'learning_rate': 0.0005939085791637089, 'epoch': 0.01}

  1%|          | 666/60627 [12:36<12:27:26,  1.34it/s]
  1%|          | 667/60627 [12:37<12:27:28,  1.34it/s]
                                                      
{'loss': 4.5451, 'grad_norm': 0.65625, 'learning_rate': 0.0005938986744143816, 'epoch': 0.01}

  1%|          | 667/60627 [12:37<12:27:28,  1.34it/s]
  1%|          | 668/60627 [12:37<12:26:53,  1.34it/s]
                                                      
{'loss': 4.4937, 'grad_norm': 0.6875, 'learning_rate': 0.0005938887696650543, 'epoch': 0.01}

  1%|          | 668/60627 [12:37<12:26:53,  1.34it/s]
  1%|          | 669/60627 [12:38<12:28:59,  1.33it/s]
                                                      
{'loss': 4.4006, 'grad_norm': 0.74609375, 'learning_rate': 0.0005938788649157271, 'epoch': 0.01}

  1%|          | 669/60627 [12:38<12:28:59,  1.33it/s]
  1%|          | 670/60627 [12:39<12:28:42,  1.33it/s]
                                                      
{'loss': 4.3566, 'grad_norm': 0.6484375, 'learning_rate': 0.0005938689601663997, 'epoch': 0.01}

  1%|          | 670/60627 [12:39<12:28:42,  1.33it/s]
  1%|          | 671/60627 [12:40<12:28:00,  1.34it/s]
                                                      
{'loss': 4.2472, 'grad_norm': 0.66015625, 'learning_rate': 0.0005938590554170724, 'epoch': 0.01}

  1%|          | 671/60627 [12:40<12:28:00,  1.34it/s]
  1%|          | 672/60627 [12:40<12:28:06,  1.34it/s]
                                                      
{'loss': 4.0746, 'grad_norm': 0.66015625, 'learning_rate': 0.0005938491506677451, 'epoch': 0.01}

  1%|          | 672/60627 [12:40<12:28:06,  1.34it/s]
  1%|          | 673/60627 [12:41<12:28:22,  1.34it/s]{'loss': 4.5719, 'grad_norm': 0.6875, 'learning_rate': 0.0005938392459184179, 'epoch': 0.01}

                                                      

  1%|          | 673/60627 [12:41<12:28:22,  1.34it/s]
  1%|          | 674/60627 [12:42<12:29:10,  1.33it/s]
                                                      
{'loss': 4.4021, 'grad_norm': 0.58203125, 'learning_rate': 0.0005938293411690905, 'epoch': 0.01}

  1%|          | 674/60627 [12:42<12:29:10,  1.33it/s]
  1%|          | 675/60627 [12:43<12:29:36,  1.33it/s]{'loss': 4.4497, 'grad_norm': 0.68359375, 'learning_rate': 0.0005938194364197633, 'epoch': 0.01}

                                                      

  1%|          | 675/60627 [12:43<12:29:36,  1.33it/s]
  1%|          | 676/60627 [12:43<12:28:51,  1.33it/s]
                                                      
{'loss': 4.6397, 'grad_norm': 0.6875, 'learning_rate': 0.0005938095316704359, 'epoch': 0.01}

  1%|          | 676/60627 [12:43<12:28:51,  1.33it/s]
  1%|          | 677/60627 [12:44<12:30:53,  1.33it/s]
                                                      
{'loss': 4.7586, 'grad_norm': 0.6328125, 'learning_rate': 0.0005937996269211087, 'epoch': 0.01}

  1%|          | 677/60627 [12:44<12:30:53,  1.33it/s]
  1%|          | 678/60627 [12:45<12:29:13,  1.33it/s]
                                                      
{'loss': 4.2972, 'grad_norm': 0.64453125, 'learning_rate': 0.0005937897221717813, 'epoch': 0.01}

  1%|          | 678/60627 [12:45<12:29:13,  1.33it/s]
  1%|          | 679/60627 [12:46<12:27:55,  1.34it/s]
                                                      
{'loss': 4.5194, 'grad_norm': 0.7421875, 'learning_rate': 0.0005937798174224541, 'epoch': 0.01}

  1%|          | 679/60627 [12:46<12:27:55,  1.34it/s]
  1%|          | 680/60627 [12:46<12:27:06,  1.34it/s]{'loss': 4.8359, 'grad_norm': 0.6796875, 'learning_rate': 0.0005937699126731267, 'epoch': 0.01}

                                                      

  1%|          | 680/60627 [12:46<12:27:06,  1.34it/s]
  1%|          | 681/60627 [12:47<12:29:40,  1.33it/s]{'loss': 4.8845, 'grad_norm': 0.59375, 'learning_rate': 0.0005937600079237993, 'epoch': 0.01}

                                                      

  1%|          | 681/60627 [12:47<12:29:40,  1.33it/s]
  1%|          | 682/60627 [12:48<12:30:13,  1.33it/s]
                                                      
{'loss': 4.5963, 'grad_norm': 0.6640625, 'learning_rate': 0.0005937501031744721, 'epoch': 0.01}

  1%|          | 682/60627 [12:48<12:30:13,  1.33it/s]
  1%|          | 683/60627 [12:49<12:30:31,  1.33it/s]
                                                      
{'loss': 4.3847, 'grad_norm': 0.61328125, 'learning_rate': 0.0005937401984251448, 'epoch': 0.01}

  1%|          | 683/60627 [12:49<12:30:31,  1.33it/s]
  1%|          | 684/60627 [12:49<12:31:17,  1.33it/s]
                                                      
{'loss': 4.4606, 'grad_norm': 0.6015625, 'learning_rate': 0.0005937302936758175, 'epoch': 0.01}

  1%|          | 684/60627 [12:49<12:31:17,  1.33it/s]
  1%|          | 685/60627 [12:50<12:27:29,  1.34it/s]
                                                      
{'loss': 4.3154, 'grad_norm': 0.6953125, 'learning_rate': 0.0005937203889264901, 'epoch': 0.01}

  1%|          | 685/60627 [12:50<12:27:29,  1.34it/s]
  1%|          | 686/60627 [12:51<12:27:12,  1.34it/s]{'loss': 4.3719, 'grad_norm': 0.63671875, 'learning_rate': 0.0005937104841771629, 'epoch': 0.01}

                                                      

  1%|          | 686/60627 [12:51<12:27:12,  1.34it/s]
  1%|          | 687/60627 [12:52<12:26:17,  1.34it/s]
                                                      
{'loss': 4.2801, 'grad_norm': 0.59375, 'learning_rate': 0.0005937005794278356, 'epoch': 0.01}

  1%|          | 687/60627 [12:52<12:26:17,  1.34it/s]
  1%|          | 688/60627 [12:52<12:26:43,  1.34it/s]
                                                      
{'loss': 4.4601, 'grad_norm': 0.671875, 'learning_rate': 0.0005936906746785083, 'epoch': 0.01}

  1%|          | 688/60627 [12:52<12:26:43,  1.34it/s]
  1%|          | 689/60627 [12:53<12:26:06,  1.34it/s]{'loss': 4.7147, 'grad_norm': 0.6640625, 'learning_rate': 0.000593680769929181, 'epoch': 0.01}

                                                      

  1%|          | 689/60627 [12:53<12:26:06,  1.34it/s]
  1%|          | 690/60627 [12:54<12:28:01,  1.34it/s]
                                                      
{'loss': 4.7566, 'grad_norm': 0.6171875, 'learning_rate': 0.0005936708651798537, 'epoch': 0.01}

  1%|          | 690/60627 [12:54<12:28:01,  1.34it/s]
  1%|          | 691/60627 [12:55<12:28:53,  1.33it/s]
                                                      
{'loss': 4.2606, 'grad_norm': 0.61328125, 'learning_rate': 0.0005936609604305263, 'epoch': 0.01}

  1%|          | 691/60627 [12:55<12:28:53,  1.33it/s]
  1%|          | 692/60627 [12:55<12:28:07,  1.34it/s]
                                                      
{'loss': 4.5175, 'grad_norm': 0.703125, 'learning_rate': 0.0005936510556811991, 'epoch': 0.01}

  1%|          | 692/60627 [12:55<12:28:07,  1.34it/s]
  1%|          | 693/60627 [12:56<12:27:17,  1.34it/s]
                                                      
{'loss': 4.2353, 'grad_norm': 0.6328125, 'learning_rate': 0.0005936411509318718, 'epoch': 0.01}

  1%|          | 693/60627 [12:56<12:27:17,  1.34it/s]
  1%|          | 694/60627 [12:57<12:28:15,  1.33it/s]
                                                      
{'loss': 4.7406, 'grad_norm': 0.65625, 'learning_rate': 0.0005936312461825445, 'epoch': 0.01}

  1%|          | 694/60627 [12:57<12:28:15,  1.33it/s]
  1%|          | 695/60627 [12:58<12:29:21,  1.33it/s]{'loss': 4.7126, 'grad_norm': 0.609375, 'learning_rate': 0.0005936213414332171, 'epoch': 0.01}

                                                      

  1%|          | 695/60627 [12:58<12:29:21,  1.33it/s]
  1%|          | 696/60627 [12:58<12:28:09,  1.34it/s]
                                                      
{'loss': 4.6239, 'grad_norm': 0.68359375, 'learning_rate': 0.0005936114366838899, 'epoch': 0.01}

  1%|          | 696/60627 [12:58<12:28:09,  1.34it/s]
  1%|          | 697/60627 [12:59<12:26:56,  1.34it/s]{'loss': 4.8251, 'grad_norm': 0.7109375, 'learning_rate': 0.0005936015319345626, 'epoch': 0.01}

                                                      

  1%|          | 697/60627 [12:59<12:26:56,  1.34it/s]
  1%|          | 698/60627 [13:00<12:24:29,  1.34it/s]
                                                      
{'loss': 4.3992, 'grad_norm': 0.62890625, 'learning_rate': 0.0005935916271852353, 'epoch': 0.01}

  1%|          | 698/60627 [13:00<12:24:29,  1.34it/s]
  1%|          | 699/60627 [13:01<12:22:16,  1.35it/s]{'loss': 4.5584, 'grad_norm': 0.83984375, 'learning_rate': 0.000593581722435908, 'epoch': 0.01}

                                                      

  1%|          | 699/60627 [13:01<12:22:16,  1.35it/s]
  1%|          | 700/60627 [13:01<12:23:37,  1.34it/s]
                                                      
{'loss': 4.5761, 'grad_norm': 0.69140625, 'learning_rate': 0.0005935718176865806, 'epoch': 0.01}

  1%|          | 700/60627 [13:01<12:23:37,  1.34it/s]

  0%|          | 0/157 [00:00<?, ?it/s][A

  1%|▏         | 2/157 [00:00<00:20,  7.62it/s][A

  2%|▏         | 3/157 [00:00<00:28,  5.40it/s][A

  3%|▎         | 4/157 [00:00<00:32,  4.67it/s][A

  3%|▎         | 5/157 [00:01<00:35,  4.33it/s][A

  4%|▍         | 6/157 [00:01<00:36,  4.16it/s][A

  4%|▍         | 7/157 [00:01<00:36,  4.06it/s][A

  5%|▌         | 8/157 [00:01<00:37,  3.99it/s][A

  6%|▌         | 9/157 [00:02<00:37,  3.95it/s][A

  6%|▋         | 10/157 [00:02<00:37,  3.90it/s][A

  7%|▋         | 11/157 [00:02<00:37,  3.88it/s][A

  8%|▊         | 12/157 [00:02<00:37,  3.86it/s][A

  8%|▊         | 13/157 [00:03<00:37,  3.85it/s][A

  9%|▉         | 14/157 [00:03<00:36,  3.88it/s][A

 10%|▉         | 15/157 [00:03<00:36,  3.86it/s][A

 10%|█         | 16/157 [00:03<00:36,  3.85it/s][A

 11%|█         | 17/157 [00:04<00:36,  3.84it/s][A

 11%|█▏        | 18/157 [00:04<00:36,  3.83it/s][A

 12%|█▏        | 19/157 [00:04<00:36,  3.83it/s][A

 13%|█▎        | 20/157 [00:04<00:35,  3.85it/s][A

 13%|█▎        | 21/157 [00:05<00:35,  3.84it/s][A

 14%|█▍        | 22/157 [00:05<00:35,  3.84it/s][A

 15%|█▍        | 23/157 [00:05<00:35,  3.83it/s][A

 15%|█▌        | 24/157 [00:05<00:34,  3.83it/s][A

 16%|█▌        | 25/157 [00:06<00:34,  3.83it/s][A

 17%|█▋        | 26/157 [00:06<00:34,  3.83it/s][A

 17%|█▋        | 27/157 [00:06<00:33,  3.83it/s][A

 18%|█▊        | 28/157 [00:07<00:33,  3.82it/s][A

 18%|█▊        | 29/157 [00:07<00:33,  3.83it/s][A

 19%|█▉        | 30/157 [00:07<00:33,  3.84it/s][A

 20%|█▉        | 31/157 [00:07<00:32,  3.84it/s][A

 20%|██        | 32/157 [00:08<00:32,  3.84it/s][A

 21%|██        | 33/157 [00:08<00:32,  3.83it/s][A

 22%|██▏       | 34/157 [00:08<00:32,  3.82it/s][A

 22%|██▏       | 35/157 [00:08<00:31,  3.82it/s][A

 23%|██▎       | 36/157 [00:09<00:31,  3.81it/s][A

 24%|██▎       | 37/157 [00:09<00:31,  3.82it/s][A

 24%|██▍       | 38/157 [00:09<00:31,  3.81it/s][A

 25%|██▍       | 39/157 [00:09<00:30,  3.81it/s][A

 25%|██▌       | 40/157 [00:10<00:30,  3.82it/s][A

 26%|██▌       | 41/157 [00:10<00:30,  3.82it/s][A

 27%|██▋       | 42/157 [00:10<00:30,  3.82it/s][A

 27%|██▋       | 43/157 [00:10<00:29,  3.81it/s][A

 28%|██▊       | 44/157 [00:11<00:29,  3.81it/s][A

 29%|██▊       | 45/157 [00:11<00:29,  3.85it/s][A

 29%|██▉       | 46/157 [00:11<00:29,  3.82it/s][A

 30%|██▉       | 47/157 [00:12<00:28,  3.82it/s][A

 31%|███       | 48/157 [00:12<00:28,  3.86it/s][A

 31%|███       | 49/157 [00:12<00:27,  3.88it/s][A

 32%|███▏      | 50/157 [00:12<00:27,  3.89it/s][A

 32%|███▏      | 51/157 [00:13<00:27,  3.90it/s][A

 33%|███▎      | 52/157 [00:13<00:27,  3.87it/s][A

 34%|███▍      | 53/157 [00:13<00:26,  3.86it/s][A

 34%|███▍      | 54/157 [00:13<00:26,  3.85it/s][A

 35%|███▌      | 55/157 [00:14<00:26,  3.84it/s][A

 36%|███▌      | 56/157 [00:14<00:26,  3.84it/s][A

 36%|███▋      | 57/157 [00:14<00:25,  3.85it/s][A

 37%|███▋      | 58/157 [00:14<00:25,  3.85it/s][A

 38%|███▊      | 59/157 [00:15<00:25,  3.84it/s][A

 38%|███▊      | 60/157 [00:15<00:25,  3.85it/s][A

 39%|███▉      | 61/157 [00:15<00:24,  3.85it/s][A

 39%|███▉      | 62/157 [00:15<00:24,  3.84it/s][A

 40%|████      | 63/157 [00:16<00:24,  3.83it/s][A

 41%|████      | 64/157 [00:16<00:24,  3.83it/s][A

 41%|████▏     | 65/157 [00:16<00:24,  3.83it/s][A

 42%|████▏     | 66/157 [00:16<00:23,  3.83it/s][A

 43%|████▎     | 67/157 [00:17<00:23,  3.83it/s][A

 43%|████▎     | 68/157 [00:17<00:23,  3.86it/s][A

 44%|████▍     | 69/157 [00:17<00:22,  3.84it/s][A

 45%|████▍     | 70/157 [00:17<00:22,  3.83it/s][A

 45%|████▌     | 71/157 [00:18<00:22,  3.82it/s][A

 46%|████▌     | 72/157 [00:18<00:22,  3.82it/s][A

 46%|████▋     | 73/157 [00:18<00:21,  3.84it/s][A

 47%|████▋     | 74/157 [00:19<00:21,  3.87it/s][A

 48%|████▊     | 75/157 [00:19<00:21,  3.89it/s][A

 48%|████▊     | 76/157 [00:19<00:20,  3.88it/s][A

 49%|████▉     | 77/157 [00:19<00:20,  3.90it/s][A

 50%|████▉     | 78/157 [00:20<00:20,  3.91it/s][A

 50%|█████     | 79/157 [00:20<00:19,  3.92it/s][A

 51%|█████     | 80/157 [00:20<00:19,  3.92it/s][A

 52%|█████▏    | 81/157 [00:20<00:19,  3.92it/s][A

 52%|█████▏    | 82/157 [00:21<00:19,  3.92it/s][A

 53%|█████▎    | 83/157 [00:21<00:18,  3.92it/s][A

 54%|█████▎    | 84/157 [00:21<00:18,  3.92it/s][A

 54%|█████▍    | 85/157 [00:21<00:18,  3.89it/s][A

 55%|█████▍    | 86/157 [00:22<00:18,  3.88it/s][A

 55%|█████▌    | 87/157 [00:22<00:17,  3.90it/s][A

 56%|█████▌    | 88/157 [00:22<00:17,  3.88it/s][A

 57%|█████▋    | 89/157 [00:22<00:17,  3.86it/s][A

 57%|█████▋    | 90/157 [00:23<00:17,  3.86it/s][A

 58%|█████▊    | 91/157 [00:23<00:17,  3.86it/s][A

 59%|█████▊    | 92/157 [00:23<00:16,  3.85it/s][A

 59%|█████▉    | 93/157 [00:23<00:16,  3.86it/s][A

 60%|█████▉    | 94/157 [00:24<00:16,  3.86it/s][A

 61%|██████    | 95/157 [00:24<00:15,  3.89it/s][A

 61%|██████    | 96/157 [00:24<00:15,  3.91it/s][A

 62%|██████▏   | 97/157 [00:24<00:15,  3.91it/s][A

 62%|██████▏   | 98/157 [00:25<00:15,  3.92it/s][A

 63%|██████▎   | 99/157 [00:25<00:14,  3.94it/s][A

 64%|██████▎   | 100/157 [00:25<00:14,  3.97it/s][A

 64%|██████▍   | 101/157 [00:25<00:14,  3.97it/s][A

 65%|██████▍   | 102/157 [00:26<00:13,  3.97it/s][A

 66%|██████▌   | 103/157 [00:26<00:13,  3.97it/s][A

 66%|██████▌   | 104/157 [00:26<00:13,  3.98it/s][A

 67%|██████▋   | 105/157 [00:26<00:12,  4.00it/s][A

 68%|██████▊   | 106/157 [00:27<00:12,  3.98it/s][A

 68%|██████▊   | 107/157 [00:27<00:12,  3.97it/s][A

 69%|██████▉   | 108/157 [00:27<00:12,  3.97it/s][A

 69%|██████▉   | 109/157 [00:27<00:12,  3.95it/s][A

 70%|███████   | 110/157 [00:28<00:11,  3.96it/s][A

 71%|███████   | 111/157 [00:28<00:11,  3.98it/s][A

 71%|███████▏  | 112/157 [00:28<00:11,  3.99it/s][A

 72%|███████▏  | 113/157 [00:28<00:10,  4.01it/s][A

 73%|███████▎  | 114/157 [00:29<00:10,  4.02it/s][A

 73%|███████▎  | 115/157 [00:29<00:10,  4.01it/s][A

 74%|███████▍  | 116/157 [00:29<00:10,  4.01it/s][A

 75%|███████▍  | 117/157 [00:29<00:09,  4.02it/s][A

 75%|███████▌  | 118/157 [00:30<00:09,  4.03it/s][A

 76%|███████▌  | 119/157 [00:30<00:09,  4.04it/s][A

 76%|███████▋  | 120/157 [00:30<00:09,  4.04it/s][A

 77%|███████▋  | 121/157 [00:30<00:08,  4.05it/s][A

 78%|███████▊  | 122/157 [00:31<00:08,  4.05it/s][A

 78%|███████▊  | 123/157 [00:31<00:08,  4.05it/s][A

 79%|███████▉  | 124/157 [00:31<00:08,  4.06it/s][A

 80%|███████▉  | 125/157 [00:31<00:07,  4.07it/s][A

 80%|████████  | 126/157 [00:32<00:07,  4.08it/s][A

 81%|████████  | 127/157 [00:32<00:07,  4.08it/s][A

 82%|████████▏ | 128/157 [00:32<00:07,  4.06it/s][A

 82%|████████▏ | 129/157 [00:32<00:06,  4.02it/s][A

 83%|████████▎ | 130/157 [00:33<00:06,  3.99it/s][A

 83%|████████▎ | 131/157 [00:33<00:06,  3.94it/s][A

 84%|████████▍ | 132/157 [00:33<00:06,  3.89it/s][A

 85%|████████▍ | 133/157 [00:33<00:06,  3.87it/s][A

 85%|████████▌ | 134/157 [00:34<00:05,  3.86it/s][A

 86%|████████▌ | 135/157 [00:34<00:05,  3.84it/s][A

 87%|████████▋ | 136/157 [00:34<00:05,  3.83it/s][A

 87%|████████▋ | 137/157 [00:34<00:05,  3.84it/s][A

 88%|████████▊ | 138/157 [00:35<00:04,  3.86it/s][A

 89%|████████▊ | 139/157 [00:35<00:04,  3.87it/s][A

 89%|████████▉ | 140/157 [00:35<00:04,  3.85it/s][A

 90%|████████▉ | 141/157 [00:36<00:04,  3.83it/s][A

 90%|█████████ | 142/157 [00:36<00:03,  3.84it/s][A

 91%|█████████ | 143/157 [00:36<00:03,  3.85it/s][A

 92%|█████████▏| 144/157 [00:36<00:03,  3.86it/s][A

 92%|█████████▏| 145/157 [00:37<00:03,  3.86it/s][A

 93%|█████████▎| 146/157 [00:37<00:02,  3.86it/s][A

 94%|█████████▎| 147/157 [00:37<00:02,  3.85it/s][A

 94%|█████████▍| 148/157 [00:37<00:02,  3.84it/s][A

 95%|█████████▍| 149/157 [00:38<00:02,  3.84it/s][A

 96%|█████████▌| 150/157 [00:38<00:01,  3.83it/s][A

 96%|█████████▌| 151/157 [00:38<00:01,  3.84it/s][A

 97%|█████████▋| 152/157 [00:38<00:01,  3.85it/s][A

 97%|█████████▋| 153/157 [00:39<00:01,  3.85it/s][A

 98%|█████████▊| 154/157 [00:39<00:00,  3.85it/s][A

 99%|█████████▊| 155/157 [00:39<00:00,  3.85it/s][A

 99%|█████████▉| 156/157 [00:39<00:00,  3.83it/s][A

100%|██████████| 157/157 [00:40<00:00,  4.19it/s][A
                                                      

                                                 
[A{'eval_loss': 5.07251501083374, 'eval_runtime': 40.4864, 'eval_samples_per_second': 123.498, 'eval_steps_per_second': 3.878, 'epoch': 0.01}

  1%|          | 700/60627 [13:42<12:23:37,  1.34it/s]

100%|██████████| 157/157 [00:40<00:00,  4.19it/s][A

                                                 [A
  1%|          | 701/60627 [13:45<226:47:59, 13.62s/it]
                                                       
{'loss': 4.4917, 'grad_norm': 0.5625, 'learning_rate': 0.0005935619129372534, 'epoch': 0.01}

  1%|          | 701/60627 [13:45<226:47:59, 13.62s/it]
  1%|          | 702/60627 [13:46<162:32:14,  9.76s/it]
                                                       
{'loss': 4.4332, 'grad_norm': 0.578125, 'learning_rate': 0.000593552008187926, 'epoch': 0.01}

  1%|          | 702/60627 [13:46<162:32:14,  9.76s/it]
  1%|          | 703/60627 [13:46<117:31:04,  7.06s/it]
                                                       
{'loss': 4.5555, 'grad_norm': 0.64453125, 'learning_rate': 0.0005935421034385988, 'epoch': 0.01}

  1%|          | 703/60627 [13:46<117:31:04,  7.06s/it]
  1%|          | 704/60627 [13:47<86:01:22,  5.17s/it] 
                                                      
{'loss': 4.8847, 'grad_norm': 0.640625, 'learning_rate': 0.0005935321986892714, 'epoch': 0.01}

  1%|          | 704/60627 [13:47<86:01:22,  5.17s/it]
  1%|          | 705/60627 [13:48<63:55:56,  3.84s/it]
                                                      
{'loss': 4.274, 'grad_norm': 0.58203125, 'learning_rate': 0.0005935222939399441, 'epoch': 0.01}

  1%|          | 705/60627 [13:48<63:55:56,  3.84s/it]
  1%|          | 706/60627 [13:49<48:30:28,  2.91s/it]
                                                      
{'loss': 4.5172, 'grad_norm': 0.60546875, 'learning_rate': 0.0005935123891906168, 'epoch': 0.01}

  1%|          | 706/60627 [13:49<48:30:28,  2.91s/it]
  1%|          | 707/60627 [13:49<37:43:20,  2.27s/it]
                                                      
{'loss': 4.658, 'grad_norm': 0.61328125, 'learning_rate': 0.0005935024844412896, 'epoch': 0.01}

  1%|          | 707/60627 [13:49<37:43:20,  2.27s/it]
  1%|          | 708/60627 [13:50<30:09:11,  1.81s/it]
                                                      
{'loss': 4.495, 'grad_norm': 0.59375, 'learning_rate': 0.0005934925796919622, 'epoch': 0.01}

  1%|          | 708/60627 [13:50<30:09:11,  1.81s/it]
  1%|          | 709/60627 [13:51<24:49:25,  1.49s/it]{'loss': 4.3726, 'grad_norm': 0.59765625, 'learning_rate': 0.000593482674942635, 'epoch': 0.01}

                                                      

  1%|          | 709/60627 [13:51<24:49:25,  1.49s/it]
  1%|          | 710/60627 [13:52<21:06:46,  1.27s/it]
                                                      
{'loss': 4.5809, 'grad_norm': 0.60546875, 'learning_rate': 0.0005934727701933076, 'epoch': 0.01}

  1%|          | 710/60627 [13:52<21:06:46,  1.27s/it]
  1%|          | 711/60627 [13:52<18:32:39,  1.11s/it]
                                                      
{'loss': 4.6429, 'grad_norm': 0.59375, 'learning_rate': 0.0005934628654439804, 'epoch': 0.01}

  1%|          | 711/60627 [13:52<18:32:39,  1.11s/it]
  1%|          | 712/60627 [13:53<16:46:29,  1.01s/it]
                                                      
{'loss': 4.3649, 'grad_norm': 0.64453125, 'learning_rate': 0.000593452960694653, 'epoch': 0.01}

  1%|          | 712/60627 [13:53<16:46:29,  1.01s/it]
  1%|          | 713/60627 [13:54<15:29:56,  1.07it/s]
                                                      
{'loss': 4.5509, 'grad_norm': 0.58984375, 'learning_rate': 0.0005934430559453258, 'epoch': 0.01}

  1%|          | 713/60627 [13:54<15:29:56,  1.07it/s]
  1%|          | 714/60627 [13:55<14:34:58,  1.14it/s]
                                                      
{'loss': 4.0785, 'grad_norm': 0.57421875, 'learning_rate': 0.0005934331511959984, 'epoch': 0.01}

  1%|          | 714/60627 [13:55<14:34:58,  1.14it/s]
  1%|          | 715/60627 [13:55<13:56:33,  1.19it/s]
                                                      
{'loss': 4.1675, 'grad_norm': 0.6328125, 'learning_rate': 0.000593423246446671, 'epoch': 0.01}

  1%|          | 715/60627 [13:55<13:56:33,  1.19it/s]
  1%|          | 716/60627 [13:56<13:32:11,  1.23it/s]
                                                      
{'loss': 4.4114, 'grad_norm': 0.6328125, 'learning_rate': 0.0005934133416973438, 'epoch': 0.01}

  1%|          | 716/60627 [13:56<13:32:11,  1.23it/s]
  1%|          | 717/60627 [13:57<13:13:51,  1.26it/s]
                                                      
{'loss': 4.6039, 'grad_norm': 0.59375, 'learning_rate': 0.0005934034369480166, 'epoch': 0.01}

  1%|          | 717/60627 [13:57<13:13:51,  1.26it/s]
  1%|          | 718/60627 [13:58<13:00:17,  1.28it/s]
                                                      
{'loss': 4.5492, 'grad_norm': 0.6328125, 'learning_rate': 0.0005933935321986892, 'epoch': 0.01}

  1%|          | 718/60627 [13:58<13:00:17,  1.28it/s]
  1%|          | 719/60627 [13:58<12:49:23,  1.30it/s]
                                                      
{'loss': 4.0119, 'grad_norm': 0.78125, 'learning_rate': 0.000593383627449362, 'epoch': 0.01}

  1%|          | 719/60627 [13:58<12:49:23,  1.30it/s]
  1%|          | 720/60627 [13:59<12:42:15,  1.31it/s]
                                                      
{'loss': 4.5467, 'grad_norm': 0.61328125, 'learning_rate': 0.0005933737227000346, 'epoch': 0.01}

  1%|          | 720/60627 [13:59<12:42:15,  1.31it/s]
  1%|          | 721/60627 [14:00<12:39:07,  1.32it/s]
                                                      
{'loss': 4.3363, 'grad_norm': 0.6328125, 'learning_rate': 0.0005933638179507073, 'epoch': 0.01}

  1%|          | 721/60627 [14:00<12:39:07,  1.32it/s]
  1%|          | 722/60627 [14:01<12:36:17,  1.32it/s]
                                                      
{'loss': 4.451, 'grad_norm': 0.74609375, 'learning_rate': 0.00059335391320138, 'epoch': 0.01}

  1%|          | 722/60627 [14:01<12:36:17,  1.32it/s]
  1%|          | 723/60627 [14:01<12:35:12,  1.32it/s]
                                                      
{'loss': 4.5842, 'grad_norm': 0.59765625, 'learning_rate': 0.0005933440084520527, 'epoch': 0.01}

  1%|          | 723/60627 [14:01<12:35:12,  1.32it/s]
  1%|          | 724/60627 [14:02<12:34:26,  1.32it/s]
                                                      
{'loss': 4.4362, 'grad_norm': 0.609375, 'learning_rate': 0.0005933341037027254, 'epoch': 0.01}

  1%|          | 724/60627 [14:02<12:34:26,  1.32it/s]
  1%|          | 725/60627 [14:03<12:32:26,  1.33it/s]
                                                      
{'loss': 4.3657, 'grad_norm': 0.61328125, 'learning_rate': 0.0005933241989533981, 'epoch': 0.01}

  1%|          | 725/60627 [14:03<12:32:26,  1.33it/s]
  1%|          | 726/60627 [14:04<12:30:21,  1.33it/s]
                                                      
{'loss': 4.4438, 'grad_norm': 0.6484375, 'learning_rate': 0.0005933142942040708, 'epoch': 0.01}

  1%|          | 726/60627 [14:04<12:30:21,  1.33it/s]
  1%|          | 727/60627 [14:04<12:29:32,  1.33it/s]
                                                      
{'loss': 4.5452, 'grad_norm': 0.67578125, 'learning_rate': 0.0005933043894547435, 'epoch': 0.01}

  1%|          | 727/60627 [14:04<12:29:32,  1.33it/s]
  1%|          | 728/60627 [14:05<12:28:59,  1.33it/s]
                                                      
{'loss': 4.4165, 'grad_norm': 0.59765625, 'learning_rate': 0.0005932944847054162, 'epoch': 0.01}

  1%|          | 728/60627 [14:05<12:28:59,  1.33it/s]
  1%|          | 729/60627 [14:06<12:26:07,  1.34it/s]
                                                      
{'loss': 3.9762, 'grad_norm': 0.6953125, 'learning_rate': 0.0005932845799560888, 'epoch': 0.01}

  1%|          | 729/60627 [14:06<12:26:07,  1.34it/s]
  1%|          | 730/60627 [14:07<12:25:50,  1.34it/s]
                                                      
{'loss': 4.5077, 'grad_norm': 0.66015625, 'learning_rate': 0.0005932746752067616, 'epoch': 0.01}

  1%|          | 730/60627 [14:07<12:25:50,  1.34it/s]
  1%|          | 731/60627 [14:07<12:25:53,  1.34it/s]{'loss': 4.5351, 'grad_norm': 0.6484375, 'learning_rate': 0.0005932647704574343, 'epoch': 0.01}

                                                      

  1%|          | 731/60627 [14:07<12:25:53,  1.34it/s]
  1%|          | 732/60627 [14:08<12:24:57,  1.34it/s]
                                                      
{'loss': 4.2576, 'grad_norm': 0.73046875, 'learning_rate': 0.000593254865708107, 'epoch': 0.01}

  1%|          | 732/60627 [14:08<12:24:57,  1.34it/s]
  1%|          | 733/60627 [14:09<12:26:19,  1.34it/s]
                                                      
{'loss': 4.1875, 'grad_norm': 0.65625, 'learning_rate': 0.0005932449609587797, 'epoch': 0.01}

  1%|          | 733/60627 [14:09<12:26:19,  1.34it/s]
  1%|          | 734/60627 [14:10<12:27:54,  1.33it/s]
                                                      
{'loss': 4.8122, 'grad_norm': 0.64453125, 'learning_rate': 0.0005932350562094524, 'epoch': 0.01}

  1%|          | 734/60627 [14:10<12:27:54,  1.33it/s]
  1%|          | 735/60627 [14:10<12:30:37,  1.33it/s]{'loss': 4.2553, 'grad_norm': 0.6171875, 'learning_rate': 0.0005932251514601251, 'epoch': 0.01}

                                                      

  1%|          | 735/60627 [14:10<12:30:37,  1.33it/s]
  1%|          | 736/60627 [14:11<12:26:11,  1.34it/s]
                                                      
{'loss': 4.323, 'grad_norm': 0.62890625, 'learning_rate': 0.0005932152467107978, 'epoch': 0.01}

  1%|          | 736/60627 [14:11<12:26:11,  1.34it/s]
  1%|          | 737/60627 [14:12<12:25:04,  1.34it/s]
                                                      
{'loss': 4.1707, 'grad_norm': 0.9140625, 'learning_rate': 0.0005932053419614705, 'epoch': 0.01}

  1%|          | 737/60627 [14:12<12:25:04,  1.34it/s]
  1%|          | 738/60627 [14:13<12:23:50,  1.34it/s]
                                                      
{'loss': 4.0678, 'grad_norm': 0.67578125, 'learning_rate': 0.0005931954372121431, 'epoch': 0.01}

  1%|          | 738/60627 [14:13<12:23:50,  1.34it/s]
  1%|          | 739/60627 [14:13<12:22:45,  1.34it/s]
                                                      
{'loss': 4.4106, 'grad_norm': 0.6796875, 'learning_rate': 0.0005931855324628158, 'epoch': 0.01}

  1%|          | 739/60627 [14:13<12:22:45,  1.34it/s]
  1%|          | 740/60627 [14:14<12:23:12,  1.34it/s]
                                                      

  1%|          | 740/60627 [14:14<12:23:12,  1.34it/s]{'loss': 4.7253, 'grad_norm': 0.703125, 'learning_rate': 0.0005931756277134885, 'epoch': 0.01}

  1%|          | 741/60627 [14:15<12:24:13,  1.34it/s]
                                                      
{'loss': 4.2819, 'grad_norm': 0.6953125, 'learning_rate': 0.0005931657229641613, 'epoch': 0.01}

  1%|          | 741/60627 [14:15<12:24:13,  1.34it/s]
  1%|          | 742/60627 [14:16<12:25:11,  1.34it/s]
                                                      
{'loss': 4.3218, 'grad_norm': 0.63671875, 'learning_rate': 0.0005931558182148339, 'epoch': 0.01}

  1%|          | 742/60627 [14:16<12:25:11,  1.34it/s]
  1%|          | 743/60627 [14:16<12:26:15,  1.34it/s]{'loss': 4.1091, 'grad_norm': 0.70703125, 'learning_rate': 0.0005931459134655067, 'epoch': 0.01}

                                                      

  1%|          | 743/60627 [14:16<12:26:15,  1.34it/s]
  1%|          | 744/60627 [14:17<12:25:12,  1.34it/s]
                                                      
{'loss': 4.0833, 'grad_norm': 0.72265625, 'learning_rate': 0.0005931360087161793, 'epoch': 0.01}

  1%|          | 744/60627 [14:17<12:25:12,  1.34it/s]
  1%|          | 745/60627 [14:18<12:24:22,  1.34it/s]
                                                      
{'loss': 4.5111, 'grad_norm': 0.65234375, 'learning_rate': 0.0005931261039668521, 'epoch': 0.01}

  1%|          | 745/60627 [14:18<12:24:22,  1.34it/s]
  1%|          | 746/60627 [14:19<12:27:13,  1.34it/s]
                                                      
{'loss': 4.1568, 'grad_norm': 0.609375, 'learning_rate': 0.0005931161992175247, 'epoch': 0.01}

  1%|          | 746/60627 [14:19<12:27:13,  1.34it/s]
  1%|          | 747/60627 [14:19<12:27:49,  1.33it/s]{'loss': 4.6139, 'grad_norm': 0.67578125, 'learning_rate': 0.0005931062944681975, 'epoch': 0.01}

                                                      

  1%|          | 747/60627 [14:19<12:27:49,  1.33it/s]
  1%|          | 748/60627 [14:20<12:29:26,  1.33it/s]
                                                      
{'loss': 4.5085, 'grad_norm': 0.6328125, 'learning_rate': 0.0005930963897188701, 'epoch': 0.01}

  1%|          | 748/60627 [14:20<12:29:26,  1.33it/s]
  1%|          | 749/60627 [14:21<12:30:22,  1.33it/s]
                                                      
{'loss': 4.2806, 'grad_norm': 0.5859375, 'learning_rate': 0.0005930864849695429, 'epoch': 0.01}

  1%|          | 749/60627 [14:21<12:30:22,  1.33it/s]
  1%|          | 750/60627 [14:22<12:27:32,  1.33it/s]
                                                      
{'loss': 4.4849, 'grad_norm': 0.65625, 'learning_rate': 0.0005930765802202155, 'epoch': 0.01}

  1%|          | 750/60627 [14:22<12:27:32,  1.33it/s]
  1%|          | 751/60627 [14:22<12:27:07,  1.34it/s]{'loss': 4.3996, 'grad_norm': 0.671875, 'learning_rate': 0.0005930666754708883, 'epoch': 0.01}

                                                      

  1%|          | 751/60627 [14:22<12:27:07,  1.34it/s]
  1%|          | 752/60627 [14:23<12:26:19,  1.34it/s]
                                                      
{'loss': 3.8571, 'grad_norm': 0.63671875, 'learning_rate': 0.0005930567707215609, 'epoch': 0.01}

  1%|          | 752/60627 [14:23<12:26:19,  1.34it/s]
  1%|          | 753/60627 [14:24<12:27:00,  1.34it/s]
                                                      
{'loss': 4.2804, 'grad_norm': 0.625, 'learning_rate': 0.0005930468659722337, 'epoch': 0.01}

  1%|          | 753/60627 [14:24<12:27:00,  1.34it/s]
  1%|          | 754/60627 [14:25<12:28:16,  1.33it/s]{'loss': 4.2747, 'grad_norm': 0.59765625, 'learning_rate': 0.0005930369612229064, 'epoch': 0.01}

                                                      

  1%|          | 754/60627 [14:25<12:28:16,  1.33it/s]
  1%|          | 755/60627 [14:25<12:29:37,  1.33it/s]
                                                      
{'loss': 4.2824, 'grad_norm': 0.61328125, 'learning_rate': 0.000593027056473579, 'epoch': 0.01}

  1%|          | 755/60627 [14:25<12:29:37,  1.33it/s]
  1%|          | 756/60627 [14:26<12:29:34,  1.33it/s]{'loss': 4.3199, 'grad_norm': 0.59765625, 'learning_rate': 0.0005930171517242517, 'epoch': 0.01}

                                                      

  1%|          | 756/60627 [14:26<12:29:34,  1.33it/s]
  1%|          | 757/60627 [14:27<12:32:00,  1.33it/s]
                                                      
{'loss': 4.6236, 'grad_norm': 0.65234375, 'learning_rate': 0.0005930072469749244, 'epoch': 0.01}

  1%|          | 757/60627 [14:27<12:32:00,  1.33it/s]
  1%|▏         | 758/60627 [14:28<12:30:55,  1.33it/s]
                                                      
{'loss': 4.7144, 'grad_norm': 0.59765625, 'learning_rate': 0.0005929973422255971, 'epoch': 0.01}

  1%|▏         | 758/60627 [14:28<12:30:55,  1.33it/s]
  1%|▏         | 759/60627 [14:28<12:28:16,  1.33it/s]
                                                      
{'loss': 4.6086, 'grad_norm': 0.63671875, 'learning_rate': 0.0005929874374762698, 'epoch': 0.01}

  1%|▏         | 759/60627 [14:28<12:28:16,  1.33it/s]
  1%|▏         | 760/60627 [14:29<12:27:54,  1.33it/s]{'loss': 4.528, 'grad_norm': 0.64453125, 'learning_rate': 0.0005929775327269425, 'epoch': 0.01}

                                                      

  1%|▏         | 760/60627 [14:29<12:27:54,  1.33it/s]
  1%|▏         | 761/60627 [14:30<12:28:09,  1.33it/s]{'loss': 4.1766, 'grad_norm': 0.7578125, 'learning_rate': 0.0005929676279776152, 'epoch': 0.01}

                                                      

  1%|▏         | 761/60627 [14:30<12:28:09,  1.33it/s]
  1%|▏         | 762/60627 [14:31<12:30:25,  1.33it/s]{'loss': 4.2564, 'grad_norm': 0.609375, 'learning_rate': 0.0005929577232282879, 'epoch': 0.01}

                                                      

  1%|▏         | 762/60627 [14:31<12:30:25,  1.33it/s]
  1%|▏         | 763/60627 [14:31<12:30:50,  1.33it/s]
                                                      
{'loss': 4.4061, 'grad_norm': 0.58203125, 'learning_rate': 0.0005929478184789606, 'epoch': 0.01}

  1%|▏         | 763/60627 [14:31<12:30:50,  1.33it/s]
  1%|▏         | 764/60627 [14:32<12:30:13,  1.33it/s]
                                                      
{'loss': 4.3573, 'grad_norm': 0.6015625, 'learning_rate': 0.0005929379137296333, 'epoch': 0.01}

  1%|▏         | 764/60627 [14:32<12:30:13,  1.33it/s]
  1%|▏         | 765/60627 [14:33<12:29:36,  1.33it/s]
                                                      
{'loss': 4.353, 'grad_norm': 0.64453125, 'learning_rate': 0.000592928008980306, 'epoch': 0.01}

  1%|▏         | 765/60627 [14:33<12:29:36,  1.33it/s]
  1%|▏         | 766/60627 [14:34<12:26:28,  1.34it/s]
                                                      
{'loss': 4.4488, 'grad_norm': 0.6484375, 'learning_rate': 0.0005929181042309787, 'epoch': 0.01}

  1%|▏         | 766/60627 [14:34<12:26:28,  1.34it/s]
  1%|▏         | 767/60627 [14:34<12:28:49,  1.33it/s]
                                                      
{'loss': 4.6097, 'grad_norm': 0.6015625, 'learning_rate': 0.0005929081994816514, 'epoch': 0.01}

  1%|▏         | 767/60627 [14:34<12:28:49,  1.33it/s]
  1%|▏         | 768/60627 [14:35<12:30:36,  1.33it/s]
                                                      
{'loss': 4.5384, 'grad_norm': 0.64453125, 'learning_rate': 0.0005928982947323242, 'epoch': 0.01}

  1%|▏         | 768/60627 [14:35<12:30:36,  1.33it/s]
  1%|▏         | 769/60627 [14:36<12:28:42,  1.33it/s]
                                                      
{'loss': 4.2243, 'grad_norm': 0.62890625, 'learning_rate': 0.0005928883899829968, 'epoch': 0.01}

  1%|▏         | 769/60627 [14:36<12:28:42,  1.33it/s]
  1%|▏         | 770/60627 [14:37<12:28:38,  1.33it/s]{'loss': 4.3088, 'grad_norm': 0.59765625, 'learning_rate': 0.0005928784852336695, 'epoch': 0.01}

                                                      

  1%|▏         | 770/60627 [14:37<12:28:38,  1.33it/s]
  1%|▏         | 771/60627 [14:37<12:27:42,  1.33it/s]
                                                      
{'loss': 4.2834, 'grad_norm': 0.85546875, 'learning_rate': 0.0005928685804843422, 'epoch': 0.01}

  1%|▏         | 771/60627 [14:37<12:27:42,  1.33it/s]
  1%|▏         | 772/60627 [14:38<12:26:56,  1.34it/s]
                                                      
{'loss': 4.4817, 'grad_norm': 0.62890625, 'learning_rate': 0.0005928586757350149, 'epoch': 0.01}

  1%|▏         | 772/60627 [14:38<12:26:56,  1.34it/s]
  1%|▏         | 773/60627 [14:39<12:28:26,  1.33it/s]
                                                      
{'loss': 4.3576, 'grad_norm': 0.5703125, 'learning_rate': 0.0005928487709856876, 'epoch': 0.01}

  1%|▏         | 773/60627 [14:39<12:28:26,  1.33it/s]
  1%|▏         | 774/60627 [14:40<12:25:36,  1.34it/s]
                                                      
{'loss': 3.9203, 'grad_norm': 0.61328125, 'learning_rate': 0.0005928388662363602, 'epoch': 0.01}

  1%|▏         | 774/60627 [14:40<12:25:36,  1.34it/s]
  1%|▏         | 775/60627 [14:40<12:28:33,  1.33it/s]
                                                      
{'loss': 4.2992, 'grad_norm': 0.6015625, 'learning_rate': 0.000592828961487033, 'epoch': 0.01}

  1%|▏         | 775/60627 [14:40<12:28:33,  1.33it/s]
  1%|▏         | 776/60627 [14:41<12:29:18,  1.33it/s]
                                                      
{'loss': 4.4934, 'grad_norm': 0.6328125, 'learning_rate': 0.0005928190567377056, 'epoch': 0.01}

  1%|▏         | 776/60627 [14:41<12:29:18,  1.33it/s]
  1%|▏         | 777/60627 [14:42<12:27:46,  1.33it/s]
                                                      
{'loss': 4.3885, 'grad_norm': 0.6953125, 'learning_rate': 0.0005928091519883784, 'epoch': 0.01}

  1%|▏         | 777/60627 [14:42<12:27:46,  1.33it/s]
  1%|▏         | 778/60627 [14:43<12:26:06,  1.34it/s]
                                                      
{'loss': 4.2327, 'grad_norm': 0.578125, 'learning_rate': 0.0005927992472390511, 'epoch': 0.01}

  1%|▏         | 778/60627 [14:43<12:26:06,  1.34it/s]
  1%|▏         | 779/60627 [14:43<12:27:40,  1.33it/s]
                                                      
{'loss': 4.2128, 'grad_norm': 0.55078125, 'learning_rate': 0.0005927893424897238, 'epoch': 0.01}

  1%|▏         | 779/60627 [14:43<12:27:40,  1.33it/s]
  1%|▏         | 780/60627 [14:44<12:27:23,  1.33it/s]
                                                      
{'loss': 4.3739, 'grad_norm': 0.64453125, 'learning_rate': 0.0005927794377403964, 'epoch': 0.01}

  1%|▏         | 780/60627 [14:44<12:27:23,  1.33it/s]
  1%|▏         | 781/60627 [14:45<12:29:34,  1.33it/s]
                                                      
{'loss': 4.53, 'grad_norm': 0.578125, 'learning_rate': 0.0005927695329910692, 'epoch': 0.01}

  1%|▏         | 781/60627 [14:45<12:29:34,  1.33it/s]
  1%|▏         | 782/60627 [14:46<12:28:04,  1.33it/s]
                                                      
{'loss': 4.1256, 'grad_norm': 0.609375, 'learning_rate': 0.0005927596282417418, 'epoch': 0.01}

  1%|▏         | 782/60627 [14:46<12:28:04,  1.33it/s]
  1%|▏         | 783/60627 [14:46<12:30:35,  1.33it/s]
                                                      
{'loss': 4.7239, 'grad_norm': 0.5859375, 'learning_rate': 0.0005927497234924146, 'epoch': 0.01}

  1%|▏         | 783/60627 [14:46<12:30:35,  1.33it/s]
  1%|▏         | 784/60627 [14:47<12:28:09,  1.33it/s]
                                                      
{'loss': 4.4217, 'grad_norm': 0.6484375, 'learning_rate': 0.0005927398187430872, 'epoch': 0.01}

  1%|▏         | 784/60627 [14:47<12:28:09,  1.33it/s]
  1%|▏         | 785/60627 [14:48<12:28:14,  1.33it/s]
                                                      
{'loss': 4.7952, 'grad_norm': 0.69140625, 'learning_rate': 0.00059272991399376, 'epoch': 0.01}

  1%|▏         | 785/60627 [14:48<12:28:14,  1.33it/s]
  1%|▏         | 786/60627 [14:49<12:29:03,  1.33it/s]{'loss': 4.4985, 'grad_norm': 0.6171875, 'learning_rate': 0.0005927200092444326, 'epoch': 0.01}

                                                      

  1%|▏         | 786/60627 [14:49<12:29:03,  1.33it/s]
  1%|▏         | 787/60627 [14:49<12:30:21,  1.33it/s]
                                                      
{'loss': 4.6918, 'grad_norm': 0.55859375, 'learning_rate': 0.0005927101044951054, 'epoch': 0.01}

  1%|▏         | 787/60627 [14:49<12:30:21,  1.33it/s]
  1%|▏         | 788/60627 [14:50<12:29:36,  1.33it/s]
                                                      
{'loss': 4.1654, 'grad_norm': 0.55078125, 'learning_rate': 0.0005927001997457781, 'epoch': 0.01}

  1%|▏         | 788/60627 [14:50<12:29:36,  1.33it/s]
  1%|▏         | 789/60627 [14:51<12:30:27,  1.33it/s]
                                                      
{'loss': 4.3931, 'grad_norm': 0.62890625, 'learning_rate': 0.0005926902949964508, 'epoch': 0.01}

  1%|▏         | 789/60627 [14:51<12:30:27,  1.33it/s]
  1%|▏         | 790/60627 [14:52<12:31:48,  1.33it/s]
                                                      
{'loss': 4.6392, 'grad_norm': 0.53515625, 'learning_rate': 0.0005926803902471234, 'epoch': 0.01}

  1%|▏         | 790/60627 [14:52<12:31:48,  1.33it/s]
  1%|▏         | 791/60627 [14:52<12:30:48,  1.33it/s]
                                                      
{'loss': 4.3405, 'grad_norm': 0.6015625, 'learning_rate': 0.0005926704854977962, 'epoch': 0.01}

  1%|▏         | 791/60627 [14:52<12:30:48,  1.33it/s]
  1%|▏         | 792/60627 [14:53<12:33:45,  1.32it/s]
                                                      
{'loss': 4.35, 'grad_norm': 0.69140625, 'learning_rate': 0.0005926605807484689, 'epoch': 0.01}

  1%|▏         | 792/60627 [14:53<12:33:45,  1.32it/s]
  1%|▏         | 793/60627 [14:54<12:36:37,  1.32it/s]{'loss': 4.3555, 'grad_norm': 0.63671875, 'learning_rate': 0.0005926506759991416, 'epoch': 0.01}

                                                      

  1%|▏         | 793/60627 [14:54<12:36:37,  1.32it/s]
  1%|▏         | 794/60627 [14:55<12:31:52,  1.33it/s]
                                                      
{'loss': 4.4752, 'grad_norm': 0.640625, 'learning_rate': 0.0005926407712498142, 'epoch': 0.01}

  1%|▏         | 794/60627 [14:55<12:31:52,  1.33it/s]
  1%|▏         | 795/60627 [14:55<12:30:44,  1.33it/s]{'loss': 4.3082, 'grad_norm': 0.5859375, 'learning_rate': 0.0005926308665004869, 'epoch': 0.01}

                                                      

  1%|▏         | 795/60627 [14:55<12:30:44,  1.33it/s]
  1%|▏         | 796/60627 [14:56<12:28:40,  1.33it/s]
                                                      
{'loss': 4.5955, 'grad_norm': 0.69921875, 'learning_rate': 0.0005926209617511596, 'epoch': 0.01}

  1%|▏         | 796/60627 [14:56<12:28:40,  1.33it/s]
  1%|▏         | 797/60627 [14:57<12:29:10,  1.33it/s]
                                                      
{'loss': 4.4033, 'grad_norm': 0.6328125, 'learning_rate': 0.0005926110570018323, 'epoch': 0.01}

  1%|▏         | 797/60627 [14:57<12:29:10,  1.33it/s]
  1%|▏         | 798/60627 [14:58<12:27:29,  1.33it/s]{'loss': 4.4846, 'grad_norm': 0.58984375, 'learning_rate': 0.0005926011522525051, 'epoch': 0.01}

                                                      

  1%|▏         | 798/60627 [14:58<12:27:29,  1.33it/s]
  1%|▏         | 799/60627 [14:58<12:29:10,  1.33it/s]
                                                      
{'loss': 4.3978, 'grad_norm': 0.61328125, 'learning_rate': 0.0005925912475031777, 'epoch': 0.01}

  1%|▏         | 799/60627 [14:58<12:29:10,  1.33it/s]
  1%|▏         | 800/60627 [14:59<12:28:47,  1.33it/s]{'loss': 4.3733, 'grad_norm': 0.62890625, 'learning_rate': 0.0005925813427538504, 'epoch': 0.01}

                                                      

  1%|▏         | 800/60627 [14:59<12:28:47,  1.33it/s]

  0%|          | 0/157 [00:00<?, ?it/s][A

  1%|▏         | 2/157 [00:00<00:20,  7.64it/s][A

  2%|▏         | 3/157 [00:00<00:28,  5.40it/s][A

  3%|▎         | 4/157 [00:00<00:32,  4.67it/s][A

  3%|▎         | 5/157 [00:01<00:35,  4.32it/s][A

  4%|▍         | 6/157 [00:01<00:36,  4.15it/s][A

  4%|▍         | 7/157 [00:01<00:36,  4.06it/s][A

  5%|▌         | 8/157 [00:01<00:37,  4.00it/s][A

  6%|▌         | 9/157 [00:02<00:37,  3.95it/s][A

  6%|▋         | 10/157 [00:02<00:37,  3.91it/s][A

  7%|▋         | 11/157 [00:02<00:37,  3.88it/s][A

  8%|▊         | 12/157 [00:02<00:37,  3.86it/s][A

  8%|▊         | 13/157 [00:03<00:37,  3.84it/s][A

  9%|▉         | 14/157 [00:03<00:36,  3.87it/s][A

 10%|▉         | 15/157 [00:03<00:36,  3.85it/s][A

 10%|█         | 16/157 [00:03<00:36,  3.84it/s][A

 11%|█         | 17/157 [00:04<00:36,  3.84it/s][A

 11%|█▏        | 18/157 [00:04<00:36,  3.82it/s][A

 12%|█▏        | 19/157 [00:04<00:36,  3.81it/s][A

 13%|█▎        | 20/157 [00:04<00:35,  3.85it/s][A

 13%|█▎        | 21/157 [00:05<00:35,  3.84it/s][A

 14%|█▍        | 22/157 [00:05<00:35,  3.84it/s][A

 15%|█▍        | 23/157 [00:05<00:34,  3.84it/s][A

 15%|█▌        | 24/157 [00:06<00:34,  3.84it/s][A

 16%|█▌        | 25/157 [00:06<00:34,  3.83it/s][A

 17%|█▋        | 26/157 [00:06<00:34,  3.83it/s][A

 17%|█▋        | 27/157 [00:06<00:33,  3.83it/s][A

 18%|█▊        | 28/157 [00:07<00:33,  3.82it/s][A

 18%|█▊        | 29/157 [00:07<00:33,  3.82it/s][A

 19%|█▉        | 30/157 [00:07<00:33,  3.83it/s][A

 20%|█▉        | 31/157 [00:07<00:32,  3.83it/s][A

 20%|██        | 32/157 [00:08<00:32,  3.83it/s][A

 21%|██        | 33/157 [00:08<00:32,  3.83it/s][A

 22%|██▏       | 34/157 [00:08<00:32,  3.82it/s][A

 22%|██▏       | 35/157 [00:08<00:31,  3.82it/s][A

 23%|██▎       | 36/157 [00:09<00:31,  3.81it/s][A

 24%|██▎       | 37/157 [00:09<00:31,  3.81it/s][A

 24%|██▍       | 38/157 [00:09<00:31,  3.81it/s][A

 25%|██▍       | 39/157 [00:09<00:30,  3.81it/s][A

 25%|██▌       | 40/157 [00:10<00:30,  3.82it/s][A

 26%|██▌       | 41/157 [00:10<00:30,  3.82it/s][A

 27%|██▋       | 42/157 [00:10<00:30,  3.82it/s][A

 27%|██▋       | 43/157 [00:10<00:29,  3.82it/s][A

 28%|██▊       | 44/157 [00:11<00:29,  3.82it/s][A

 29%|██▊       | 45/157 [00:11<00:29,  3.85it/s][A

 29%|██▉       | 46/157 [00:11<00:28,  3.83it/s][A

 30%|██▉       | 47/157 [00:12<00:28,  3.83it/s][A

 31%|███       | 48/157 [00:12<00:28,  3.85it/s][A

 31%|███       | 49/157 [00:12<00:27,  3.87it/s][A

 32%|███▏      | 50/157 [00:12<00:27,  3.89it/s][A

 32%|███▏      | 51/157 [00:13<00:27,  3.90it/s][A

 33%|███▎      | 52/157 [00:13<00:27,  3.87it/s][A

 34%|███▍      | 53/157 [00:13<00:26,  3.86it/s][A

 34%|███▍      | 54/157 [00:13<00:26,  3.85it/s][A

 35%|███▌      | 55/157 [00:14<00:26,  3.84it/s][A

 36%|███▌      | 56/157 [00:14<00:26,  3.84it/s][A

 36%|███▋      | 57/157 [00:14<00:25,  3.86it/s][A

 37%|███▋      | 58/157 [00:14<00:25,  3.85it/s][A

 38%|███▊      | 59/157 [00:15<00:25,  3.85it/s][A

 38%|███▊      | 60/157 [00:15<00:25,  3.86it/s][A

 39%|███▉      | 61/157 [00:15<00:24,  3.86it/s][A

 39%|███▉      | 62/157 [00:15<00:24,  3.84it/s][A

 40%|████      | 63/157 [00:16<00:24,  3.82it/s][A

 41%|████      | 64/157 [00:16<00:24,  3.82it/s][A

 41%|████▏     | 65/157 [00:16<00:24,  3.82it/s][A

 42%|████▏     | 66/157 [00:16<00:23,  3.82it/s][A

 43%|████▎     | 67/157 [00:17<00:23,  3.82it/s][A

 43%|████▎     | 68/157 [00:17<00:23,  3.86it/s][A

 44%|████▍     | 69/157 [00:17<00:22,  3.84it/s][A

 45%|████▍     | 70/157 [00:17<00:22,  3.83it/s][A

 45%|████▌     | 71/157 [00:18<00:22,  3.83it/s][A

 46%|████▌     | 72/157 [00:18<00:22,  3.82it/s][A

 46%|████▋     | 73/157 [00:18<00:21,  3.84it/s][A

 47%|████▋     | 74/157 [00:19<00:21,  3.86it/s][A

 48%|████▊     | 75/157 [00:19<00:21,  3.88it/s][A

 48%|████▊     | 76/157 [00:19<00:20,  3.88it/s][A

 49%|████▉     | 77/157 [00:19<00:20,  3.90it/s][A

 50%|████▉     | 78/157 [00:20<00:20,  3.91it/s][A

 50%|█████     | 79/157 [00:20<00:19,  3.91it/s][A

 51%|█████     | 80/157 [00:20<00:19,  3.92it/s][A

 52%|█████▏    | 81/157 [00:20<00:19,  3.92it/s][A

 52%|█████▏    | 82/157 [00:21<00:19,  3.92it/s][A

 53%|█████▎    | 83/157 [00:21<00:18,  3.93it/s][A

 54%|█████▎    | 84/157 [00:21<00:18,  3.92it/s][A

 54%|█████▍    | 85/157 [00:21<00:18,  3.89it/s][A

 55%|█████▍    | 86/157 [00:22<00:18,  3.88it/s][A

 55%|█████▌    | 87/157 [00:22<00:17,  3.90it/s][A

 56%|█████▌    | 88/157 [00:22<00:17,  3.88it/s][A

 57%|█████▋    | 89/157 [00:22<00:17,  3.86it/s][A

 57%|█████▋    | 90/157 [00:23<00:17,  3.86it/s][A

 58%|█████▊    | 91/157 [00:23<00:17,  3.85it/s][A

 59%|█████▊    | 92/157 [00:23<00:16,  3.86it/s][A

 59%|█████▉    | 93/157 [00:23<00:16,  3.86it/s][A

 60%|█████▉    | 94/157 [00:24<00:16,  3.87it/s][A

 61%|██████    | 95/157 [00:24<00:15,  3.88it/s][A

 61%|██████    | 96/157 [00:24<00:15,  3.91it/s][A

 62%|██████▏   | 97/157 [00:24<00:15,  3.90it/s][A

 62%|██████▏   | 98/157 [00:25<00:15,  3.92it/s][A

 63%|██████▎   | 99/157 [00:25<00:14,  3.94it/s][A

 64%|██████▎   | 100/157 [00:25<00:14,  3.96it/s][A

 64%|██████▍   | 101/157 [00:25<00:14,  3.97it/s][A

 65%|██████▍   | 102/157 [00:26<00:13,  3.97it/s][A

 66%|██████▌   | 103/157 [00:26<00:13,  3.98it/s][A

 66%|██████▌   | 104/157 [00:26<00:13,  3.98it/s][A

 67%|██████▋   | 105/157 [00:26<00:12,  4.00it/s][A

 68%|██████▊   | 106/157 [00:27<00:12,  3.97it/s][A

 68%|██████▊   | 107/157 [00:27<00:12,  3.97it/s][A

 69%|██████▉   | 108/157 [00:27<00:12,  3.96it/s][A

 69%|██████▉   | 109/157 [00:27<00:12,  3.95it/s][A

 70%|███████   | 110/157 [00:28<00:11,  3.96it/s][A

 71%|███████   | 111/157 [00:28<00:11,  3.99it/s][A

 71%|███████▏  | 112/157 [00:28<00:11,  4.00it/s][A

 72%|███████▏  | 113/157 [00:28<00:10,  4.01it/s][A

 73%|███████▎  | 114/157 [00:29<00:10,  4.02it/s][A

 73%|███████▎  | 115/157 [00:29<00:10,  4.01it/s][A

 74%|███████▍  | 116/157 [00:29<00:10,  4.02it/s][A

 75%|███████▍  | 117/157 [00:29<00:09,  4.02it/s][A

 75%|███████▌  | 118/157 [00:30<00:09,  4.03it/s][A

 76%|███████▌  | 119/157 [00:30<00:09,  4.04it/s][A

 76%|███████▋  | 120/157 [00:30<00:09,  4.04it/s][A

 77%|███████▋  | 121/157 [00:30<00:08,  4.05it/s][A

 78%|███████▊  | 122/157 [00:31<00:08,  4.04it/s][A

 78%|███████▊  | 123/157 [00:31<00:08,  4.04it/s][A

 79%|███████▉  | 124/157 [00:31<00:08,  4.05it/s][A

 80%|███████▉  | 125/157 [00:31<00:07,  4.07it/s][A

 80%|████████  | 126/157 [00:32<00:07,  4.07it/s][A

 81%|████████  | 127/157 [00:32<00:07,  4.08it/s][A

 82%|████████▏ | 128/157 [00:32<00:07,  4.06it/s][A

 82%|████████▏ | 129/157 [00:32<00:06,  4.01it/s][A

 83%|████████▎ | 130/157 [00:33<00:06,  3.99it/s][A

 83%|████████▎ | 131/157 [00:33<00:06,  3.94it/s][A

 84%|████████▍ | 132/157 [00:33<00:06,  3.90it/s][A

 85%|████████▍ | 133/157 [00:33<00:06,  3.87it/s][A

 85%|████████▌ | 134/157 [00:34<00:05,  3.86it/s][A

 86%|████████▌ | 135/157 [00:34<00:05,  3.85it/s][A

 87%|████████▋ | 136/157 [00:34<00:05,  3.84it/s][A

 87%|████████▋ | 137/157 [00:34<00:05,  3.84it/s][A

 88%|████████▊ | 138/157 [00:35<00:04,  3.86it/s][A

 89%|████████▊ | 139/157 [00:35<00:04,  3.87it/s][A

 89%|████████▉ | 140/157 [00:35<00:04,  3.86it/s][A

 90%|████████▉ | 141/157 [00:36<00:04,  3.84it/s][A

 90%|█████████ | 142/157 [00:36<00:03,  3.84it/s][A

 91%|█████████ | 143/157 [00:36<00:03,  3.85it/s][A

 92%|█████████▏| 144/157 [00:36<00:03,  3.87it/s][A

 92%|█████████▏| 145/157 [00:37<00:03,  3.87it/s][A

 93%|█████████▎| 146/157 [00:37<00:02,  3.86it/s][A

 94%|█████████▎| 147/157 [00:37<00:02,  3.85it/s][A

 94%|█████████▍| 148/157 [00:37<00:02,  3.84it/s][A

 95%|█████████▍| 149/157 [00:38<00:02,  3.84it/s][A

 96%|█████████▌| 150/157 [00:38<00:01,  3.83it/s][A

 96%|█████████▌| 151/157 [00:38<00:01,  3.84it/s][A

 97%|█████████▋| 152/157 [00:38<00:01,  3.84it/s][A

 97%|█████████▋| 153/157 [00:39<00:01,  3.85it/s][A

 98%|█████████▊| 154/157 [00:39<00:00,  3.85it/s][A

 99%|█████████▊| 155/157 [00:39<00:00,  3.84it/s][A

 99%|█████████▉| 156/157 [00:39<00:00,  3.84it/s][A

100%|██████████| 157/157 [00:40<00:00,  4.12it/s][A
                                                      

                                                 
[A{'eval_loss': 4.941832065582275, 'eval_runtime': 40.5286, 'eval_samples_per_second': 123.37, 'eval_steps_per_second': 3.874, 'epoch': 0.01}

  1%|▏         | 800/60627 [15:40<12:28:47,  1.33it/s]

100%|██████████| 157/157 [00:40<00:00,  4.12it/s][A

                                                 [ATraining stopped after 943.42 seconds

  1%|▏         | 801/60627 [15:43<226:41:26, 13.64s/it]
                                                       
{'loss': 4.1061, 'grad_norm': 0.5546875, 'learning_rate': 0.0005925714380045231, 'epoch': 0.01}

  1%|▏         | 801/60627 [15:43<226:41:26, 13.64s/it]

  0%|          | 0/157 [00:00<?, ?it/s][A

  1%|▏         | 2/157 [00:00<00:20,  7.64it/s][A

  2%|▏         | 3/157 [00:00<00:28,  5.39it/s][A

  3%|▎         | 4/157 [00:00<00:32,  4.68it/s][A

  3%|▎         | 5/157 [00:01<00:35,  4.34it/s][A

  4%|▍         | 6/157 [00:01<00:36,  4.16it/s][A

  4%|▍         | 7/157 [00:01<00:36,  4.07it/s][A

  5%|▌         | 8/157 [00:01<00:37,  4.00it/s][A

  6%|▌         | 9/157 [00:02<00:37,  3.96it/s][A

  6%|▋         | 10/157 [00:02<00:37,  3.92it/s][A

  7%|▋         | 11/157 [00:02<00:37,  3.88it/s][A

  8%|▊         | 12/157 [00:02<00:37,  3.86it/s][A

  8%|▊         | 13/157 [00:03<00:37,  3.85it/s][A

  9%|▉         | 14/157 [00:03<00:36,  3.87it/s][A

 10%|▉         | 15/157 [00:03<00:36,  3.85it/s][A

 10%|█         | 16/157 [00:03<00:36,  3.84it/s][A

 11%|█         | 17/157 [00:04<00:36,  3.84it/s][A

 11%|█▏        | 18/157 [00:04<00:36,  3.83it/s][A

 12%|█▏        | 19/157 [00:04<00:36,  3.82it/s][A

 13%|█▎        | 20/157 [00:04<00:35,  3.85it/s][A

 13%|█▎        | 21/157 [00:05<00:35,  3.84it/s][A

 14%|█▍        | 22/157 [00:05<00:35,  3.83it/s][A

 15%|█▍        | 23/157 [00:05<00:34,  3.83it/s][A

 15%|█▌        | 24/157 [00:05<00:34,  3.84it/s][A

 16%|█▌        | 25/157 [00:06<00:34,  3.83it/s][A

 17%|█▋        | 26/157 [00:06<00:34,  3.84it/s][A

 17%|█▋        | 27/157 [00:06<00:33,  3.83it/s][A

 18%|█▊        | 28/157 [00:07<00:33,  3.83it/s][A

 18%|█▊        | 29/157 [00:07<00:33,  3.82it/s][A

 19%|█▉        | 30/157 [00:07<00:33,  3.82it/s][A

 20%|█▉        | 31/157 [00:07<00:32,  3.83it/s][A

 20%|██        | 32/157 [00:08<00:32,  3.83it/s][A

 21%|██        | 33/157 [00:08<00:32,  3.83it/s][A

 22%|██▏       | 34/157 [00:08<00:32,  3.83it/s][A

 22%|██▏       | 35/157 [00:08<00:31,  3.81it/s][A

 23%|██▎       | 36/157 [00:09<00:31,  3.81it/s][A

 24%|██▎       | 37/157 [00:09<00:31,  3.82it/s][A

 24%|██▍       | 38/157 [00:09<00:31,  3.81it/s][A

 25%|██▍       | 39/157 [00:09<00:31,  3.81it/s][A

 25%|██▌       | 40/157 [00:10<00:30,  3.82it/s][A

 26%|██▌       | 41/157 [00:10<00:30,  3.83it/s][A

 27%|██▋       | 42/157 [00:10<00:30,  3.82it/s][A

 27%|██▋       | 43/157 [00:10<00:29,  3.82it/s][A

 28%|██▊       | 44/157 [00:11<00:29,  3.82it/s][A

 29%|██▊       | 45/157 [00:11<00:29,  3.85it/s][A

 29%|██▉       | 46/157 [00:11<00:28,  3.84it/s][A

 30%|██▉       | 47/157 [00:12<00:28,  3.83it/s][A

 31%|███       | 48/157 [00:12<00:28,  3.86it/s][A

 31%|███       | 49/157 [00:12<00:27,  3.89it/s][A

 32%|███▏      | 50/157 [00:12<00:27,  3.90it/s][A

 32%|███▏      | 51/157 [00:13<00:27,  3.91it/s][A

 33%|███▎      | 52/157 [00:13<00:27,  3.88it/s][A

 34%|███▍      | 53/157 [00:13<00:26,  3.85it/s][A

 34%|███▍      | 54/157 [00:13<00:26,  3.84it/s][A

 35%|███▌      | 55/157 [00:14<00:26,  3.84it/s][A

 36%|███▌      | 56/157 [00:14<00:26,  3.84it/s][A

 36%|███▋      | 57/157 [00:14<00:25,  3.86it/s][A

 37%|███▋      | 58/157 [00:14<00:25,  3.86it/s][A

 38%|███▊      | 59/157 [00:15<00:25,  3.85it/s][A

 38%|███▊      | 60/157 [00:15<00:25,  3.86it/s][A

 39%|███▉      | 61/157 [00:15<00:24,  3.86it/s][A

 39%|███▉      | 62/157 [00:15<00:24,  3.85it/s][A

 40%|████      | 63/157 [00:16<00:24,  3.84it/s][A

 41%|████      | 64/157 [00:16<00:24,  3.84it/s][A

 41%|████▏     | 65/157 [00:16<00:23,  3.84it/s][A

 42%|████▏     | 66/157 [00:16<00:23,  3.84it/s][A

 43%|████▎     | 67/157 [00:17<00:23,  3.83it/s][A

 43%|████▎     | 68/157 [00:17<00:23,  3.86it/s][A

 44%|████▍     | 69/157 [00:17<00:22,  3.84it/s][A

 45%|████▍     | 70/157 [00:17<00:22,  3.83it/s][A

 45%|████▌     | 71/157 [00:18<00:22,  3.83it/s][A

 46%|████▌     | 72/157 [00:18<00:22,  3.83it/s][A

 46%|████▋     | 73/157 [00:18<00:21,  3.84it/s][A

 47%|████▋     | 74/157 [00:19<00:21,  3.87it/s][A

 48%|████▊     | 75/157 [00:19<00:21,  3.89it/s][A

 48%|████▊     | 76/157 [00:19<00:20,  3.89it/s][A

 49%|████▉     | 77/157 [00:19<00:20,  3.91it/s][A

 50%|████▉     | 78/157 [00:20<00:20,  3.91it/s][A

 50%|█████     | 79/157 [00:20<00:19,  3.92it/s][A

 51%|█████     | 80/157 [00:20<00:19,  3.92it/s][A

 52%|█████▏    | 81/157 [00:20<00:19,  3.92it/s][A

 52%|█████▏    | 82/157 [00:21<00:19,  3.93it/s][A

 53%|█████▎    | 83/157 [00:21<00:18,  3.93it/s][A

 54%|█████▎    | 84/157 [00:21<00:18,  3.93it/s][A

 54%|█████▍    | 85/157 [00:21<00:18,  3.89it/s][A

 55%|█████▍    | 86/157 [00:22<00:18,  3.88it/s][A

 55%|█████▌    | 87/157 [00:22<00:17,  3.90it/s][A

 56%|█████▌    | 88/157 [00:22<00:17,  3.89it/s][A

 57%|█████▋    | 89/157 [00:22<00:17,  3.87it/s][A

 57%|█████▋    | 90/157 [00:23<00:17,  3.86it/s][A

 58%|█████▊    | 91/157 [00:23<00:17,  3.86it/s][A

 59%|█████▊    | 92/157 [00:23<00:16,  3.85it/s][A

 59%|█████▉    | 93/157 [00:23<00:16,  3.86it/s][A

 60%|█████▉    | 94/157 [00:24<00:16,  3.86it/s][A

 61%|██████    | 95/157 [00:24<00:15,  3.89it/s][A

 61%|██████    | 96/157 [00:24<00:15,  3.91it/s][A

 62%|██████▏   | 97/157 [00:24<00:15,  3.92it/s][A

 62%|██████▏   | 98/157 [00:25<00:15,  3.93it/s][A

 63%|██████▎   | 99/157 [00:25<00:14,  3.95it/s][A

 64%|██████▎   | 100/157 [00:25<00:14,  3.97it/s][A

 64%|██████▍   | 101/157 [00:25<00:14,  3.97it/s][A

 65%|██████▍   | 102/157 [00:26<00:13,  3.97it/s][A

 66%|██████▌   | 103/157 [00:26<00:13,  3.98it/s][A

 66%|██████▌   | 104/157 [00:26<00:13,  3.99it/s][A

 67%|██████▋   | 105/157 [00:26<00:12,  4.01it/s][A

 68%|██████▊   | 106/157 [00:27<00:12,  3.98it/s][A

 68%|██████▊   | 107/157 [00:27<00:12,  3.97it/s][A

 69%|██████▉   | 108/157 [00:27<00:12,  3.96it/s][A

 69%|██████▉   | 109/157 [00:27<00:12,  3.95it/s][A

 70%|███████   | 110/157 [00:28<00:11,  3.96it/s][A

 71%|███████   | 111/157 [00:28<00:11,  3.99it/s][A

 71%|███████▏  | 112/157 [00:28<00:11,  4.00it/s][A

 72%|███████▏  | 113/157 [00:28<00:10,  4.01it/s][A

 73%|███████▎  | 114/157 [00:29<00:10,  4.03it/s][A

 73%|███████▎  | 115/157 [00:29<00:10,  4.02it/s][A

 74%|███████▍  | 116/157 [00:29<00:10,  4.02it/s][A

 75%|███████▍  | 117/157 [00:29<00:09,  4.02it/s][A

 75%|███████▌  | 118/157 [00:30<00:09,  4.03it/s][A

 76%|███████▌  | 119/157 [00:30<00:09,  4.04it/s][A

 76%|███████▋  | 120/157 [00:30<00:09,  4.05it/s][A

 77%|███████▋  | 121/157 [00:30<00:08,  4.05it/s][A

 78%|███████▊  | 122/157 [00:31<00:08,  4.05it/s][A

 78%|███████▊  | 123/157 [00:31<00:08,  4.06it/s][A

 79%|███████▉  | 124/157 [00:31<00:08,  4.06it/s][A

 80%|███████▉  | 125/157 [00:31<00:07,  4.07it/s][A

 80%|████████  | 126/157 [00:32<00:07,  4.08it/s][A

 81%|████████  | 127/157 [00:32<00:07,  4.08it/s][A

 82%|████████▏ | 128/157 [00:32<00:07,  4.06it/s][A

 82%|████████▏ | 129/157 [00:32<00:06,  4.02it/s][A

 83%|████████▎ | 130/157 [00:33<00:06,  3.99it/s][A

 83%|████████▎ | 131/157 [00:33<00:06,  3.94it/s][A

 84%|████████▍ | 132/157 [00:33<00:06,  3.89it/s][A

 85%|████████▍ | 133/157 [00:33<00:06,  3.87it/s][A

 85%|████████▌ | 134/157 [00:34<00:05,  3.86it/s][A

 86%|████████▌ | 135/157 [00:34<00:05,  3.85it/s][A

 87%|████████▋ | 136/157 [00:34<00:05,  3.84it/s][A

 87%|████████▋ | 137/157 [00:34<00:05,  3.85it/s][A

 88%|████████▊ | 138/157 [00:35<00:04,  3.86it/s][A

 89%|████████▊ | 139/157 [00:35<00:04,  3.88it/s][A

 89%|████████▉ | 140/157 [00:35<00:04,  3.86it/s][A

 90%|████████▉ | 141/157 [00:35<00:04,  3.85it/s][A

 90%|█████████ | 142/157 [00:36<00:03,  3.85it/s][A

 91%|█████████ | 143/157 [00:36<00:03,  3.86it/s][A

 92%|█████████▏| 144/157 [00:36<00:03,  3.88it/s][A

 92%|█████████▏| 145/157 [00:37<00:03,  3.87it/s][A

 93%|█████████▎| 146/157 [00:37<00:02,  3.86it/s][A

 94%|█████████▎| 147/157 [00:37<00:02,  3.85it/s][A

 94%|█████████▍| 148/157 [00:37<00:02,  3.84it/s][A

 95%|█████████▍| 149/157 [00:38<00:02,  3.84it/s][A

 96%|█████████▌| 150/157 [00:38<00:01,  3.83it/s][A

 96%|█████████▌| 151/157 [00:38<00:01,  3.84it/s][A

 97%|█████████▋| 152/157 [00:38<00:01,  3.85it/s][A

 97%|█████████▋| 153/157 [00:39<00:01,  3.85it/s][A

 98%|█████████▊| 154/157 [00:39<00:00,  3.85it/s][A

 99%|█████████▊| 155/157 [00:39<00:00,  3.85it/s][A

 99%|█████████▉| 156/157 [00:39<00:00,  3.84it/s][A

100%|██████████| 157/157 [00:40<00:00,  4.20it/s][A{'eval_loss': 4.942385673522949, 'eval_runtime': 40.4456, 'eval_samples_per_second': 123.623, 'eval_steps_per_second': 3.882, 'epoch': 0.01}

                                                       

                                                 
[A
  1%|▏         | 801/60627 [16:23<226:41:26, 13.64s/it]

100%|██████████| 157/157 [00:40<00:00,  4.20it/s][A

                                                 [A{'train_runtime': 986.8771, 'train_samples_per_second': 1965.861, 'train_steps_per_second': 61.433, 'train_loss': 5.391158164961359, 'epoch': 0.01}

                                                       

  1%|▏         | 801/60627 [16:26<226:41:26, 13.64s/it]
  1%|▏         | 801/60627 [16:27<20:28:45,  1.23s/it] 
Running final evaluation on the test split...

  0%|          | 0/157 [00:00<?, ?it/s]
  1%|▏         | 2/157 [00:00<00:20,  7.68it/s]
  2%|▏         | 3/157 [00:00<00:28,  5.43it/s]
  3%|▎         | 4/157 [00:00<00:32,  4.71it/s]
  3%|▎         | 5/157 [00:01<00:34,  4.36it/s]
  4%|▍         | 6/157 [00:01<00:36,  4.17it/s]
  4%|▍         | 7/157 [00:01<00:36,  4.07it/s]
  5%|▌         | 8/157 [00:01<00:37,  4.02it/s]
  6%|▌         | 9/157 [00:02<00:37,  3.97it/s]
  6%|▋         | 10/157 [00:02<00:37,  3.93it/s]
  7%|▋         | 11/157 [00:02<00:37,  3.90it/s]
  8%|▊         | 12/157 [00:02<00:37,  3.88it/s]
  8%|▊         | 13/157 [00:03<00:37,  3.86it/s]
  9%|▉         | 14/157 [00:03<00:36,  3.88it/s]
 10%|▉         | 15/157 [00:03<00:36,  3.86it/s]
 10%|█         | 16/157 [00:03<00:36,  3.85it/s]
 11%|█         | 17/157 [00:04<00:36,  3.85it/s]
 11%|█▏        | 18/157 [00:04<00:36,  3.84it/s]
 12%|█▏        | 19/157 [00:04<00:35,  3.83it/s]
 13%|█▎        | 20/157 [00:04<00:35,  3.87it/s]
 13%|█▎        | 21/157 [00:05<00:35,  3.85it/s]
 14%|█▍        | 22/157 [00:05<00:35,  3.85it/s]
 15%|█▍        | 23/157 [00:05<00:34,  3.86it/s]
 15%|█▌        | 24/157 [00:05<00:34,  3.86it/s]
 16%|█▌        | 25/157 [00:06<00:34,  3.85it/s]
 17%|█▋        | 26/157 [00:06<00:34,  3.85it/s]
 17%|█▋        | 27/157 [00:06<00:33,  3.84it/s]
 18%|█▊        | 28/157 [00:07<00:33,  3.83it/s]
 18%|█▊        | 29/157 [00:07<00:33,  3.83it/s]
 19%|█▉        | 30/157 [00:07<00:33,  3.84it/s]
 20%|█▉        | 31/157 [00:07<00:32,  3.84it/s]
 20%|██        | 32/157 [00:08<00:32,  3.84it/s]
 21%|██        | 33/157 [00:08<00:32,  3.83it/s]
 22%|██▏       | 34/157 [00:08<00:32,  3.84it/s]
 22%|██▏       | 35/157 [00:08<00:31,  3.83it/s]
 23%|██▎       | 36/157 [00:09<00:31,  3.83it/s]
 24%|██▎       | 37/157 [00:09<00:31,  3.82it/s]
 24%|██▍       | 38/157 [00:09<00:31,  3.82it/s]
 25%|██▍       | 39/157 [00:09<00:30,  3.82it/s]
 25%|██▌       | 40/157 [00:10<00:30,  3.82it/s]
 26%|██▌       | 41/157 [00:10<00:30,  3.82it/s]
 27%|██▋       | 42/157 [00:10<00:30,  3.82it/s]
 27%|██▋       | 43/157 [00:10<00:29,  3.82it/s]
 28%|██▊       | 44/157 [00:11<00:29,  3.82it/s]
 29%|██▊       | 45/157 [00:11<00:29,  3.85it/s]
 29%|██▉       | 46/157 [00:11<00:28,  3.84it/s]
 30%|██▉       | 47/157 [00:11<00:28,  3.84it/s]
 31%|███       | 48/157 [00:12<00:28,  3.87it/s]
 31%|███       | 49/157 [00:12<00:27,  3.89it/s]
 32%|███▏      | 50/157 [00:12<00:27,  3.90it/s]
 32%|███▏      | 51/157 [00:12<00:27,  3.91it/s]
 33%|███▎      | 52/157 [00:13<00:27,  3.89it/s]
 34%|███▍      | 53/157 [00:13<00:26,  3.87it/s]
 34%|███▍      | 54/157 [00:13<00:26,  3.86it/s]
 35%|███▌      | 55/157 [00:14<00:26,  3.85it/s]
 36%|███▌      | 56/157 [00:14<00:26,  3.85it/s]
 36%|███▋      | 57/157 [00:14<00:25,  3.86it/s]
 37%|███▋      | 58/157 [00:14<00:25,  3.86it/s]
 38%|███▊      | 59/157 [00:15<00:25,  3.86it/s]
 38%|███▊      | 60/157 [00:15<00:25,  3.86it/s]
 39%|███▉      | 61/157 [00:15<00:24,  3.86it/s]
 39%|███▉      | 62/157 [00:15<00:24,  3.85it/s]
 40%|████      | 63/157 [00:16<00:24,  3.84it/s]
 41%|████      | 64/157 [00:16<00:24,  3.85it/s]
 41%|████▏     | 65/157 [00:16<00:23,  3.84it/s]
 42%|████▏     | 66/157 [00:16<00:23,  3.85it/s]
 43%|████▎     | 67/157 [00:17<00:23,  3.84it/s]
 43%|████▎     | 68/157 [00:17<00:23,  3.87it/s]
 44%|████▍     | 69/157 [00:17<00:22,  3.85it/s]
 45%|████▍     | 70/157 [00:17<00:22,  3.84it/s]
 45%|████▌     | 71/157 [00:18<00:22,  3.83it/s]
 46%|████▌     | 72/157 [00:18<00:22,  3.83it/s]
 46%|████▋     | 73/157 [00:18<00:21,  3.85it/s]
 47%|████▋     | 74/157 [00:18<00:21,  3.88it/s]
 48%|████▊     | 75/157 [00:19<00:21,  3.90it/s]
 48%|████▊     | 76/157 [00:19<00:20,  3.90it/s]
 49%|████▉     | 77/157 [00:19<00:20,  3.91it/s]
 50%|████▉     | 78/157 [00:19<00:20,  3.92it/s]
 50%|█████     | 79/157 [00:20<00:19,  3.92it/s]
 51%|█████     | 80/157 [00:20<00:19,  3.92it/s]
 52%|█████▏    | 81/157 [00:20<00:19,  3.92it/s]
 52%|█████▏    | 82/157 [00:20<00:19,  3.93it/s]
 53%|█████▎    | 83/157 [00:21<00:18,  3.94it/s]
 54%|█████▎    | 84/157 [00:21<00:18,  3.94it/s]
 54%|█████▍    | 85/157 [00:21<00:18,  3.89it/s]
 55%|█████▍    | 86/157 [00:22<00:18,  3.88it/s]
 55%|█████▌    | 87/157 [00:22<00:17,  3.90it/s]
 56%|█████▌    | 88/157 [00:22<00:17,  3.89it/s]
 57%|█████▋    | 89/157 [00:22<00:17,  3.87it/s]
 57%|█████▋    | 90/157 [00:23<00:17,  3.86it/s]
 58%|█████▊    | 91/157 [00:23<00:17,  3.86it/s]
 59%|█████▊    | 92/157 [00:23<00:16,  3.86it/s]
 59%|█████▉    | 93/157 [00:23<00:16,  3.87it/s]
 60%|█████▉    | 94/157 [00:24<00:16,  3.87it/s]
 61%|██████    | 95/157 [00:24<00:15,  3.89it/s]
 61%|██████    | 96/157 [00:24<00:15,  3.92it/s]
 62%|██████▏   | 97/157 [00:24<00:15,  3.91it/s]
 62%|██████▏   | 98/157 [00:25<00:15,  3.93it/s]
 63%|██████▎   | 99/157 [00:25<00:14,  3.95it/s]
 64%|██████▎   | 100/157 [00:25<00:14,  3.98it/s]
 64%|██████▍   | 101/157 [00:25<00:14,  3.98it/s]
 65%|██████▍   | 102/157 [00:26<00:13,  3.98it/s]
 66%|██████▌   | 103/157 [00:26<00:13,  4.00it/s]
 66%|██████▌   | 104/157 [00:26<00:13,  4.00it/s]
 67%|██████▋   | 105/157 [00:26<00:12,  4.01it/s]
 68%|██████▊   | 106/157 [00:27<00:12,  3.99it/s]
 68%|██████▊   | 107/157 [00:27<00:12,  3.98it/s]
 69%|██████▉   | 108/157 [00:27<00:12,  3.97it/s]
 69%|██████▉   | 109/157 [00:27<00:12,  3.95it/s]
 70%|███████   | 110/157 [00:28<00:11,  3.97it/s]
 71%|███████   | 111/157 [00:28<00:11,  3.99it/s]
 71%|███████▏  | 112/157 [00:28<00:11,  4.00it/s]
 72%|███████▏  | 113/157 [00:28<00:10,  4.02it/s]
 73%|███████▎  | 114/157 [00:29<00:10,  4.02it/s]
 73%|███████▎  | 115/157 [00:29<00:10,  4.02it/s]
 74%|███████▍  | 116/157 [00:29<00:10,  4.02it/s]
 75%|███████▍  | 117/157 [00:29<00:09,  4.03it/s]
 75%|███████▌  | 118/157 [00:30<00:09,  4.04it/s]
 76%|███████▌  | 119/157 [00:30<00:09,  4.04it/s]
 76%|███████▋  | 120/157 [00:30<00:09,  4.05it/s]
 77%|███████▋  | 121/157 [00:30<00:08,  4.06it/s]
 78%|███████▊  | 122/157 [00:31<00:08,  4.05it/s]
 78%|███████▊  | 123/157 [00:31<00:08,  4.05it/s]
 79%|███████▉  | 124/157 [00:31<00:08,  4.05it/s]
 80%|███████▉  | 125/157 [00:31<00:07,  4.07it/s]
 80%|████████  | 126/157 [00:32<00:07,  4.08it/s]
 81%|████████  | 127/157 [00:32<00:07,  4.08it/s]
 82%|████████▏ | 128/157 [00:32<00:07,  4.06it/s]
 82%|████████▏ | 129/157 [00:32<00:06,  4.02it/s]
 83%|████████▎ | 130/157 [00:33<00:06,  3.99it/s]
 83%|████████▎ | 131/157 [00:33<00:06,  3.95it/s]
 84%|████████▍ | 132/157 [00:33<00:06,  3.90it/s]
 85%|████████▍ | 133/157 [00:33<00:06,  3.88it/s]
 85%|████████▌ | 134/157 [00:34<00:05,  3.87it/s]
 86%|████████▌ | 135/157 [00:34<00:05,  3.86it/s]
 87%|████████▋ | 136/157 [00:34<00:05,  3.86it/s]
 87%|████████▋ | 137/157 [00:34<00:05,  3.86it/s]
 88%|████████▊ | 138/157 [00:35<00:04,  3.88it/s]
 89%|████████▊ | 139/157 [00:35<00:04,  3.88it/s]
 89%|████████▉ | 140/157 [00:35<00:04,  3.87it/s]
 90%|████████▉ | 141/157 [00:35<00:04,  3.85it/s]
 90%|█████████ | 142/157 [00:36<00:03,  3.85it/s]
 91%|█████████ | 143/157 [00:36<00:03,  3.86it/s]
 92%|█████████▏| 144/157 [00:36<00:03,  3.88it/s]
 92%|█████████▏| 145/157 [00:36<00:03,  3.87it/s]
 93%|█████████▎| 146/157 [00:37<00:02,  3.86it/s]
 94%|█████████▎| 147/157 [00:37<00:02,  3.85it/s]
 94%|█████████▍| 148/157 [00:37<00:02,  3.84it/s]
 95%|█████████▍| 149/157 [00:38<00:02,  3.84it/s]
 96%|█████████▌| 150/157 [00:38<00:01,  3.84it/s]
 96%|█████████▌| 151/157 [00:38<00:01,  3.84it/s]
 97%|█████████▋| 152/157 [00:38<00:01,  3.85it/s]
 97%|█████████▋| 153/157 [00:39<00:01,  3.86it/s]
 98%|█████████▊| 154/157 [00:39<00:00,  3.85it/s]
 99%|█████████▊| 155/157 [00:39<00:00,  3.84it/s]
 99%|█████████▉| 156/157 [00:39<00:00,  3.83it/s]
100%|██████████| 157/157 [00:40<00:00,  4.22it/s]
100%|██████████| 157/157 [00:40<00:00,  3.92it/s]
Final evaluation results: {'eval_loss': 4.941832065582275, 'eval_runtime': 40.3532, 'eval_samples_per_second': 123.906, 'eval_steps_per_second': 3.891, 'epoch': 0.013211935276362018}
Final Eval Loss: 4.9418 | Perplexity: 140.03
Train 583.0s, eval 404.3s (41.0% of the loop), optimizer steps 801, microbatches 1602, tokens seen 13123584
Saved comparison plot to artifacts/comparison.svg
Saved experiment artifacts to artifacts/scheduler_linear
Prompt: Тильзитский мир - 
Completion:  —  топоним:

 Учёт — деревня в Рудийском районе Тверской области.
 Фудоже — деревня в Твериском районе Омской области.
 Тун — посёлок в Верхне-2ском районе Воронежской области.
 Тазинский — посёлок в Сусаловском районе Витебской области.
 Касимов — деревня в составе Заозерского сельсовета.
 Браслав — деревня в Заборском районе Тверской области.
 Кыбаков — деревня в Некрасовском районе Московской области.
 Тавкин — деревня в Бузинском районе Смоленской области.
 Касимов — деревня
Prompt: Деревня Сно - 
Completion:  район — муниципальное образование в составе Новоудорожского сельского поселения в составе Новоукраинского муниципального района Удмуртской Республики Беларусь.

Административное устройство 
В рамках административно-территориального устройства относится к Новоусаровский сельский округ.

География 
Деревня расположена на правом берегу реки Ик, в 4 км от автодороги, на расстоянии примерно 7 километров (по прямой) к северу от города города Кызы, административного центра района.

Климат 
Климат характеризуется как умеренно континентальный, с умеренно холодной снежной зимой и тёплым летом. Среднегод
Prompt: 14 восьмитысячников - 
Completion: , в то время как  —.

В то время на то, после чего он был утвержден в распоряжении, как его был похоронен на кладбище в Берлине.

В 1867 году он был рукоположён в сан; его не было его, что она была в ней он был переведён в Москву. В 1933 году был одним из основателей Ассоциации, а в 1919 году, в ходе его был удостоен почетного звания, с 1911 года — в звании ординарного профессора, в 1925 году — в звании генерал-майора, в 1920 году — в Вашингтоне. В 1980 году был переведён на должность помощника инспектора Академии художествознания
Prompt: Евразийство становится - 
Completion:  «B».

В 1994 году, когда в 1979 году, когда она получила название, а в 1970 году она была открыта под названием Hoan. В 2014 году она была открыта станция, а затем, в 2007 году была открыта станция метро для проведения компании.

В 2004 году компания выпустила статус:

В 2004 году компания выпустила новый офис компании Mydronow.

В 2015 году, в 2004 году было принято решение обелиск.

В 2007 году на WTA была выпущена для Java-Stud в 2003 году.

В 2013 году компания была разработана новый статус компании на продажу M
Saved generations to artifacts/scheduler_linear
Removed weights ./output_dir/scheduler_linear/checkpoint-800
